Using pre-set license
Built from 'HEAD' branch; Version is '2021.3.15f1c1 (080beb55ecda) revision 527339'; Using compiler version '192829333'; Build Type 'Release'
OS: 'Windows 11  (10.0.22631) 64bit Professional' Language: 'zh' Physical Memory: 65345 MB
BatchMode: 1, IsHumanControllingUs: 0, StartBugReporterOnCrash: 0, Is64bit: 1, IsPro: 1

COMMAND LINE ARGUMENTS:
C:\Program Files\Unity\Hub\Editor\2021.3.15f1c1\Editor\Unity.exe
-adb2
-batchMode
-noUpm
-name
AssetImportWorker0
-projectPath
F:/UnityProject/Own/Assess
-logFile
Logs/AssetImportWorker0.log
-srvPort
59528
Successfully changed project path to: F:/UnityProject/Own/Assess
F:/UnityProject/Own/Assess
[UnityMemory] Configuration Parameters - Can be set up in boot.config
    "memorysetup-bucket-allocator-granularity=16"
    "memorysetup-bucket-allocator-bucket-count=8"
    "memorysetup-bucket-allocator-block-size=33554432"
    "memorysetup-bucket-allocator-block-count=8"
    "memorysetup-main-allocator-block-size=16777216"
    "memorysetup-thread-allocator-block-size=16777216"
    "memorysetup-gfx-main-allocator-block-size=16777216"
    "memorysetup-gfx-thread-allocator-block-size=16777216"
    "memorysetup-cache-allocator-block-size=4194304"
    "memorysetup-typetree-allocator-block-size=2097152"
    "memorysetup-profiler-bucket-allocator-granularity=16"
    "memorysetup-profiler-bucket-allocator-bucket-count=8"
    "memorysetup-profiler-bucket-allocator-block-size=33554432"
    "memorysetup-profiler-bucket-allocator-block-count=8"
    "memorysetup-profiler-allocator-block-size=16777216"
    "memorysetup-profiler-editor-allocator-block-size=1048576"
    "memorysetup-temp-allocator-size-main=16777216"
    "memorysetup-job-temp-allocator-block-size=2097152"
    "memorysetup-job-temp-allocator-block-size-background=1048576"
    "memorysetup-job-temp-allocator-reduction-small-platforms=262144"
    "memorysetup-temp-allocator-size-background-worker=32768"
    "memorysetup-temp-allocator-size-job-worker=262144"
    "memorysetup-temp-allocator-size-preload-manager=33554432"
    "memorysetup-temp-allocator-size-nav-mesh-worker=65536"
    "memorysetup-temp-allocator-size-audio-worker=65536"
    "memorysetup-temp-allocator-size-cloud-worker=32768"
    "memorysetup-temp-allocator-size-gi-baking-worker=262144"
    "memorysetup-temp-allocator-size-gfx=262144"
Player connection [42748] Host "[IP] 192.168.110.106 [Port] 0 [Flags] 2 [Guid] 779100856 [EditorId] 779100856 [Version] 1048832 [Id] WindowsEditor(7,LocalUser) [Debug] 1 [PackageName] WindowsEditor [ProjectName] Editor" joined multi-casting on [225.0.0.222:54997]...

Player connection [42748] Host "[IP] 192.168.110.106 [Port] 0 [Flags] 2 [Guid] 779100856 [EditorId] 779100856 [Version] 1048832 [Id] WindowsEditor(7,LocalUser) [Debug] 1 [PackageName] WindowsEditor [ProjectName] Editor" joined alternative multi-casting on [225.0.0.222:34997]...

AS: AutoStreaming module initializing.
Refreshing native plugins compatible for Editor in 54.05 ms, found 3 plugins.
Preloading 0 native plugins for Editor in 0.00 ms.
Initialize engine version: 2021.3.15f1c1 (080beb55ecda)
[Subsystems] Discovering subsystems at path C:/Program Files/Unity/Hub/Editor/2021.3.15f1c1/Editor/Data/Resources/UnitySubsystems
[Subsystems] Discovering subsystems at path F:/UnityProject/Own/Assess/Assets
GfxDevice: creating device client; threaded=0; jobified=0
Direct3D:
    Version:  Direct3D 11.0 [level 11.1]
    Renderer: NVIDIA GeForce GTX 1070 (ID=0x1b81)
    Vendor:   NVIDIA
    VRAM:     8067 MB
    Driver:   32.0.15.6094
Initialize mono
Mono path[0] = 'C:/Program Files/Unity/Hub/Editor/2021.3.15f1c1/Editor/Data/Managed'
Mono path[1] = 'C:/Program Files/Unity/Hub/Editor/2021.3.15f1c1/Editor/Data/MonoBleedingEdge/lib/mono/unityjit-win32'
Mono config path = 'C:/Program Files/Unity/Hub/Editor/2021.3.15f1c1/Editor/Data/MonoBleedingEdge/etc'
Using monoOptions --debugger-agent=transport=dt_socket,embedding=1,server=y,suspend=n,address=127.0.0.1:56868
Begin MonoManager ReloadAssembly
Registering precompiled unity dll's ...
Register platform support module: C:/Program Files/Unity/Hub/Editor/2021.3.15f1c1/Editor/Data/PlaybackEngines/WebGLSupport/UnityEditor.WebGL.Extensions.dll
Register platform support module: C:/Program Files/Unity/Hub/Editor/2021.3.15f1c1/Editor/Data/PlaybackEngines/AndroidPlayer/UnityEditor.Android.Extensions.dll
Register platform support module: C:/Program Files/Unity/Hub/Editor/2021.3.15f1c1/Editor/Data/PlaybackEngines/WindowsStandaloneSupport/UnityEditor.WindowsStandalone.Extensions.dll
Registered in 0.005389 seconds.
Native extension for WindowsStandalone target not found
Native extension for Android target not found
Native extension for WebGL target not found
Refreshing native plugins compatible for Editor in 46.81 ms, found 3 plugins.
Preloading 0 native plugins for Editor in 0.00 ms.
Mono: successfully reloaded assembly
- Completed reload, in  0.414 seconds
Domain Reload Profiling:
	ReloadAssembly (415ms)
		BeginReloadAssembly (62ms)
			ExecutionOrderSort (0ms)
			DisableScriptedObjects (0ms)
			BackupInstance (0ms)
			ReleaseScriptingObjects (0ms)
			CreateAndSetChildDomain (1ms)
		EndReloadAssembly (272ms)
			LoadAssemblies (52ms)
			RebuildTransferFunctionScriptingTraits (0ms)
			SetupTypeCache (56ms)
			ReleaseScriptCaches (0ms)
			RebuildScriptCaches (16ms)
			SetupLoadedEditorAssemblies (162ms)
				LogAssemblyErrors (0ms)
				InitializePlatformSupportModulesInManaged (37ms)
				SetLoadedEditorAssemblies (1ms)
				RefreshPlugins (47ms)
				BeforeProcessingInitializeOnLoad (1ms)
				ProcessInitializeOnLoadAttributes (50ms)
				ProcessInitializeOnLoadMethodAttributes (26ms)
				AfterProcessingInitializeOnLoad (0ms)
				EditorAssembliesLoaded (0ms)
			ExecutionOrderSort2 (0ms)
			AwakeInstancesAfterBackupRestoration (0ms)
Platform modules already initialized, skipping
Registering precompiled user dll's ...
Registered in 0.025274 seconds.
Begin MonoManager ReloadAssembly
Symbol file LoadedFromMemory doesn't match image F:\UnityProject\Own\Assess\Library\PackageCache\com.unity.visualscripting@1.7.8\Editor\VisualScripting.Core\Dependencies\YamlDotNet\Unity.VisualScripting.YamlDotNet.dll
Symbol file LoadedFromMemory doesn't match image F:\UnityProject\Own\Assess\Library\PackageCache\com.unity.visualscripting@1.7.8\Editor\VisualScripting.Core\Dependencies\DotNetZip\Unity.VisualScripting.IonicZip.dll
Native extension for WindowsStandalone target not found
Native extension for Android target not found
Native extension for WebGL target not found
Refreshing native plugins compatible for Editor in 0.44 ms, found 3 plugins.
Preloading 0 native plugins for Editor in 0.00 ms.
Launched and connected shader compiler UnityShaderCompiler.exe after 0.05 seconds
Mono: successfully reloaded assembly
- Completed reload, in  1.116 seconds
Domain Reload Profiling:
	ReloadAssembly (1116ms)
		BeginReloadAssembly (194ms)
			ExecutionOrderSort (0ms)
			DisableScriptedObjects (3ms)
			BackupInstance (0ms)
			ReleaseScriptingObjects (0ms)
			CreateAndSetChildDomain (127ms)
		EndReloadAssembly (820ms)
			LoadAssemblies (78ms)
			RebuildTransferFunctionScriptingTraits (0ms)
			SetupTypeCache (149ms)
			ReleaseScriptCaches (0ms)
			RebuildScriptCaches (36ms)
			SetupLoadedEditorAssemblies (524ms)
				LogAssemblyErrors (0ms)
				InitializePlatformSupportModulesInManaged (14ms)
				SetLoadedEditorAssemblies (0ms)
				RefreshPlugins (0ms)
				BeforeProcessingInitializeOnLoad (55ms)
				ProcessInitializeOnLoadAttributes (245ms)
				ProcessInitializeOnLoadMethodAttributes (195ms)
				AfterProcessingInitializeOnLoad (14ms)
				EditorAssembliesLoaded (0ms)
			ExecutionOrderSort2 (0ms)
			AwakeInstancesAfterBackupRestoration (4ms)
Platform modules already initialized, skipping
========================================================================
Worker process is ready to serve import requests
Refreshing native plugins compatible for Editor in 0.41 ms, found 3 plugins.
Preloading 0 native plugins for Editor in 0.00 ms.
Unloading 4581 Unused Serialized files (Serialized files now loaded: 0)
Unloading 49 unused Assets / (72.7 MB). Loaded Objects now: 5102.
Memory consumption went from 156.7 MB to 84.0 MB.
Total: 9.955500 ms (FindLiveObjects: 0.148900 ms CreateObjectMapping: 0.053300 ms MarkObjects: 9.702400 ms  DeleteObjects: 0.050100 ms)

AssetImportParameters requested are different than current active one (requested -> active):
  custom:video-decoder-ogg-theora: a1e56fd34408186e4bbccfd4996cb3dc -> 
  custom:container-muxer-webm: aa71ff27fc2769a1b78a27578f13a17b -> 
  custom:container-demuxer-webm: 4f35f7cbe854078d1ac9338744f61a02 -> 
  custom:video-encoder-webm-vp8: eb34c28f22e8b96e1ab97ce403110664 -> 
  custom:audio-encoder-webm-vorbis: bf7c407c2cedff20999df2af8eb42d56 -> 
  custom:framework-win-MediaFoundation: 216162199b28c13a410421893ffa2e32 -> 
  custom:container-demuxer-ogg: 62fdf1f143b41e24485cea50d1cbac27 -> 
  custom:video-decoder-webm-vp8: 9c59270c3fd7afecdb556c50c9e8de78 -> 
  custom:audio-decoder-ogg-vorbis: bf7c407c2cedff20999df2af8eb42d56 -> 
========================================================================
Received Import Request.
  Time since last request: 17881.377559 seconds.
  path: Assets/GameMain/Scripts/Procedure/ProcedureMenu.cs
  artifactKey: Guid(f18b1cb5fa9307644a25f8a71513814d) Importer(815301076,1909f56bfc062723c751e8b465ee728b)
Start importing Assets/GameMain/Scripts/Procedure/ProcedureMenu.cs using Guid(f18b1cb5fa9307644a25f8a71513814d) Importer(815301076,1909f56bfc062723c751e8b465ee728b)  -> (artifact id: '79472ada3149cc1a3f739537317f8986') in 0.014037 seconds 
========================================================================
Received Import Request.
  Time since last request: 60.836113 seconds.
  path: Assets/GameMain/Scripts/Procedure/ProcedureMain.cs
  artifactKey: Guid(228e52b472c616740bc4868ba4fa47bc) Importer(815301076,1909f56bfc062723c751e8b465ee728b)
Start importing Assets/GameMain/Scripts/Procedure/ProcedureMain.cs using Guid(228e52b472c616740bc4868ba4fa47bc) Importer(815301076,1909f56bfc062723c751e8b465ee728b)  -> (artifact id: 'fd2b8ee2c247e5cfd271c78e990f559c') in 0.003411 seconds 
========================================================================
Received Import Request.
  Time since last request: 6.272650 seconds.
  path: Assets/GameMain/Scripts/Procedure/ProcedureLaunch.cs
  artifactKey: Guid(d6c3d65d0c3a2104383e82700116b3d1) Importer(815301076,1909f56bfc062723c751e8b465ee728b)
Start importing Assets/GameMain/Scripts/Procedure/ProcedureLaunch.cs using Guid(d6c3d65d0c3a2104383e82700116b3d1) Importer(815301076,1909f56bfc062723c751e8b465ee728b)  -> (artifact id: '3226fec97157839820926e8b1bf7952b') in 0.001979 seconds 
========================================================================
Received Import Request.
  Time since last request: 56.171573 seconds.
  path: Assets/GameMain/Configs/DataTableCodeTemplate.txt
  artifactKey: Guid(b59e9a408a3f52a4f98d733a6163b171) Importer(815301076,1909f56bfc062723c751e8b465ee728b)
Start importing Assets/GameMain/Configs/DataTableCodeTemplate.txt using Guid(b59e9a408a3f52a4f98d733a6163b171) Importer(815301076,1909f56bfc062723c751e8b465ee728b)  -> (artifact id: '71db93745c4f3620e7bff06479eae172') in 0.020333 seconds 
========================================================================
Received Import Request.
  Time since last request: 0.411214 seconds.
  path: Assets/GameMain/Configs/BuildSettings.xml
  artifactKey: Guid(79e65cd785b714f4f80e9a0a69af438e) Importer(815301076,1909f56bfc062723c751e8b465ee728b)
Start importing Assets/GameMain/Configs/BuildSettings.xml using Guid(79e65cd785b714f4f80e9a0a69af438e) Importer(815301076,1909f56bfc062723c751e8b465ee728b)  -> (artifact id: '3c5fdb6d66b89e33472c49c5a3306806') in 0.009906 seconds 
========================================================================
Received Import Request.
  Time since last request: 2.705393 seconds.
  path: Assets/GameMain/Configs/DebuggerSkin.guiskin
  artifactKey: Guid(a4c1cc1e6676f0e48a527bad48941f98) Importer(815301076,1909f56bfc062723c751e8b465ee728b)
Start importing Assets/GameMain/Configs/DebuggerSkin.guiskin using Guid(a4c1cc1e6676f0e48a527bad48941f98) Importer(815301076,1909f56bfc062723c751e8b465ee728b)  -> (artifact id: '17458acf30e875744b35ae56b2c6eff6') in 0.007023 seconds 
========================================================================
Received Import Request.
  Time since last request: 0.447104 seconds.
  path: Assets/GameMain/Configs/DefaultConfig.bytes
  artifactKey: Guid(7fd11dc5d29076d469d414dec2818f11) Importer(815301076,1909f56bfc062723c751e8b465ee728b)
Start importing Assets/GameMain/Configs/DefaultConfig.bytes using Guid(7fd11dc5d29076d469d414dec2818f11) Importer(815301076,1909f56bfc062723c751e8b465ee728b)  -> (artifact id: '4f44bbfeadab8ef949f6bc773ac4bd0e') in 0.003003 seconds 
========================================================================
Received Import Request.
  Time since last request: 0.919844 seconds.
  path: Assets/GameMain/Configs/DefaultConfig.txt
  artifactKey: Guid(44c8db52241385c45bbb14a1718f17bf) Importer(815301076,1909f56bfc062723c751e8b465ee728b)
Start importing Assets/GameMain/Configs/DefaultConfig.txt using Guid(44c8db52241385c45bbb14a1718f17bf) Importer(815301076,1909f56bfc062723c751e8b465ee728b)  -> (artifact id: '1942d0d429e5094b437368abc06b3422') in 0.001933 seconds 
========================================================================
Received Import Request.
  Time since last request: 2.170700 seconds.
  path: Assets/GameMain/Configs/DefaultDictionary.xml
  artifactKey: Guid(00759be143ffa5445b151c2540612e8f) Importer(815301076,1909f56bfc062723c751e8b465ee728b)
Start importing Assets/GameMain/Configs/DefaultDictionary.xml using Guid(00759be143ffa5445b151c2540612e8f) Importer(815301076,1909f56bfc062723c751e8b465ee728b)  -> (artifact id: '9a9848f528c3f06d063b091ee7732766') in 0.001848 seconds 
========================================================================
Received Import Request.
  Time since last request: 1.079711 seconds.
  path: Assets/GameMain/Configs/ResourceBuilder.xml
  artifactKey: Guid(5461b0fc87a2ab04fbcfd898d18f6107) Importer(815301076,1909f56bfc062723c751e8b465ee728b)
Start importing Assets/GameMain/Configs/ResourceBuilder.xml using Guid(5461b0fc87a2ab04fbcfd898d18f6107) Importer(815301076,1909f56bfc062723c751e8b465ee728b)  -> (artifact id: '10228d3a38494dc978eb53f8789c7456') in 0.002051 seconds 
========================================================================
Received Import Request.
  Time since last request: 0.796557 seconds.
  path: Assets/GameMain/Configs/ResourceCollection.xml
  artifactKey: Guid(b44bfac45a6cb7f448eb320ecc030a9c) Importer(815301076,1909f56bfc062723c751e8b465ee728b)
Start importing Assets/GameMain/Configs/ResourceCollection.xml using Guid(b44bfac45a6cb7f448eb320ecc030a9c) Importer(815301076,1909f56bfc062723c751e8b465ee728b)  -> (artifact id: '777afc6c8d13f5ef3243e0bf75e6dd01') in 0.001944 seconds 
========================================================================
Received Import Request.
  Time since last request: 0.479655 seconds.
  path: Assets/GameMain/Configs/ResourceEditor.xml
  artifactKey: Guid(bdb459eb89051ad49a70fba29cf6a110) Importer(815301076,1909f56bfc062723c751e8b465ee728b)
Start importing Assets/GameMain/Configs/ResourceEditor.xml using Guid(bdb459eb89051ad49a70fba29cf6a110) Importer(815301076,1909f56bfc062723c751e8b465ee728b)  -> (artifact id: 'f282aebedb09ee162508ab966f8a093a') in 0.001921 seconds 
========================================================================
Received Import Request.
  Time since last request: 4.991631 seconds.
  path: Assets/GameMain/DataTables/Sound.bytes
  artifactKey: Guid(9c3faac13c8ced84a9f3018303b7bb98) Importer(815301076,1909f56bfc062723c751e8b465ee728b)
Start importing Assets/GameMain/DataTables/Sound.bytes using Guid(9c3faac13c8ced84a9f3018303b7bb98) Importer(815301076,1909f56bfc062723c751e8b465ee728b)  -> (artifact id: 'af5da88443d53f0ef28621df8a5cd7ba') in 0.001907 seconds 
========================================================================
Received Import Request.
  Time since last request: 0.429470 seconds.
  path: Assets/GameMain/DataTables/Scene.txt
  artifactKey: Guid(a71f8bb1b1b2c51438e2bafc884cb02c) Importer(815301076,1909f56bfc062723c751e8b465ee728b)
Start importing Assets/GameMain/DataTables/Scene.txt using Guid(a71f8bb1b1b2c51438e2bafc884cb02c) Importer(815301076,1909f56bfc062723c751e8b465ee728b)  -> (artifact id: '636618d7683e885f56c907a7a4ef37b2') in 0.001968 seconds 
========================================================================
Received Import Request.
  Time since last request: 1.691600 seconds.
  path: Assets/GameMain/DataTables/UISound.bytes
  artifactKey: Guid(8e114ded6a865324588170636872943c) Importer(815301076,1909f56bfc062723c751e8b465ee728b)
Start importing Assets/GameMain/DataTables/UISound.bytes using Guid(8e114ded6a865324588170636872943c) Importer(815301076,1909f56bfc062723c751e8b465ee728b)  -> (artifact id: 'cda274b4acc76454cbfa61b6efe2f90f') in 0.001931 seconds 
========================================================================
Received Import Request.
  Time since last request: 0.573118 seconds.
  path: Assets/GameMain/DataTables/UIForm.txt
  artifactKey: Guid(352da872791696c48af3b21132e3e3c3) Importer(815301076,1909f56bfc062723c751e8b465ee728b)
Start importing Assets/GameMain/DataTables/UIForm.txt using Guid(352da872791696c48af3b21132e3e3c3) Importer(815301076,1909f56bfc062723c751e8b465ee728b)  -> (artifact id: 'fb568751773de7bff2df0f3ce86912fb') in 0.001808 seconds 
========================================================================
Received Import Request.
  Time since last request: 0.613643 seconds.
  path: Assets/GameMain/DataTables/UIForm.bytes
  artifactKey: Guid(a33e23ae848110243820cda82120b105) Importer(815301076,1909f56bfc062723c751e8b465ee728b)
Start importing Assets/GameMain/DataTables/UIForm.bytes using Guid(a33e23ae848110243820cda82120b105) Importer(815301076,1909f56bfc062723c751e8b465ee728b)  -> (artifact id: '203a9db551fa289ba0d655a389478f17') in 0.001833 seconds 
========================================================================
Received Prepare
Registering precompiled user dll's ...
Registered in 0.031392 seconds.
Begin MonoManager ReloadAssembly
Symbol file LoadedFromMemory doesn't match image F:\UnityProject\Own\Assess\Library\PackageCache\com.unity.visualscripting@1.7.8\Editor\VisualScripting.Core\Dependencies\YamlDotNet\Unity.VisualScripting.YamlDotNet.dll
Symbol file LoadedFromMemory doesn't match image F:\UnityProject\Own\Assess\Library\PackageCache\com.unity.visualscripting@1.7.8\Editor\VisualScripting.Core\Dependencies\DotNetZip\Unity.VisualScripting.IonicZip.dll
Native extension for WindowsStandalone target not found
Native extension for Android target not found
Native extension for WebGL target not found
Refreshing native plugins compatible for Editor in 0.44 ms, found 3 plugins.
Preloading 0 native plugins for Editor in 0.00 ms.
Mono: successfully reloaded assembly
- Completed reload, in  0.863 seconds
Domain Reload Profiling:
	ReloadAssembly (864ms)
		BeginReloadAssembly (116ms)
			ExecutionOrderSort (0ms)
			DisableScriptedObjects (3ms)
			BackupInstance (0ms)
			ReleaseScriptingObjects (0ms)
			CreateAndSetChildDomain (27ms)
		EndReloadAssembly (649ms)
			LoadAssemblies (96ms)
			RebuildTransferFunctionScriptingTraits (0ms)
			SetupTypeCache (151ms)
			ReleaseScriptCaches (1ms)
			RebuildScriptCaches (23ms)
			SetupLoadedEditorAssemblies (347ms)
				LogAssemblyErrors (0ms)
				InitializePlatformSupportModulesInManaged (13ms)
				SetLoadedEditorAssemblies (0ms)
				RefreshPlugins (0ms)
				BeforeProcessingInitializeOnLoad (44ms)
				ProcessInitializeOnLoadAttributes (179ms)
				ProcessInitializeOnLoadMethodAttributes (93ms)
				AfterProcessingInitializeOnLoad (17ms)
				EditorAssembliesLoaded (0ms)
			ExecutionOrderSort2 (0ms)
			AwakeInstancesAfterBackupRestoration (3ms)
Platform modules already initialized, skipping
Refreshing native plugins compatible for Editor in 3.14 ms, found 3 plugins.
Preloading 0 native plugins for Editor in 0.00 ms.
Unloading 4575 Unused Serialized files (Serialized files now loaded: 0)
Unloading 42 unused Assets / (27.2 KB). Loaded Objects now: 5108.
Memory consumption went from 157.0 MB to 157.0 MB.
Total: 8.945100 ms (FindLiveObjects: 0.155000 ms CreateObjectMapping: 0.070600 ms MarkObjects: 8.701900 ms  DeleteObjects: 0.016700 ms)

AssetImportParameters requested are different than current active one (requested -> active):
  custom:video-decoder-ogg-theora: a1e56fd34408186e4bbccfd4996cb3dc -> 
  custom:container-muxer-webm: aa71ff27fc2769a1b78a27578f13a17b -> 
  custom:container-demuxer-webm: 4f35f7cbe854078d1ac9338744f61a02 -> 
  custom:video-encoder-webm-vp8: eb34c28f22e8b96e1ab97ce403110664 -> 
  custom:audio-encoder-webm-vorbis: bf7c407c2cedff20999df2af8eb42d56 -> 
  custom:framework-win-MediaFoundation: 216162199b28c13a410421893ffa2e32 -> 
  custom:container-demuxer-ogg: 62fdf1f143b41e24485cea50d1cbac27 -> 
  custom:video-decoder-webm-vp8: 9c59270c3fd7afecdb556c50c9e8de78 -> 
  custom:audio-decoder-ogg-vorbis: bf7c407c2cedff20999df2af8eb42d56 -> 
========================================================================
Received Prepare
Registering precompiled user dll's ...
Registered in 0.027504 seconds.
Begin MonoManager ReloadAssembly
Symbol file LoadedFromMemory doesn't match image F:\UnityProject\Own\Assess\Library\PackageCache\com.unity.visualscripting@1.7.8\Editor\VisualScripting.Core\Dependencies\YamlDotNet\Unity.VisualScripting.YamlDotNet.dll
Symbol file LoadedFromMemory doesn't match image F:\UnityProject\Own\Assess\Library\PackageCache\com.unity.visualscripting@1.7.8\Editor\VisualScripting.Core\Dependencies\DotNetZip\Unity.VisualScripting.IonicZip.dll
Native extension for WindowsStandalone target not found
Native extension for Android target not found
Native extension for WebGL target not found
Refreshing native plugins compatible for Editor in 0.44 ms, found 3 plugins.
Preloading 0 native plugins for Editor in 0.00 ms.
Mono: successfully reloaded assembly
- Completed reload, in  0.868 seconds
Domain Reload Profiling:
	ReloadAssembly (869ms)
		BeginReloadAssembly (105ms)
			ExecutionOrderSort (0ms)
			DisableScriptedObjects (3ms)
			BackupInstance (0ms)
			ReleaseScriptingObjects (0ms)
			CreateAndSetChildDomain (25ms)
		EndReloadAssembly (678ms)
			LoadAssemblies (76ms)
			RebuildTransferFunctionScriptingTraits (0ms)
			SetupTypeCache (139ms)
			ReleaseScriptCaches (1ms)
			RebuildScriptCaches (22ms)
			SetupLoadedEditorAssemblies (398ms)
				LogAssemblyErrors (0ms)
				InitializePlatformSupportModulesInManaged (13ms)
				SetLoadedEditorAssemblies (0ms)
				RefreshPlugins (0ms)
				BeforeProcessingInitializeOnLoad (43ms)
				ProcessInitializeOnLoadAttributes (204ms)
				ProcessInitializeOnLoadMethodAttributes (119ms)
				AfterProcessingInitializeOnLoad (18ms)
				EditorAssembliesLoaded (0ms)
			ExecutionOrderSort2 (0ms)
			AwakeInstancesAfterBackupRestoration (6ms)
Platform modules already initialized, skipping
Refreshing native plugins compatible for Editor in 3.50 ms, found 3 plugins.
Preloading 0 native plugins for Editor in 0.00 ms.
Unloading 4575 Unused Serialized files (Serialized files now loaded: 0)
Unloading 42 unused Assets / (27.3 KB). Loaded Objects now: 5111.
Memory consumption went from 157.0 MB to 157.0 MB.
Total: 8.964600 ms (FindLiveObjects: 0.142100 ms CreateObjectMapping: 0.048000 ms MarkObjects: 8.754000 ms  DeleteObjects: 0.019300 ms)

AssetImportParameters requested are different than current active one (requested -> active):
  custom:video-decoder-ogg-theora: a1e56fd34408186e4bbccfd4996cb3dc -> 
  custom:container-muxer-webm: aa71ff27fc2769a1b78a27578f13a17b -> 
  custom:container-demuxer-webm: 4f35f7cbe854078d1ac9338744f61a02 -> 
  custom:video-encoder-webm-vp8: eb34c28f22e8b96e1ab97ce403110664 -> 
  custom:audio-encoder-webm-vorbis: bf7c407c2cedff20999df2af8eb42d56 -> 
  custom:framework-win-MediaFoundation: 216162199b28c13a410421893ffa2e32 -> 
  custom:container-demuxer-ogg: 62fdf1f143b41e24485cea50d1cbac27 -> 
  custom:video-decoder-webm-vp8: 9c59270c3fd7afecdb556c50c9e8de78 -> 
  custom:audio-decoder-ogg-vorbis: bf7c407c2cedff20999df2af8eb42d56 -> 
========================================================================
Received Prepare
Refreshing native plugins compatible for Editor in 11.87 ms, found 3 plugins.
Preloading 0 native plugins for Editor in 0.00 ms.
Unloading 42 Unused Serialized files (Serialized files now loaded: 0)
Unloading 42 unused Assets / (24.5 KB). Loaded Objects now: 5111.
Memory consumption went from 66.4 MB to 66.3 MB.
Total: 8.798700 ms (FindLiveObjects: 0.143200 ms CreateObjectMapping: 0.052900 ms MarkObjects: 8.581800 ms  DeleteObjects: 0.020200 ms)

AssetImportParameters requested are different than current active one (requested -> active):
  custom:video-decoder-ogg-theora: a1e56fd34408186e4bbccfd4996cb3dc -> 
  custom:container-muxer-webm: aa71ff27fc2769a1b78a27578f13a17b -> 
  custom:container-demuxer-webm: 4f35f7cbe854078d1ac9338744f61a02 -> 
  custom:video-encoder-webm-vp8: eb34c28f22e8b96e1ab97ce403110664 -> 
  custom:audio-encoder-webm-vorbis: bf7c407c2cedff20999df2af8eb42d56 -> 
  custom:framework-win-MediaFoundation: 216162199b28c13a410421893ffa2e32 -> 
  custom:container-demuxer-ogg: 62fdf1f143b41e24485cea50d1cbac27 -> 
  custom:video-decoder-webm-vp8: 9c59270c3fd7afecdb556c50c9e8de78 -> 
  custom:audio-decoder-ogg-vorbis: bf7c407c2cedff20999df2af8eb42d56 -> 
========================================================================
Received Import Request.
  Time since last request: 4288.525577 seconds.
  path: Assets/GameMain/UI
  artifactKey: Guid(1b4f365128ca0464e92e3807ed00659e) Importer(815301076,1909f56bfc062723c751e8b465ee728b)
Start importing Assets/GameMain/UI using Guid(1b4f365128ca0464e92e3807ed00659e) Importer(815301076,1909f56bfc062723c751e8b465ee728b)  -> (artifact id: 'e91cca6044dd16cf8c7cb517f75a2a0d') in 0.002541 seconds 
========================================================================
Received Import Request.
  Time since last request: 11.741364 seconds.
  path: Assets/Res/JK/Scenes/JKLaunch.unity
  artifactKey: Guid(3c6ecd798300cc7468446a232a6506af) Importer(815301076,1909f56bfc062723c751e8b465ee728b)
Start importing Assets/Res/JK/Scenes/JKLaunch.unity using Guid(3c6ecd798300cc7468446a232a6506af) Importer(815301076,1909f56bfc062723c751e8b465ee728b)  -> (artifact id: '1e6d1ba8b5b25869922b1669d3df58d2') in 0.001537 seconds 
========================================================================
Received Import Request.
  Time since last request: 1.171034 seconds.
  path: Assets/Ugion/Plugin/Demigiant/DOTweenPro Examples/DOTweenPath.unity
  artifactKey: Guid(a351b59ca54a0bc4083c35844da13a61) Importer(815301076,1909f56bfc062723c751e8b465ee728b)
Start importing Assets/Ugion/Plugin/Demigiant/DOTweenPro Examples/DOTweenPath.unity using Guid(a351b59ca54a0bc4083c35844da13a61) Importer(815301076,1909f56bfc062723c751e8b465ee728b)  -> (artifact id: '3301f7a735478264c7848445ac1e19f4') in 0.001433 seconds 
========================================================================
Received Import Request.
  Time since last request: 39.609404 seconds.
  path: Assets/GameFramework/Scripts/Runtime/UnityGameFramework.Runtime.asmdef
  artifactKey: Guid(363c5eb08ff8e6a439b85e37b8c20d96) Importer(815301076,1909f56bfc062723c751e8b465ee728b)
Start importing Assets/GameFramework/Scripts/Runtime/UnityGameFramework.Runtime.asmdef using Guid(363c5eb08ff8e6a439b85e37b8c20d96) Importer(815301076,1909f56bfc062723c751e8b465ee728b)  -> (artifact id: 'e5a4218cf02c54b97425c8383116da9c') in 0.002904 seconds 
========================================================================
Received Import Request.
  Time since last request: 6.530272 seconds.
  path: Assets/GameFramework/Scripts/Editor/UnityGameFramework.Editor.asmdef
  artifactKey: Guid(a2d8a19598eca814496b089021d08d60) Importer(815301076,1909f56bfc062723c751e8b465ee728b)
Start importing Assets/GameFramework/Scripts/Editor/UnityGameFramework.Editor.asmdef using Guid(a2d8a19598eca814496b089021d08d60) Importer(815301076,1909f56bfc062723c751e8b465ee728b)  -> (artifact id: 'f641324e2d754ce9749c18e48d3ad022') in 0.001414 seconds 
========================================================================
Received Import Request.
  Time since last request: 18.180622 seconds.
  path: Assets/GameFramework/Libraries/GameFramework/GameFramework.asmdef
  artifactKey: Guid(f193d56498a0e9f43b59a0c051e619d5) Importer(815301076,1909f56bfc062723c751e8b465ee728b)
Start importing Assets/GameFramework/Libraries/GameFramework/GameFramework.asmdef using Guid(f193d56498a0e9f43b59a0c051e619d5) Importer(815301076,1909f56bfc062723c751e8b465ee728b)  -> (artifact id: 'e7ae0fb12a16f70ce77834568a3e6dfb') in 0.001441 seconds 
========================================================================
Received Import Request.
  Time since last request: 1.377645 seconds.
  path: Assets/GameFramework/Libraries/ICSharpCode.SharpZipLib.dll
  artifactKey: Guid(bc9c7e2be608ffb4f900d02be002262e) Importer(815301076,1909f56bfc062723c751e8b465ee728b)
Start importing Assets/GameFramework/Libraries/ICSharpCode.SharpZipLib.dll using Guid(bc9c7e2be608ffb4f900d02be002262e) Importer(815301076,1909f56bfc062723c751e8b465ee728b)  -> (artifact id: 'b19e77eacd92d26b3077128275f2cb72') in 0.007059 seconds 
========================================================================
Received Import Request.
  Time since last request: 0.382552 seconds.
  path: Assets/GameFramework/Libraries/link.xml
  artifactKey: Guid(843cc923151568443b86e022f705a263) Importer(815301076,1909f56bfc062723c751e8b465ee728b)
Start importing Assets/GameFramework/Libraries/link.xml using Guid(843cc923151568443b86e022f705a263) Importer(815301076,1909f56bfc062723c751e8b465ee728b)  -> (artifact id: 'fd0af58b3250e567a0dd98bb4b3fef72') in 0.008620 seconds 
========================================================================
Received Import Request.
  Time since last request: 18.960151 seconds.
  path: Assets/GameFramework/Libraries/GameFramework
  artifactKey: Guid(1be84cd81a54c3244b94007b11e07a5c) Importer(815301076,1909f56bfc062723c751e8b465ee728b)
Start importing Assets/GameFramework/Libraries/GameFramework using Guid(1be84cd81a54c3244b94007b11e07a5c) Importer(815301076,1909f56bfc062723c751e8b465ee728b)  -> (artifact id: 'a0ec1c7c0f7aba075e991f9516b340b4') in 0.001529 seconds 
========================================================================
Received Import Request.
  Time since last request: 15.000687 seconds.
  path: Assets/JKFrame/Prefabs/JKFrame.prefab
  artifactKey: Guid(92a72c9a3d3131f498a24198d7029305) Importer(815301076,1909f56bfc062723c751e8b465ee728b)
Start importing Assets/JKFrame/Prefabs/JKFrame.prefab using Guid(92a72c9a3d3131f498a24198d7029305) Importer(815301076,1909f56bfc062723c751e8b465ee728b)  -> (artifact id: '7a4580a86d2f690de8215c2658780d95') in 0.050478 seconds 
========================================================================
Received Import Request.
  Time since last request: 2.662589 seconds.
  path: Assets/JKFrame/Prefabs/RuntimeScreenLogger.prefab
  artifactKey: Guid(e44d3c5cf69411c458b3a61dcdbafa85) Importer(815301076,1909f56bfc062723c751e8b465ee728b)
Start importing Assets/JKFrame/Prefabs/RuntimeScreenLogger.prefab using Guid(e44d3c5cf69411c458b3a61dcdbafa85) Importer(815301076,1909f56bfc062723c751e8b465ee728b)  -> (artifact id: '45fb2fefedd35725832f6024f68b4fa7') in 0.003055 seconds 
========================================================================
Received Import Request.
  Time since last request: 0.442391 seconds.
  path: Assets/JKFrame/Prefabs/UITips.prefab
  artifactKey: Guid(92067e7503942fc408f1d71e97ad2d58) Importer(815301076,1909f56bfc062723c751e8b465ee728b)
Start importing Assets/JKFrame/Prefabs/UITips.prefab using Guid(92067e7503942fc408f1d71e97ad2d58) Importer(815301076,1909f56bfc062723c751e8b465ee728b)  -> (artifact id: 'f1a1e6916d811869ffda8e683b134a9a') in 0.002859 seconds 
========================================================================
Received Import Request.
  Time since last request: 22.438696 seconds.
  path: Assets/GameMain/Scenes/Main.unity
  artifactKey: Guid(4473d81b14ddb0143addf0e6050d8491) Importer(815301076,1909f56bfc062723c751e8b465ee728b)
Start importing Assets/GameMain/Scenes/Main.unity using Guid(4473d81b14ddb0143addf0e6050d8491) Importer(815301076,1909f56bfc062723c751e8b465ee728b)  -> (artifact id: 'fe61090572fc3a2c0dd445b6064653f2') in 0.001857 seconds 
========================================================================
Received Import Request.
  Time since last request: 0.824193 seconds.
  path: Assets/GameMain/Scenes/Menu.unity
  artifactKey: Guid(b031b4f2980561542a7f7ba41391edc3) Importer(815301076,1909f56bfc062723c751e8b465ee728b)
Start importing Assets/GameMain/Scenes/Menu.unity using Guid(b031b4f2980561542a7f7ba41391edc3) Importer(815301076,1909f56bfc062723c751e8b465ee728b)  -> (artifact id: 'b307edd1648488def44c72001cacc363') in 0.001551 seconds 
========================================================================
Received Import Request.
  Time since last request: 22.947531 seconds.
  path: Assets/Ugion/Scripts/Procedure/Procedure_UgionLaunch.cs
  artifactKey: Guid(fe4177ce630287e4ea28a7a123845933) Importer(815301076,1909f56bfc062723c751e8b465ee728b)
Start importing Assets/Ugion/Scripts/Procedure/Procedure_UgionLaunch.cs using Guid(fe4177ce630287e4ea28a7a123845933) Importer(815301076,1909f56bfc062723c751e8b465ee728b)  -> (artifact id: 'e41a4218a57e2a6c8e50eae7cfdac8e5') in 0.001637 seconds 
========================================================================
Received Import Request.
  Time since last request: 185.880408 seconds.
  path: Assets/Ugion/Scripts/UIForm
  artifactKey: Guid(2977ef1db25096d45a3450a6c118e806) Importer(815301076,1909f56bfc062723c751e8b465ee728b)
Start importing Assets/Ugion/Scripts/UIForm using Guid(2977ef1db25096d45a3450a6c118e806) Importer(815301076,1909f56bfc062723c751e8b465ee728b)  -> (artifact id: '2aed15e69baf8cd541dff09c27434e76') in 0.001846 seconds 
========================================================================
Received Import Request.
  Time since last request: 17.284389 seconds.
  path: Assets/Ugion/Scripts/UIForm/UI_MenuForm.cs
  artifactKey: Guid(6b623ff848c26c3479e316c38e4d7e01) Importer(815301076,1909f56bfc062723c751e8b465ee728b)
Start importing Assets/Ugion/Scripts/UIForm/UI_MenuForm.cs using Guid(6b623ff848c26c3479e316c38e4d7e01) Importer(815301076,1909f56bfc062723c751e8b465ee728b)  -> (artifact id: 'db92a0c4cd63709d3d5bae29ec27a590') in 0.017900 seconds 
========================================================================
Received Prepare
Registering precompiled user dll's ...
Registered in 0.027683 seconds.
Begin MonoManager ReloadAssembly
Symbol file LoadedFromMemory doesn't match image F:\UnityProject\Own\Assess\Library\PackageCache\com.unity.visualscripting@1.7.8\Editor\VisualScripting.Core\Dependencies\YamlDotNet\Unity.VisualScripting.YamlDotNet.dll
Symbol file LoadedFromMemory doesn't match image F:\UnityProject\Own\Assess\Library\PackageCache\com.unity.visualscripting@1.7.8\Editor\VisualScripting.Core\Dependencies\DotNetZip\Unity.VisualScripting.IonicZip.dll
Native extension for WindowsStandalone target not found
Native extension for Android target not found
Native extension for WebGL target not found
Refreshing native plugins compatible for Editor in 0.78 ms, found 3 plugins.
Preloading 0 native plugins for Editor in 0.00 ms.
Mono: successfully reloaded assembly
- Completed reload, in  0.844 seconds
Domain Reload Profiling:
	ReloadAssembly (845ms)
		BeginReloadAssembly (111ms)
			ExecutionOrderSort (0ms)
			DisableScriptedObjects (3ms)
			BackupInstance (0ms)
			ReleaseScriptingObjects (0ms)
			CreateAndSetChildDomain (27ms)
		EndReloadAssembly (652ms)
			LoadAssemblies (88ms)
			RebuildTransferFunctionScriptingTraits (0ms)
			SetupTypeCache (135ms)
			ReleaseScriptCaches (1ms)
			RebuildScriptCaches (23ms)
			SetupLoadedEditorAssemblies (374ms)
				LogAssemblyErrors (0ms)
				InitializePlatformSupportModulesInManaged (20ms)
				SetLoadedEditorAssemblies (0ms)
				RefreshPlugins (1ms)
				BeforeProcessingInitializeOnLoad (72ms)
				ProcessInitializeOnLoadAttributes (179ms)
				ProcessInitializeOnLoadMethodAttributes (86ms)
				AfterProcessingInitializeOnLoad (14ms)
				EditorAssembliesLoaded (0ms)
			ExecutionOrderSort2 (0ms)
			AwakeInstancesAfterBackupRestoration (4ms)
Platform modules already initialized, skipping
Refreshing native plugins compatible for Editor in 9.37 ms, found 3 plugins.
Preloading 0 native plugins for Editor in 0.00 ms.
Unloading 4576 Unused Serialized files (Serialized files now loaded: 0)
Unloading 42 unused Assets / (27.3 KB). Loaded Objects now: 5115.
Memory consumption went from 157.1 MB to 157.0 MB.
Total: 9.260900 ms (FindLiveObjects: 0.137000 ms CreateObjectMapping: 0.055600 ms MarkObjects: 9.047600 ms  DeleteObjects: 0.020100 ms)

AssetImportParameters requested are different than current active one (requested -> active):
  custom:video-decoder-ogg-theora: a1e56fd34408186e4bbccfd4996cb3dc -> 
  custom:container-muxer-webm: aa71ff27fc2769a1b78a27578f13a17b -> 
  custom:container-demuxer-webm: 4f35f7cbe854078d1ac9338744f61a02 -> 
  custom:video-encoder-webm-vp8: eb34c28f22e8b96e1ab97ce403110664 -> 
  custom:audio-encoder-webm-vorbis: bf7c407c2cedff20999df2af8eb42d56 -> 
  custom:framework-win-MediaFoundation: 216162199b28c13a410421893ffa2e32 -> 
  custom:container-demuxer-ogg: 62fdf1f143b41e24485cea50d1cbac27 -> 
  custom:video-decoder-webm-vp8: 9c59270c3fd7afecdb556c50c9e8de78 -> 
  custom:audio-decoder-ogg-vorbis: bf7c407c2cedff20999df2af8eb42d56 -> 
========================================================================
Received Prepare
Registering precompiled user dll's ...
Registered in 0.030799 seconds.
Begin MonoManager ReloadAssembly
Symbol file LoadedFromMemory doesn't match image F:\UnityProject\Own\Assess\Library\PackageCache\com.unity.visualscripting@1.7.8\Editor\VisualScripting.Core\Dependencies\YamlDotNet\Unity.VisualScripting.YamlDotNet.dll
Symbol file LoadedFromMemory doesn't match image F:\UnityProject\Own\Assess\Library\PackageCache\com.unity.visualscripting@1.7.8\Editor\VisualScripting.Core\Dependencies\DotNetZip\Unity.VisualScripting.IonicZip.dll
Native extension for WindowsStandalone target not found
Native extension for Android target not found
Native extension for WebGL target not found
Refreshing native plugins compatible for Editor in 0.44 ms, found 3 plugins.
Preloading 0 native plugins for Editor in 0.00 ms.
Mono: successfully reloaded assembly
- Completed reload, in  0.885 seconds
Domain Reload Profiling:
	ReloadAssembly (885ms)
		BeginReloadAssembly (110ms)
			ExecutionOrderSort (0ms)
			DisableScriptedObjects (3ms)
			BackupInstance (0ms)
			ReleaseScriptingObjects (0ms)
			CreateAndSetChildDomain (26ms)
		EndReloadAssembly (682ms)
			LoadAssemblies (77ms)
			RebuildTransferFunctionScriptingTraits (0ms)
			SetupTypeCache (142ms)
			ReleaseScriptCaches (1ms)
			RebuildScriptCaches (28ms)
			SetupLoadedEditorAssemblies (393ms)
				LogAssemblyErrors (0ms)
				InitializePlatformSupportModulesInManaged (18ms)
				SetLoadedEditorAssemblies (0ms)
				RefreshPlugins (0ms)
				BeforeProcessingInitializeOnLoad (89ms)
				ProcessInitializeOnLoadAttributes (182ms)
				ProcessInitializeOnLoadMethodAttributes (85ms)
				AfterProcessingInitializeOnLoad (18ms)
				EditorAssembliesLoaded (0ms)
			ExecutionOrderSort2 (0ms)
			AwakeInstancesAfterBackupRestoration (4ms)
Platform modules already initialized, skipping
Refreshing native plugins compatible for Editor in 6.01 ms, found 3 plugins.
Preloading 0 native plugins for Editor in 0.00 ms.
Unloading 4576 Unused Serialized files (Serialized files now loaded: 0)
Unloading 42 unused Assets / (27.2 KB). Loaded Objects now: 5118.
Memory consumption went from 157.1 MB to 157.1 MB.
Total: 9.054600 ms (FindLiveObjects: 0.144000 ms CreateObjectMapping: 0.051300 ms MarkObjects: 8.840300 ms  DeleteObjects: 0.018100 ms)

AssetImportParameters requested are different than current active one (requested -> active):
  custom:video-decoder-ogg-theora: a1e56fd34408186e4bbccfd4996cb3dc -> 
  custom:container-muxer-webm: aa71ff27fc2769a1b78a27578f13a17b -> 
  custom:container-demuxer-webm: 4f35f7cbe854078d1ac9338744f61a02 -> 
  custom:video-encoder-webm-vp8: eb34c28f22e8b96e1ab97ce403110664 -> 
  custom:audio-encoder-webm-vorbis: bf7c407c2cedff20999df2af8eb42d56 -> 
  custom:framework-win-MediaFoundation: 216162199b28c13a410421893ffa2e32 -> 
  custom:container-demuxer-ogg: 62fdf1f143b41e24485cea50d1cbac27 -> 
  custom:video-decoder-webm-vp8: 9c59270c3fd7afecdb556c50c9e8de78 -> 
  custom:audio-decoder-ogg-vorbis: bf7c407c2cedff20999df2af8eb42d56 -> 
========================================================================
Received Import Request.
  Time since last request: 85.028631 seconds.
  path: Assets/Ugion/Scripts/Form/UI_MenuForm.cs
  artifactKey: Guid(6b623ff848c26c3479e316c38e4d7e01) Importer(815301076,1909f56bfc062723c751e8b465ee728b)
Start importing Assets/Ugion/Scripts/Form/UI_MenuForm.cs using Guid(6b623ff848c26c3479e316c38e4d7e01) Importer(815301076,1909f56bfc062723c751e8b465ee728b)  -> (artifact id: 'aa342ecaaf6283cca07784e12c062e89') in 0.004444 seconds 
========================================================================
Received Prepare
Registering precompiled user dll's ...
Registered in 0.038220 seconds.
Begin MonoManager ReloadAssembly
Symbol file LoadedFromMemory doesn't match image F:\UnityProject\Own\Assess\Library\PackageCache\com.unity.visualscripting@1.7.8\Editor\VisualScripting.Core\Dependencies\YamlDotNet\Unity.VisualScripting.YamlDotNet.dll
Symbol file LoadedFromMemory doesn't match image F:\UnityProject\Own\Assess\Library\PackageCache\com.unity.visualscripting@1.7.8\Editor\VisualScripting.Core\Dependencies\DotNetZip\Unity.VisualScripting.IonicZip.dll
Native extension for WindowsStandalone target not found
Native extension for Android target not found
Native extension for WebGL target not found
Refreshing native plugins compatible for Editor in 0.43 ms, found 3 plugins.
Preloading 0 native plugins for Editor in 0.00 ms.
Mono: successfully reloaded assembly
- Completed reload, in  0.852 seconds
Domain Reload Profiling:
	ReloadAssembly (852ms)
		BeginReloadAssembly (111ms)
			ExecutionOrderSort (0ms)
			DisableScriptedObjects (3ms)
			BackupInstance (0ms)
			ReleaseScriptingObjects (0ms)
			CreateAndSetChildDomain (27ms)
		EndReloadAssembly (649ms)
			LoadAssemblies (85ms)
			RebuildTransferFunctionScriptingTraits (0ms)
			SetupTypeCache (147ms)
			ReleaseScriptCaches (1ms)
			RebuildScriptCaches (22ms)
			SetupLoadedEditorAssemblies (363ms)
				LogAssemblyErrors (0ms)
				InitializePlatformSupportModulesInManaged (13ms)
				SetLoadedEditorAssemblies (0ms)
				RefreshPlugins (0ms)
				BeforeProcessingInitializeOnLoad (47ms)
				ProcessInitializeOnLoadAttributes (200ms)
				ProcessInitializeOnLoadMethodAttributes (88ms)
				AfterProcessingInitializeOnLoad (13ms)
				EditorAssembliesLoaded (0ms)
			ExecutionOrderSort2 (0ms)
			AwakeInstancesAfterBackupRestoration (4ms)
Platform modules already initialized, skipping
Refreshing native plugins compatible for Editor in 4.80 ms, found 3 plugins.
Preloading 0 native plugins for Editor in 0.00 ms.
Unloading 4576 Unused Serialized files (Serialized files now loaded: 0)
Unloading 42 unused Assets / (27.3 KB). Loaded Objects now: 5121.
Memory consumption went from 157.3 MB to 157.3 MB.
Total: 9.032400 ms (FindLiveObjects: 0.152200 ms CreateObjectMapping: 0.054400 ms MarkObjects: 8.804100 ms  DeleteObjects: 0.020500 ms)

AssetImportParameters requested are different than current active one (requested -> active):
  custom:video-decoder-ogg-theora: a1e56fd34408186e4bbccfd4996cb3dc -> 
  custom:container-muxer-webm: aa71ff27fc2769a1b78a27578f13a17b -> 
  custom:container-demuxer-webm: 4f35f7cbe854078d1ac9338744f61a02 -> 
  custom:video-encoder-webm-vp8: eb34c28f22e8b96e1ab97ce403110664 -> 
  custom:audio-encoder-webm-vorbis: bf7c407c2cedff20999df2af8eb42d56 -> 
  custom:framework-win-MediaFoundation: 216162199b28c13a410421893ffa2e32 -> 
  custom:container-demuxer-ogg: 62fdf1f143b41e24485cea50d1cbac27 -> 
  custom:video-decoder-webm-vp8: 9c59270c3fd7afecdb556c50c9e8de78 -> 
  custom:audio-decoder-ogg-vorbis: bf7c407c2cedff20999df2af8eb42d56 -> 
========================================================================
Received Import Request.
  Time since last request: 142.894593 seconds.
  path: Assets/Ugion/Res/Prefabs/UI/UI_MenuForm.prefab
  artifactKey: Guid(b87f9783d359b8242a2e1e152e8adf3b) Importer(815301076,1909f56bfc062723c751e8b465ee728b)
Start importing Assets/Ugion/Res/Prefabs/UI/UI_MenuForm.prefab using Guid(b87f9783d359b8242a2e1e152e8adf3b) Importer(815301076,1909f56bfc062723c751e8b465ee728b)  -> (artifact id: '35655daf34ac78e5c2f0191abf91c52e') in 0.025812 seconds 
========================================================================
Received Prepare
Registering precompiled user dll's ...
Registered in 0.038474 seconds.
Begin MonoManager ReloadAssembly
Symbol file LoadedFromMemory doesn't match image F:\UnityProject\Own\Assess\Library\PackageCache\com.unity.visualscripting@1.7.8\Editor\VisualScripting.Core\Dependencies\YamlDotNet\Unity.VisualScripting.YamlDotNet.dll
Symbol file LoadedFromMemory doesn't match image F:\UnityProject\Own\Assess\Library\PackageCache\com.unity.visualscripting@1.7.8\Editor\VisualScripting.Core\Dependencies\DotNetZip\Unity.VisualScripting.IonicZip.dll
Native extension for WindowsStandalone target not found
Native extension for Android target not found
Native extension for WebGL target not found
Refreshing native plugins compatible for Editor in 0.49 ms, found 3 plugins.
Preloading 0 native plugins for Editor in 0.00 ms.
Mono: successfully reloaded assembly
- Completed reload, in  0.962 seconds
Domain Reload Profiling:
	ReloadAssembly (962ms)
		BeginReloadAssembly (119ms)
			ExecutionOrderSort (0ms)
			DisableScriptedObjects (2ms)
			BackupInstance (0ms)
			ReleaseScriptingObjects (0ms)
			CreateAndSetChildDomain (25ms)
		EndReloadAssembly (736ms)
			LoadAssemblies (95ms)
			RebuildTransferFunctionScriptingTraits (0ms)
			SetupTypeCache (146ms)
			ReleaseScriptCaches (1ms)
			RebuildScriptCaches (23ms)
			SetupLoadedEditorAssemblies (437ms)
				LogAssemblyErrors (0ms)
				InitializePlatformSupportModulesInManaged (15ms)
				SetLoadedEditorAssemblies (0ms)
				RefreshPlugins (1ms)
				BeforeProcessingInitializeOnLoad (50ms)
				ProcessInitializeOnLoadAttributes (251ms)
				ProcessInitializeOnLoadMethodAttributes (104ms)
				AfterProcessingInitializeOnLoad (16ms)
				EditorAssembliesLoaded (0ms)
			ExecutionOrderSort2 (0ms)
			AwakeInstancesAfterBackupRestoration (4ms)
Platform modules already initialized, skipping
Refreshing native plugins compatible for Editor in 3.96 ms, found 3 plugins.
Preloading 0 native plugins for Editor in 0.00 ms.
Unloading 4576 Unused Serialized files (Serialized files now loaded: 0)
Unloading 44 unused Assets / (28.8 KB). Loaded Objects now: 5124.
Memory consumption went from 157.3 MB to 157.3 MB.
Total: 9.529000 ms (FindLiveObjects: 0.133100 ms CreateObjectMapping: 0.054900 ms MarkObjects: 9.314100 ms  DeleteObjects: 0.026100 ms)

AssetImportParameters requested are different than current active one (requested -> active):
  custom:video-decoder-ogg-theora: a1e56fd34408186e4bbccfd4996cb3dc -> 
  custom:container-muxer-webm: aa71ff27fc2769a1b78a27578f13a17b -> 
  custom:container-demuxer-webm: 4f35f7cbe854078d1ac9338744f61a02 -> 
  custom:video-encoder-webm-vp8: eb34c28f22e8b96e1ab97ce403110664 -> 
  custom:audio-encoder-webm-vorbis: bf7c407c2cedff20999df2af8eb42d56 -> 
  custom:framework-win-MediaFoundation: 216162199b28c13a410421893ffa2e32 -> 
  custom:container-demuxer-ogg: 62fdf1f143b41e24485cea50d1cbac27 -> 
  custom:video-decoder-webm-vp8: 9c59270c3fd7afecdb556c50c9e8de78 -> 
  custom:audio-decoder-ogg-vorbis: bf7c407c2cedff20999df2af8eb42d56 -> 
========================================================================
Received Prepare
Registering precompiled user dll's ...
Registered in 0.054677 seconds.
Begin MonoManager ReloadAssembly
Symbol file LoadedFromMemory doesn't match image F:\UnityProject\Own\Assess\Library\PackageCache\com.unity.visualscripting@1.7.8\Editor\VisualScripting.Core\Dependencies\YamlDotNet\Unity.VisualScripting.YamlDotNet.dll
Symbol file LoadedFromMemory doesn't match image F:\UnityProject\Own\Assess\Library\PackageCache\com.unity.visualscripting@1.7.8\Editor\VisualScripting.Core\Dependencies\DotNetZip\Unity.VisualScripting.IonicZip.dll
Native extension for WindowsStandalone target not found
Native extension for Android target not found
Native extension for WebGL target not found
Refreshing native plugins compatible for Editor in 0.44 ms, found 3 plugins.
Preloading 0 native plugins for Editor in 0.00 ms.
Mono: successfully reloaded assembly
- Completed reload, in  0.877 seconds
Domain Reload Profiling:
	ReloadAssembly (878ms)
		BeginReloadAssembly (104ms)
			ExecutionOrderSort (0ms)
			DisableScriptedObjects (3ms)
			BackupInstance (0ms)
			ReleaseScriptingObjects (0ms)
			CreateAndSetChildDomain (26ms)
		EndReloadAssembly (691ms)
			LoadAssemblies (82ms)
			RebuildTransferFunctionScriptingTraits (0ms)
			SetupTypeCache (139ms)
			ReleaseScriptCaches (1ms)
			RebuildScriptCaches (22ms)
			SetupLoadedEditorAssemblies (413ms)
				LogAssemblyErrors (0ms)
				InitializePlatformSupportModulesInManaged (13ms)
				SetLoadedEditorAssemblies (0ms)
				RefreshPlugins (0ms)
				BeforeProcessingInitializeOnLoad (121ms)
				ProcessInitializeOnLoadAttributes (179ms)
				ProcessInitializeOnLoadMethodAttributes (83ms)
				AfterProcessingInitializeOnLoad (15ms)
				EditorAssembliesLoaded (0ms)
			ExecutionOrderSort2 (0ms)
			AwakeInstancesAfterBackupRestoration (4ms)
Platform modules already initialized, skipping
Refreshing native plugins compatible for Editor in 4.87 ms, found 3 plugins.
Preloading 0 native plugins for Editor in 0.00 ms.
Unloading 4576 Unused Serialized files (Serialized files now loaded: 0)
Unloading 42 unused Assets / (27.3 KB). Loaded Objects now: 5127.
Memory consumption went from 157.3 MB to 157.3 MB.
Total: 8.995800 ms (FindLiveObjects: 0.152300 ms CreateObjectMapping: 0.054700 ms MarkObjects: 8.768700 ms  DeleteObjects: 0.019200 ms)

AssetImportParameters requested are different than current active one (requested -> active):
  custom:video-decoder-ogg-theora: a1e56fd34408186e4bbccfd4996cb3dc -> 
  custom:container-muxer-webm: aa71ff27fc2769a1b78a27578f13a17b -> 
  custom:container-demuxer-webm: 4f35f7cbe854078d1ac9338744f61a02 -> 
  custom:video-encoder-webm-vp8: eb34c28f22e8b96e1ab97ce403110664 -> 
  custom:audio-encoder-webm-vorbis: bf7c407c2cedff20999df2af8eb42d56 -> 
  custom:framework-win-MediaFoundation: 216162199b28c13a410421893ffa2e32 -> 
  custom:container-demuxer-ogg: 62fdf1f143b41e24485cea50d1cbac27 -> 
  custom:video-decoder-webm-vp8: 9c59270c3fd7afecdb556c50c9e8de78 -> 
  custom:audio-decoder-ogg-vorbis: bf7c407c2cedff20999df2af8eb42d56 -> 
========================================================================
Received Prepare
Registering precompiled user dll's ...
Registered in 0.029860 seconds.
Begin MonoManager ReloadAssembly
Symbol file LoadedFromMemory doesn't match image F:\UnityProject\Own\Assess\Library\PackageCache\com.unity.visualscripting@1.7.8\Editor\VisualScripting.Core\Dependencies\YamlDotNet\Unity.VisualScripting.YamlDotNet.dll
Symbol file LoadedFromMemory doesn't match image F:\UnityProject\Own\Assess\Library\PackageCache\com.unity.visualscripting@1.7.8\Editor\VisualScripting.Core\Dependencies\DotNetZip\Unity.VisualScripting.IonicZip.dll
Native extension for WindowsStandalone target not found
Native extension for Android target not found
Native extension for WebGL target not found
Refreshing native plugins compatible for Editor in 0.48 ms, found 3 plugins.
Preloading 0 native plugins for Editor in 0.00 ms.
Mono: successfully reloaded assembly
- Completed reload, in  0.974 seconds
Domain Reload Profiling:
	ReloadAssembly (975ms)
		BeginReloadAssembly (213ms)
			ExecutionOrderSort (0ms)
			DisableScriptedObjects (3ms)
			BackupInstance (0ms)
			ReleaseScriptingObjects (0ms)
			CreateAndSetChildDomain (27ms)
		EndReloadAssembly (667ms)
			LoadAssemblies (120ms)
			RebuildTransferFunctionScriptingTraits (0ms)
			SetupTypeCache (142ms)
			ReleaseScriptCaches (1ms)
			RebuildScriptCaches (24ms)
			SetupLoadedEditorAssemblies (372ms)
				LogAssemblyErrors (0ms)
				InitializePlatformSupportModulesInManaged (15ms)
				SetLoadedEditorAssemblies (0ms)
				RefreshPlugins (1ms)
				BeforeProcessingInitializeOnLoad (50ms)
				ProcessInitializeOnLoadAttributes (203ms)
				ProcessInitializeOnLoadMethodAttributes (87ms)
				AfterProcessingInitializeOnLoad (17ms)
				EditorAssembliesLoaded (0ms)
			ExecutionOrderSort2 (0ms)
			AwakeInstancesAfterBackupRestoration (4ms)
Platform modules already initialized, skipping
Refreshing native plugins compatible for Editor in 3.94 ms, found 3 plugins.
Preloading 0 native plugins for Editor in 0.00 ms.
Unloading 4576 Unused Serialized files (Serialized files now loaded: 0)
Unloading 42 unused Assets / (27.3 KB). Loaded Objects now: 5130.
Memory consumption went from 157.3 MB to 157.3 MB.
Total: 8.964300 ms (FindLiveObjects: 0.140700 ms CreateObjectMapping: 0.054800 ms MarkObjects: 8.749200 ms  DeleteObjects: 0.018800 ms)

AssetImportParameters requested are different than current active one (requested -> active):
  custom:video-decoder-ogg-theora: a1e56fd34408186e4bbccfd4996cb3dc -> 
  custom:container-muxer-webm: aa71ff27fc2769a1b78a27578f13a17b -> 
  custom:container-demuxer-webm: 4f35f7cbe854078d1ac9338744f61a02 -> 
  custom:video-encoder-webm-vp8: eb34c28f22e8b96e1ab97ce403110664 -> 
  custom:audio-encoder-webm-vorbis: bf7c407c2cedff20999df2af8eb42d56 -> 
  custom:framework-win-MediaFoundation: 216162199b28c13a410421893ffa2e32 -> 
  custom:container-demuxer-ogg: 62fdf1f143b41e24485cea50d1cbac27 -> 
  custom:video-decoder-webm-vp8: 9c59270c3fd7afecdb556c50c9e8de78 -> 
  custom:audio-decoder-ogg-vorbis: bf7c407c2cedff20999df2af8eb42d56 -> 
========================================================================
Received Prepare
Registering precompiled user dll's ...
Registered in 0.028511 seconds.
Begin MonoManager ReloadAssembly
Symbol file LoadedFromMemory doesn't match image F:\UnityProject\Own\Assess\Library\PackageCache\com.unity.visualscripting@1.7.8\Editor\VisualScripting.Core\Dependencies\YamlDotNet\Unity.VisualScripting.YamlDotNet.dll
Symbol file LoadedFromMemory doesn't match image F:\UnityProject\Own\Assess\Library\PackageCache\com.unity.visualscripting@1.7.8\Editor\VisualScripting.Core\Dependencies\DotNetZip\Unity.VisualScripting.IonicZip.dll
Native extension for WindowsStandalone target not found
Native extension for Android target not found
Native extension for WebGL target not found
Refreshing native plugins compatible for Editor in 0.45 ms, found 3 plugins.
Preloading 0 native plugins for Editor in 0.00 ms.
Mono: successfully reloaded assembly
- Completed reload, in  0.839 seconds
Domain Reload Profiling:
	ReloadAssembly (840ms)
		BeginReloadAssembly (109ms)
			ExecutionOrderSort (0ms)
			DisableScriptedObjects (3ms)
			BackupInstance (0ms)
			ReleaseScriptingObjects (0ms)
			CreateAndSetChildDomain (24ms)
		EndReloadAssembly (627ms)
			LoadAssemblies (85ms)
			RebuildTransferFunctionScriptingTraits (0ms)
			SetupTypeCache (138ms)
			ReleaseScriptCaches (1ms)
			RebuildScriptCaches (23ms)
			SetupLoadedEditorAssemblies (346ms)
				LogAssemblyErrors (0ms)
				InitializePlatformSupportModulesInManaged (15ms)
				SetLoadedEditorAssemblies (0ms)
				RefreshPlugins (0ms)
				BeforeProcessingInitializeOnLoad (43ms)
				ProcessInitializeOnLoadAttributes (193ms)
				ProcessInitializeOnLoadMethodAttributes (81ms)
				AfterProcessingInitializeOnLoad (14ms)
				EditorAssembliesLoaded (0ms)
			ExecutionOrderSort2 (0ms)
			AwakeInstancesAfterBackupRestoration (4ms)
Platform modules already initialized, skipping
Refreshing native plugins compatible for Editor in 4.60 ms, found 3 plugins.
Preloading 0 native plugins for Editor in 0.00 ms.
Unloading 4576 Unused Serialized files (Serialized files now loaded: 0)
Unloading 42 unused Assets / (27.3 KB). Loaded Objects now: 5133.
Memory consumption went from 157.1 MB to 157.1 MB.
Total: 8.845800 ms (FindLiveObjects: 0.142600 ms CreateObjectMapping: 0.058200 ms MarkObjects: 8.626100 ms  DeleteObjects: 0.018300 ms)

AssetImportParameters requested are different than current active one (requested -> active):
  custom:video-decoder-ogg-theora: a1e56fd34408186e4bbccfd4996cb3dc -> 
  custom:container-muxer-webm: aa71ff27fc2769a1b78a27578f13a17b -> 
  custom:container-demuxer-webm: 4f35f7cbe854078d1ac9338744f61a02 -> 
  custom:video-encoder-webm-vp8: eb34c28f22e8b96e1ab97ce403110664 -> 
  custom:audio-encoder-webm-vorbis: bf7c407c2cedff20999df2af8eb42d56 -> 
  custom:framework-win-MediaFoundation: 216162199b28c13a410421893ffa2e32 -> 
  custom:container-demuxer-ogg: 62fdf1f143b41e24485cea50d1cbac27 -> 
  custom:video-decoder-webm-vp8: 9c59270c3fd7afecdb556c50c9e8de78 -> 
  custom:audio-decoder-ogg-vorbis: bf7c407c2cedff20999df2af8eb42d56 -> 
========================================================================
Received Prepare
Registering precompiled user dll's ...
Registered in 0.032860 seconds.
Begin MonoManager ReloadAssembly
Symbol file LoadedFromMemory doesn't match image F:\UnityProject\Own\Assess\Library\PackageCache\com.unity.visualscripting@1.7.8\Editor\VisualScripting.Core\Dependencies\YamlDotNet\Unity.VisualScripting.YamlDotNet.dll
Symbol file LoadedFromMemory doesn't match image F:\UnityProject\Own\Assess\Library\PackageCache\com.unity.visualscripting@1.7.8\Editor\VisualScripting.Core\Dependencies\DotNetZip\Unity.VisualScripting.IonicZip.dll
Native extension for WindowsStandalone target not found
Native extension for Android target not found
Native extension for WebGL target not found
Refreshing native plugins compatible for Editor in 0.45 ms, found 3 plugins.
Preloading 0 native plugins for Editor in 0.00 ms.
Mono: successfully reloaded assembly
- Completed reload, in  0.873 seconds
Domain Reload Profiling:
	ReloadAssembly (873ms)
		BeginReloadAssembly (175ms)
			ExecutionOrderSort (0ms)
			DisableScriptedObjects (3ms)
			BackupInstance (0ms)
			ReleaseScriptingObjects (0ms)
			CreateAndSetChildDomain (28ms)
		EndReloadAssembly (611ms)
			LoadAssemblies (83ms)
			RebuildTransferFunctionScriptingTraits (0ms)
			SetupTypeCache (132ms)
			ReleaseScriptCaches (1ms)
			RebuildScriptCaches (22ms)
			SetupLoadedEditorAssemblies (340ms)
				LogAssemblyErrors (0ms)
				InitializePlatformSupportModulesInManaged (13ms)
				SetLoadedEditorAssemblies (0ms)
				RefreshPlugins (0ms)
				BeforeProcessingInitializeOnLoad (43ms)
				ProcessInitializeOnLoadAttributes (182ms)
				ProcessInitializeOnLoadMethodAttributes (84ms)
				AfterProcessingInitializeOnLoad (17ms)
				EditorAssembliesLoaded (0ms)
			ExecutionOrderSort2 (0ms)
			AwakeInstancesAfterBackupRestoration (4ms)
Platform modules already initialized, skipping
Refreshing native plugins compatible for Editor in 4.12 ms, found 3 plugins.
Preloading 0 native plugins for Editor in 0.00 ms.
Unloading 4576 Unused Serialized files (Serialized files now loaded: 0)
Unloading 42 unused Assets / (27.3 KB). Loaded Objects now: 5136.
Memory consumption went from 157.1 MB to 157.1 MB.
Total: 9.227500 ms (FindLiveObjects: 0.161200 ms CreateObjectMapping: 0.067500 ms MarkObjects: 8.980000 ms  DeleteObjects: 0.018100 ms)

AssetImportParameters requested are different than current active one (requested -> active):
  custom:video-decoder-ogg-theora: a1e56fd34408186e4bbccfd4996cb3dc -> 
  custom:container-muxer-webm: aa71ff27fc2769a1b78a27578f13a17b -> 
  custom:container-demuxer-webm: 4f35f7cbe854078d1ac9338744f61a02 -> 
  custom:video-encoder-webm-vp8: eb34c28f22e8b96e1ab97ce403110664 -> 
  custom:audio-encoder-webm-vorbis: bf7c407c2cedff20999df2af8eb42d56 -> 
  custom:framework-win-MediaFoundation: 216162199b28c13a410421893ffa2e32 -> 
  custom:container-demuxer-ogg: 62fdf1f143b41e24485cea50d1cbac27 -> 
  custom:video-decoder-webm-vp8: 9c59270c3fd7afecdb556c50c9e8de78 -> 
  custom:audio-decoder-ogg-vorbis: bf7c407c2cedff20999df2af8eb42d56 -> 
========================================================================
Received Prepare
Registering precompiled user dll's ...
Registered in 0.029998 seconds.
Begin MonoManager ReloadAssembly
Symbol file LoadedFromMemory doesn't match image F:\UnityProject\Own\Assess\Library\PackageCache\com.unity.visualscripting@1.7.8\Editor\VisualScripting.Core\Dependencies\YamlDotNet\Unity.VisualScripting.YamlDotNet.dll
Symbol file LoadedFromMemory doesn't match image F:\UnityProject\Own\Assess\Library\PackageCache\com.unity.visualscripting@1.7.8\Editor\VisualScripting.Core\Dependencies\DotNetZip\Unity.VisualScripting.IonicZip.dll
Native extension for WindowsStandalone target not found
Native extension for Android target not found
Native extension for WebGL target not found
Refreshing native plugins compatible for Editor in 0.52 ms, found 3 plugins.
Preloading 0 native plugins for Editor in 0.00 ms.
Mono: successfully reloaded assembly
- Completed reload, in  0.872 seconds
Domain Reload Profiling:
	ReloadAssembly (872ms)
		BeginReloadAssembly (113ms)
			ExecutionOrderSort (0ms)
			DisableScriptedObjects (3ms)
			BackupInstance (0ms)
			ReleaseScriptingObjects (0ms)
			CreateAndSetChildDomain (24ms)
		EndReloadAssembly (665ms)
			LoadAssemblies (100ms)
			RebuildTransferFunctionScriptingTraits (0ms)
			SetupTypeCache (142ms)
			ReleaseScriptCaches (1ms)
			RebuildScriptCaches (23ms)
			SetupLoadedEditorAssemblies (362ms)
				LogAssemblyErrors (0ms)
				InitializePlatformSupportModulesInManaged (15ms)
				SetLoadedEditorAssemblies (0ms)
				RefreshPlugins (1ms)
				BeforeProcessingInitializeOnLoad (46ms)
				ProcessInitializeOnLoadAttributes (198ms)
				ProcessInitializeOnLoadMethodAttributes (85ms)
				AfterProcessingInitializeOnLoad (17ms)
				EditorAssembliesLoaded (0ms)
			ExecutionOrderSort2 (0ms)
			AwakeInstancesAfterBackupRestoration (4ms)
Platform modules already initialized, skipping
Refreshing native plugins compatible for Editor in 4.54 ms, found 3 plugins.
Preloading 0 native plugins for Editor in 0.00 ms.
Unloading 4576 Unused Serialized files (Serialized files now loaded: 0)
Unloading 42 unused Assets / (27.2 KB). Loaded Objects now: 5139.
Memory consumption went from 157.1 MB to 157.1 MB.
Total: 9.422200 ms (FindLiveObjects: 0.142400 ms CreateObjectMapping: 0.052300 ms MarkObjects: 9.206600 ms  DeleteObjects: 0.020100 ms)

AssetImportParameters requested are different than current active one (requested -> active):
  custom:video-decoder-ogg-theora: a1e56fd34408186e4bbccfd4996cb3dc -> 
  custom:container-muxer-webm: aa71ff27fc2769a1b78a27578f13a17b -> 
  custom:container-demuxer-webm: 4f35f7cbe854078d1ac9338744f61a02 -> 
  custom:video-encoder-webm-vp8: eb34c28f22e8b96e1ab97ce403110664 -> 
  custom:audio-encoder-webm-vorbis: bf7c407c2cedff20999df2af8eb42d56 -> 
  custom:framework-win-MediaFoundation: 216162199b28c13a410421893ffa2e32 -> 
  custom:container-demuxer-ogg: 62fdf1f143b41e24485cea50d1cbac27 -> 
  custom:video-decoder-webm-vp8: 9c59270c3fd7afecdb556c50c9e8de78 -> 
  custom:audio-decoder-ogg-vorbis: bf7c407c2cedff20999df2af8eb42d56 -> 
========================================================================
Received Prepare
Registering precompiled user dll's ...
Registered in 0.057659 seconds.
Begin MonoManager ReloadAssembly
Symbol file LoadedFromMemory doesn't match image F:\UnityProject\Own\Assess\Library\PackageCache\com.unity.visualscripting@1.7.8\Editor\VisualScripting.Core\Dependencies\YamlDotNet\Unity.VisualScripting.YamlDotNet.dll
Symbol file LoadedFromMemory doesn't match image F:\UnityProject\Own\Assess\Library\PackageCache\com.unity.visualscripting@1.7.8\Editor\VisualScripting.Core\Dependencies\DotNetZip\Unity.VisualScripting.IonicZip.dll
Native extension for WindowsStandalone target not found
Native extension for Android target not found
Native extension for WebGL target not found
Refreshing native plugins compatible for Editor in 0.54 ms, found 3 plugins.
Preloading 0 native plugins for Editor in 0.00 ms.
Mono: successfully reloaded assembly
- Completed reload, in  0.868 seconds
Domain Reload Profiling:
	ReloadAssembly (869ms)
		BeginReloadAssembly (113ms)
			ExecutionOrderSort (0ms)
			DisableScriptedObjects (3ms)
			BackupInstance (0ms)
			ReleaseScriptingObjects (0ms)
			CreateAndSetChildDomain (25ms)
		EndReloadAssembly (661ms)
			LoadAssemblies (96ms)
			RebuildTransferFunctionScriptingTraits (0ms)
			SetupTypeCache (133ms)
			ReleaseScriptCaches (1ms)
			RebuildScriptCaches (21ms)
			SetupLoadedEditorAssemblies (384ms)
				LogAssemblyErrors (0ms)
				InitializePlatformSupportModulesInManaged (13ms)
				SetLoadedEditorAssemblies (0ms)
				RefreshPlugins (1ms)
				BeforeProcessingInitializeOnLoad (45ms)
				ProcessInitializeOnLoadAttributes (205ms)
				ProcessInitializeOnLoadMethodAttributes (104ms)
				AfterProcessingInitializeOnLoad (15ms)
				EditorAssembliesLoaded (0ms)
			ExecutionOrderSort2 (0ms)
			AwakeInstancesAfterBackupRestoration (4ms)
Platform modules already initialized, skipping
Refreshing native plugins compatible for Editor in 3.81 ms, found 3 plugins.
Preloading 0 native plugins for Editor in 0.00 ms.
Unloading 4576 Unused Serialized files (Serialized files now loaded: 0)
Unloading 42 unused Assets / (27.3 KB). Loaded Objects now: 5142.
Memory consumption went from 157.1 MB to 157.1 MB.
Total: 9.147500 ms (FindLiveObjects: 0.159100 ms CreateObjectMapping: 0.057400 ms MarkObjects: 8.908800 ms  DeleteObjects: 0.021300 ms)

AssetImportParameters requested are different than current active one (requested -> active):
  custom:video-decoder-ogg-theora: a1e56fd34408186e4bbccfd4996cb3dc -> 
  custom:container-muxer-webm: aa71ff27fc2769a1b78a27578f13a17b -> 
  custom:container-demuxer-webm: 4f35f7cbe854078d1ac9338744f61a02 -> 
  custom:video-encoder-webm-vp8: eb34c28f22e8b96e1ab97ce403110664 -> 
  custom:audio-encoder-webm-vorbis: bf7c407c2cedff20999df2af8eb42d56 -> 
  custom:framework-win-MediaFoundation: 216162199b28c13a410421893ffa2e32 -> 
  custom:container-demuxer-ogg: 62fdf1f143b41e24485cea50d1cbac27 -> 
  custom:video-decoder-webm-vp8: 9c59270c3fd7afecdb556c50c9e8de78 -> 
  custom:audio-decoder-ogg-vorbis: bf7c407c2cedff20999df2af8eb42d56 -> 
========================================================================
Received Prepare
Registering precompiled user dll's ...
Registered in 0.028636 seconds.
Begin MonoManager ReloadAssembly
Symbol file LoadedFromMemory doesn't match image F:\UnityProject\Own\Assess\Library\PackageCache\com.unity.visualscripting@1.7.8\Editor\VisualScripting.Core\Dependencies\YamlDotNet\Unity.VisualScripting.YamlDotNet.dll
Symbol file LoadedFromMemory doesn't match image F:\UnityProject\Own\Assess\Library\PackageCache\com.unity.visualscripting@1.7.8\Editor\VisualScripting.Core\Dependencies\DotNetZip\Unity.VisualScripting.IonicZip.dll
Native extension for WindowsStandalone target not found
Native extension for Android target not found
Native extension for WebGL target not found
Refreshing native plugins compatible for Editor in 0.49 ms, found 3 plugins.
Preloading 0 native plugins for Editor in 0.00 ms.
Mono: successfully reloaded assembly
- Completed reload, in  0.916 seconds
Domain Reload Profiling:
	ReloadAssembly (916ms)
		BeginReloadAssembly (112ms)
			ExecutionOrderSort (0ms)
			DisableScriptedObjects (3ms)
			BackupInstance (0ms)
			ReleaseScriptingObjects (0ms)
			CreateAndSetChildDomain (25ms)
		EndReloadAssembly (702ms)
			LoadAssemblies (90ms)
			RebuildTransferFunctionScriptingTraits (0ms)
			SetupTypeCache (143ms)
			ReleaseScriptCaches (1ms)
			RebuildScriptCaches (23ms)
			SetupLoadedEditorAssemblies (404ms)
				LogAssemblyErrors (0ms)
				InitializePlatformSupportModulesInManaged (15ms)
				SetLoadedEditorAssemblies (0ms)
				RefreshPlugins (1ms)
				BeforeProcessingInitializeOnLoad (51ms)
				ProcessInitializeOnLoadAttributes (218ms)
				ProcessInitializeOnLoadMethodAttributes (102ms)
				AfterProcessingInitializeOnLoad (17ms)
				EditorAssembliesLoaded (0ms)
			ExecutionOrderSort2 (0ms)
			AwakeInstancesAfterBackupRestoration (4ms)
Platform modules already initialized, skipping
Refreshing native plugins compatible for Editor in 15.54 ms, found 3 plugins.
Preloading 0 native plugins for Editor in 0.00 ms.
Unloading 4576 Unused Serialized files (Serialized files now loaded: 0)
Unloading 42 unused Assets / (27.3 KB). Loaded Objects now: 5145.
Memory consumption went from 157.2 MB to 157.1 MB.
Total: 10.974300 ms (FindLiveObjects: 0.142800 ms CreateObjectMapping: 0.053600 ms MarkObjects: 10.752200 ms  DeleteObjects: 0.024600 ms)

AssetImportParameters requested are different than current active one (requested -> active):
  custom:video-decoder-ogg-theora: a1e56fd34408186e4bbccfd4996cb3dc -> 
  custom:container-muxer-webm: aa71ff27fc2769a1b78a27578f13a17b -> 
  custom:container-demuxer-webm: 4f35f7cbe854078d1ac9338744f61a02 -> 
  custom:video-encoder-webm-vp8: eb34c28f22e8b96e1ab97ce403110664 -> 
  custom:audio-encoder-webm-vorbis: bf7c407c2cedff20999df2af8eb42d56 -> 
  custom:framework-win-MediaFoundation: 216162199b28c13a410421893ffa2e32 -> 
  custom:container-demuxer-ogg: 62fdf1f143b41e24485cea50d1cbac27 -> 
  custom:video-decoder-webm-vp8: 9c59270c3fd7afecdb556c50c9e8de78 -> 
  custom:audio-decoder-ogg-vorbis: bf7c407c2cedff20999df2af8eb42d56 -> 
========================================================================
Received Import Request.
  Time since last request: 313.288880 seconds.
  path: Assets/Ugion/Res/Prefabs/UI/UI_MenuForm.prefab
  artifactKey: Guid(b87f9783d359b8242a2e1e152e8adf3b) Importer(815301076,1909f56bfc062723c751e8b465ee728b)
Start importing Assets/Ugion/Res/Prefabs/UI/UI_MenuForm.prefab using Guid(b87f9783d359b8242a2e1e152e8adf3b) Importer(815301076,1909f56bfc062723c751e8b465ee728b)  -> (artifact id: '93fd1eb65fc4afa6e9591eb1d74c8430') in 0.022301 seconds 
========================================================================
Received Prepare
Registering precompiled user dll's ...
Registered in 0.029203 seconds.
Begin MonoManager ReloadAssembly
Symbol file LoadedFromMemory doesn't match image F:\UnityProject\Own\Assess\Library\PackageCache\com.unity.visualscripting@1.7.8\Editor\VisualScripting.Core\Dependencies\YamlDotNet\Unity.VisualScripting.YamlDotNet.dll
Symbol file LoadedFromMemory doesn't match image F:\UnityProject\Own\Assess\Library\PackageCache\com.unity.visualscripting@1.7.8\Editor\VisualScripting.Core\Dependencies\DotNetZip\Unity.VisualScripting.IonicZip.dll
Native extension for WindowsStandalone target not found
Native extension for Android target not found
Native extension for WebGL target not found
Refreshing native plugins compatible for Editor in 0.55 ms, found 3 plugins.
Preloading 0 native plugins for Editor in 0.00 ms.
Mono: successfully reloaded assembly
- Completed reload, in  0.870 seconds
Domain Reload Profiling:
	ReloadAssembly (870ms)
		BeginReloadAssembly (111ms)
			ExecutionOrderSort (0ms)
			DisableScriptedObjects (3ms)
			BackupInstance (0ms)
			ReleaseScriptingObjects (0ms)
			CreateAndSetChildDomain (25ms)
		EndReloadAssembly (658ms)
			LoadAssemblies (94ms)
			RebuildTransferFunctionScriptingTraits (0ms)
			SetupTypeCache (141ms)
			ReleaseScriptCaches (1ms)
			RebuildScriptCaches (24ms)
			SetupLoadedEditorAssemblies (363ms)
				LogAssemblyErrors (0ms)
				InitializePlatformSupportModulesInManaged (15ms)
				SetLoadedEditorAssemblies (0ms)
				RefreshPlugins (1ms)
				BeforeProcessingInitializeOnLoad (46ms)
				ProcessInitializeOnLoadAttributes (198ms)
				ProcessInitializeOnLoadMethodAttributes (83ms)
				AfterProcessingInitializeOnLoad (20ms)
				EditorAssembliesLoaded (0ms)
			ExecutionOrderSort2 (0ms)
			AwakeInstancesAfterBackupRestoration (4ms)
Platform modules already initialized, skipping
Refreshing native plugins compatible for Editor in 4.71 ms, found 3 plugins.
Preloading 0 native plugins for Editor in 0.00 ms.
Unloading 4576 Unused Serialized files (Serialized files now loaded: 0)
Unloading 44 unused Assets / (28.8 KB). Loaded Objects now: 5148.
Memory consumption went from 157.2 MB to 157.1 MB.
Total: 9.167800 ms (FindLiveObjects: 0.146900 ms CreateObjectMapping: 0.052600 ms MarkObjects: 8.942500 ms  DeleteObjects: 0.025000 ms)

AssetImportParameters requested are different than current active one (requested -> active):
  custom:video-decoder-ogg-theora: a1e56fd34408186e4bbccfd4996cb3dc -> 
  custom:container-muxer-webm: aa71ff27fc2769a1b78a27578f13a17b -> 
  custom:container-demuxer-webm: 4f35f7cbe854078d1ac9338744f61a02 -> 
  custom:video-encoder-webm-vp8: eb34c28f22e8b96e1ab97ce403110664 -> 
  custom:audio-encoder-webm-vorbis: bf7c407c2cedff20999df2af8eb42d56 -> 
  custom:framework-win-MediaFoundation: 216162199b28c13a410421893ffa2e32 -> 
  custom:container-demuxer-ogg: 62fdf1f143b41e24485cea50d1cbac27 -> 
  custom:video-decoder-webm-vp8: 9c59270c3fd7afecdb556c50c9e8de78 -> 
  custom:audio-decoder-ogg-vorbis: bf7c407c2cedff20999df2af8eb42d56 -> 
========================================================================
Received Import Request.
  Time since last request: 83.832210 seconds.
  path: Assets/Ugion/Res/Prefabs/UI/UI_MenuForm.prefab
  artifactKey: Guid(b87f9783d359b8242a2e1e152e8adf3b) Importer(815301076,1909f56bfc062723c751e8b465ee728b)
Start importing Assets/Ugion/Res/Prefabs/UI/UI_MenuForm.prefab using Guid(b87f9783d359b8242a2e1e152e8adf3b) Importer(815301076,1909f56bfc062723c751e8b465ee728b)  -> (artifact id: '9da51890010330a4741de41e531d8e1d') in 0.024112 seconds 
========================================================================
Received Import Request.
  Time since last request: 85.729690 seconds.
  path: Assets/Ugion/Res/Prefabs/UI/Panel_MenuForm.prefab
  artifactKey: Guid(b87f9783d359b8242a2e1e152e8adf3b) Importer(815301076,1909f56bfc062723c751e8b465ee728b)
Start importing Assets/Ugion/Res/Prefabs/UI/Panel_MenuForm.prefab using Guid(b87f9783d359b8242a2e1e152e8adf3b) Importer(815301076,1909f56bfc062723c751e8b465ee728b)  -> (artifact id: '522f54dd64f91ac6d2f1d3fa5c57dae6') in 0.005471 seconds 
========================================================================
Received Prepare
Registering precompiled user dll's ...
Registered in 0.028481 seconds.
Begin MonoManager ReloadAssembly
Symbol file LoadedFromMemory doesn't match image F:\UnityProject\Own\Assess\Library\PackageCache\com.unity.visualscripting@1.7.8\Editor\VisualScripting.Core\Dependencies\YamlDotNet\Unity.VisualScripting.YamlDotNet.dll
Symbol file LoadedFromMemory doesn't match image F:\UnityProject\Own\Assess\Library\PackageCache\com.unity.visualscripting@1.7.8\Editor\VisualScripting.Core\Dependencies\DotNetZip\Unity.VisualScripting.IonicZip.dll
Native extension for WindowsStandalone target not found
Native extension for Android target not found
Native extension for WebGL target not found
Refreshing native plugins compatible for Editor in 0.44 ms, found 3 plugins.
Preloading 0 native plugins for Editor in 0.00 ms.
Mono: successfully reloaded assembly
- Completed reload, in  0.835 seconds
Domain Reload Profiling:
	ReloadAssembly (836ms)
		BeginReloadAssembly (106ms)
			ExecutionOrderSort (0ms)
			DisableScriptedObjects (3ms)
			BackupInstance (0ms)
			ReleaseScriptingObjects (0ms)
			CreateAndSetChildDomain (25ms)
		EndReloadAssembly (649ms)
			LoadAssemblies (87ms)
			RebuildTransferFunctionScriptingTraits (0ms)
			SetupTypeCache (137ms)
			ReleaseScriptCaches (1ms)
			RebuildScriptCaches (22ms)
			SetupLoadedEditorAssemblies (366ms)
				LogAssemblyErrors (0ms)
				InitializePlatformSupportModulesInManaged (14ms)
				SetLoadedEditorAssemblies (0ms)
				RefreshPlugins (0ms)
				BeforeProcessingInitializeOnLoad (43ms)
				ProcessInitializeOnLoadAttributes (206ms)
				ProcessInitializeOnLoadMethodAttributes (86ms)
				AfterProcessingInitializeOnLoad (15ms)
				EditorAssembliesLoaded (0ms)
			ExecutionOrderSort2 (0ms)
			AwakeInstancesAfterBackupRestoration (4ms)
Platform modules already initialized, skipping
Refreshing native plugins compatible for Editor in 4.37 ms, found 3 plugins.
Preloading 0 native plugins for Editor in 0.00 ms.
Unloading 4576 Unused Serialized files (Serialized files now loaded: 0)
Unloading 44 unused Assets / (28.8 KB). Loaded Objects now: 5151.
Memory consumption went from 157.2 MB to 157.2 MB.
Total: 9.142300 ms (FindLiveObjects: 0.144300 ms CreateObjectMapping: 0.051000 ms MarkObjects: 8.921500 ms  DeleteObjects: 0.024700 ms)

AssetImportParameters requested are different than current active one (requested -> active):
  custom:video-decoder-ogg-theora: a1e56fd34408186e4bbccfd4996cb3dc -> 
  custom:container-muxer-webm: aa71ff27fc2769a1b78a27578f13a17b -> 
  custom:container-demuxer-webm: 4f35f7cbe854078d1ac9338744f61a02 -> 
  custom:video-encoder-webm-vp8: eb34c28f22e8b96e1ab97ce403110664 -> 
  custom:audio-encoder-webm-vorbis: bf7c407c2cedff20999df2af8eb42d56 -> 
  custom:framework-win-MediaFoundation: 216162199b28c13a410421893ffa2e32 -> 
  custom:container-demuxer-ogg: 62fdf1f143b41e24485cea50d1cbac27 -> 
  custom:video-decoder-webm-vp8: 9c59270c3fd7afecdb556c50c9e8de78 -> 
  custom:audio-decoder-ogg-vorbis: bf7c407c2cedff20999df2af8eb42d56 -> 
========================================================================
Received Import Request.
  Time since last request: 38.000134 seconds.
  path: Assets/Ugion/Res/Prefabs/UI/UI_MenuForm.prefab
  artifactKey: Guid(b021b9060589da447b359267d25952c7) Importer(815301076,1909f56bfc062723c751e8b465ee728b)
Start importing Assets/Ugion/Res/Prefabs/UI/UI_MenuForm.prefab using Guid(b021b9060589da447b359267d25952c7) Importer(815301076,1909f56bfc062723c751e8b465ee728b)  -> (artifact id: '0c8648f996dd246c4dcbcac1e74f51ea') in 0.025315 seconds 
========================================================================
Received Import Request.
  Time since last request: 57.560452 seconds.
  path: Assets/Ugion/Res/Prefabs/UI/Panel_Menu.prefab
  artifactKey: Guid(dbfc51aed20f3f145bba821731d67776) Importer(815301076,1909f56bfc062723c751e8b465ee728b)
Start importing Assets/Ugion/Res/Prefabs/UI/Panel_Menu.prefab using Guid(dbfc51aed20f3f145bba821731d67776) Importer(815301076,1909f56bfc062723c751e8b465ee728b)  -> (artifact id: '18f71b5f2b7bf21441d32edec90cd4f5') in 0.005684 seconds 
========================================================================
Received Import Request.
  Time since last request: 16.917330 seconds.
  path: Assets/Ugion/Res/Prefabs/UI/UI_MenuForm.prefab
  artifactKey: Guid(b021b9060589da447b359267d25952c7) Importer(815301076,1909f56bfc062723c751e8b465ee728b)
Start importing Assets/Ugion/Res/Prefabs/UI/UI_MenuForm.prefab using Guid(b021b9060589da447b359267d25952c7) Importer(815301076,1909f56bfc062723c751e8b465ee728b)  -> (artifact id: '291225b615ed14363c5b43f1ede342ca') in 0.004686 seconds 
========================================================================
Received Import Request.
  Time since last request: 30.049925 seconds.
  path: Assets/Ugion/Res/Prefabs/UI/Panel_MenuForm.prefab
  artifactKey: Guid(dbfc51aed20f3f145bba821731d67776) Importer(815301076,1909f56bfc062723c751e8b465ee728b)
Start importing Assets/Ugion/Res/Prefabs/UI/Panel_MenuForm.prefab using Guid(dbfc51aed20f3f145bba821731d67776) Importer(815301076,1909f56bfc062723c751e8b465ee728b)  -> (artifact id: '63b3f59fb1cf9f6ead68e12b0bfdef23') in 0.004913 seconds 
========================================================================
Received Import Request.
  Time since last request: 4.421264 seconds.
  path: Assets/Ugion/Res/Prefabs/UI/UI_MenuForm.prefab
  artifactKey: Guid(b021b9060589da447b359267d25952c7) Importer(815301076,1909f56bfc062723c751e8b465ee728b)
Start importing Assets/Ugion/Res/Prefabs/UI/UI_MenuForm.prefab using Guid(b021b9060589da447b359267d25952c7) Importer(815301076,1909f56bfc062723c751e8b465ee728b)  -> (artifact id: 'bbd0c58b97c523c0211b9922e08d038d') in 0.004411 seconds 
========================================================================
Received Import Request.
  Time since last request: 29.394984 seconds.
  path: Assets/Ugion/Res/Prefabs/UI/UI_MenuForm.prefab
  artifactKey: Guid(b021b9060589da447b359267d25952c7) Importer(815301076,1909f56bfc062723c751e8b465ee728b)
Start importing Assets/Ugion/Res/Prefabs/UI/UI_MenuForm.prefab using Guid(b021b9060589da447b359267d25952c7) Importer(815301076,1909f56bfc062723c751e8b465ee728b)  -> (artifact id: 'a589d36f71ef93c9bb923b40e1ae256f') in 0.005189 seconds 
========================================================================
Received Prepare
Registering precompiled user dll's ...
Registered in 0.027477 seconds.
Begin MonoManager ReloadAssembly
Symbol file LoadedFromMemory doesn't match image F:\UnityProject\Own\Assess\Library\PackageCache\com.unity.visualscripting@1.7.8\Editor\VisualScripting.Core\Dependencies\YamlDotNet\Unity.VisualScripting.YamlDotNet.dll
Symbol file LoadedFromMemory doesn't match image F:\UnityProject\Own\Assess\Library\PackageCache\com.unity.visualscripting@1.7.8\Editor\VisualScripting.Core\Dependencies\DotNetZip\Unity.VisualScripting.IonicZip.dll
Native extension for WindowsStandalone target not found
Native extension for Android target not found
Native extension for WebGL target not found
Refreshing native plugins compatible for Editor in 0.44 ms, found 3 plugins.
Preloading 0 native plugins for Editor in 0.00 ms.
Mono: successfully reloaded assembly
- Completed reload, in  0.824 seconds
Domain Reload Profiling:
	ReloadAssembly (824ms)
		BeginReloadAssembly (104ms)
			ExecutionOrderSort (0ms)
			DisableScriptedObjects (3ms)
			BackupInstance (0ms)
			ReleaseScriptingObjects (0ms)
			CreateAndSetChildDomain (22ms)
		EndReloadAssembly (630ms)
			LoadAssemblies (87ms)
			RebuildTransferFunctionScriptingTraits (0ms)
			SetupTypeCache (132ms)
			ReleaseScriptCaches (1ms)
			RebuildScriptCaches (21ms)
			SetupLoadedEditorAssemblies (355ms)
				LogAssemblyErrors (0ms)
				InitializePlatformSupportModulesInManaged (13ms)
				SetLoadedEditorAssemblies (0ms)
				RefreshPlugins (0ms)
				BeforeProcessingInitializeOnLoad (42ms)
				ProcessInitializeOnLoadAttributes (179ms)
				ProcessInitializeOnLoadMethodAttributes (102ms)
				AfterProcessingInitializeOnLoad (17ms)
				EditorAssembliesLoaded (0ms)
			ExecutionOrderSort2 (0ms)
			AwakeInstancesAfterBackupRestoration (4ms)
Platform modules already initialized, skipping
Refreshing native plugins compatible for Editor in 4.26 ms, found 3 plugins.
Preloading 0 native plugins for Editor in 0.00 ms.
Unloading 4576 Unused Serialized files (Serialized files now loaded: 0)
Unloading 44 unused Assets / (28.8 KB). Loaded Objects now: 5154.
Memory consumption went from 157.2 MB to 157.2 MB.
Total: 9.111000 ms (FindLiveObjects: 0.180800 ms CreateObjectMapping: 0.070500 ms MarkObjects: 8.831800 ms  DeleteObjects: 0.027300 ms)

AssetImportParameters requested are different than current active one (requested -> active):
  custom:video-decoder-ogg-theora: a1e56fd34408186e4bbccfd4996cb3dc -> 
  custom:container-muxer-webm: aa71ff27fc2769a1b78a27578f13a17b -> 
  custom:container-demuxer-webm: 4f35f7cbe854078d1ac9338744f61a02 -> 
  custom:video-encoder-webm-vp8: eb34c28f22e8b96e1ab97ce403110664 -> 
  custom:audio-encoder-webm-vorbis: bf7c407c2cedff20999df2af8eb42d56 -> 
  custom:framework-win-MediaFoundation: 216162199b28c13a410421893ffa2e32 -> 
  custom:container-demuxer-ogg: 62fdf1f143b41e24485cea50d1cbac27 -> 
  custom:video-decoder-webm-vp8: 9c59270c3fd7afecdb556c50c9e8de78 -> 
  custom:audio-decoder-ogg-vorbis: bf7c407c2cedff20999df2af8eb42d56 -> 
========================================================================
Received Prepare
Registering precompiled user dll's ...
Registered in 0.030447 seconds.
Begin MonoManager ReloadAssembly
Symbol file LoadedFromMemory doesn't match image F:\UnityProject\Own\Assess\Library\PackageCache\com.unity.visualscripting@1.7.8\Editor\VisualScripting.Core\Dependencies\YamlDotNet\Unity.VisualScripting.YamlDotNet.dll
Symbol file LoadedFromMemory doesn't match image F:\UnityProject\Own\Assess\Library\PackageCache\com.unity.visualscripting@1.7.8\Editor\VisualScripting.Core\Dependencies\DotNetZip\Unity.VisualScripting.IonicZip.dll
Native extension for WindowsStandalone target not found
Native extension for Android target not found
Native extension for WebGL target not found
Refreshing native plugins compatible for Editor in 0.44 ms, found 3 plugins.
Preloading 0 native plugins for Editor in 0.00 ms.
Mono: successfully reloaded assembly
- Completed reload, in  0.920 seconds
Domain Reload Profiling:
	ReloadAssembly (920ms)
		BeginReloadAssembly (158ms)
			ExecutionOrderSort (0ms)
			DisableScriptedObjects (4ms)
			BackupInstance (0ms)
			ReleaseScriptingObjects (0ms)
			CreateAndSetChildDomain (31ms)
		EndReloadAssembly (662ms)
			LoadAssemblies (92ms)
			RebuildTransferFunctionScriptingTraits (0ms)
			SetupTypeCache (142ms)
			ReleaseScriptCaches (1ms)
			RebuildScriptCaches (23ms)
			SetupLoadedEditorAssemblies (363ms)
				LogAssemblyErrors (0ms)
				InitializePlatformSupportModulesInManaged (15ms)
				SetLoadedEditorAssemblies (0ms)
				RefreshPlugins (0ms)
				BeforeProcessingInitializeOnLoad (46ms)
				ProcessInitializeOnLoadAttributes (199ms)
				ProcessInitializeOnLoadMethodAttributes (85ms)
				AfterProcessingInitializeOnLoad (17ms)
				EditorAssembliesLoaded (0ms)
			ExecutionOrderSort2 (0ms)
			AwakeInstancesAfterBackupRestoration (4ms)
Platform modules already initialized, skipping
Refreshing native plugins compatible for Editor in 4.69 ms, found 3 plugins.
Preloading 0 native plugins for Editor in 0.00 ms.
Unloading 4576 Unused Serialized files (Serialized files now loaded: 0)
Unloading 42 unused Assets / (27.3 KB). Loaded Objects now: 5157.
Memory consumption went from 157.2 MB to 157.2 MB.
Total: 9.135600 ms (FindLiveObjects: 0.139300 ms CreateObjectMapping: 0.052000 ms MarkObjects: 8.925600 ms  DeleteObjects: 0.017800 ms)

AssetImportParameters requested are different than current active one (requested -> active):
  custom:video-decoder-ogg-theora: a1e56fd34408186e4bbccfd4996cb3dc -> 
  custom:container-muxer-webm: aa71ff27fc2769a1b78a27578f13a17b -> 
  custom:container-demuxer-webm: 4f35f7cbe854078d1ac9338744f61a02 -> 
  custom:video-encoder-webm-vp8: eb34c28f22e8b96e1ab97ce403110664 -> 
  custom:audio-encoder-webm-vorbis: bf7c407c2cedff20999df2af8eb42d56 -> 
  custom:framework-win-MediaFoundation: 216162199b28c13a410421893ffa2e32 -> 
  custom:container-demuxer-ogg: 62fdf1f143b41e24485cea50d1cbac27 -> 
  custom:video-decoder-webm-vp8: 9c59270c3fd7afecdb556c50c9e8de78 -> 
  custom:audio-decoder-ogg-vorbis: bf7c407c2cedff20999df2af8eb42d56 -> 
========================================================================
Received Prepare
Registering precompiled user dll's ...
Registered in 0.030697 seconds.
Begin MonoManager ReloadAssembly
Symbol file LoadedFromMemory doesn't match image F:\UnityProject\Own\Assess\Library\PackageCache\com.unity.visualscripting@1.7.8\Editor\VisualScripting.Core\Dependencies\YamlDotNet\Unity.VisualScripting.YamlDotNet.dll
Symbol file LoadedFromMemory doesn't match image F:\UnityProject\Own\Assess\Library\PackageCache\com.unity.visualscripting@1.7.8\Editor\VisualScripting.Core\Dependencies\DotNetZip\Unity.VisualScripting.IonicZip.dll
Native extension for WindowsStandalone target not found
Native extension for Android target not found
Native extension for WebGL target not found
Refreshing native plugins compatible for Editor in 0.51 ms, found 3 plugins.
Preloading 0 native plugins for Editor in 0.00 ms.
Mono: successfully reloaded assembly
- Completed reload, in  0.843 seconds
Domain Reload Profiling:
	ReloadAssembly (843ms)
		BeginReloadAssembly (99ms)
			ExecutionOrderSort (0ms)
			DisableScriptedObjects (3ms)
			BackupInstance (0ms)
			ReleaseScriptingObjects (0ms)
			CreateAndSetChildDomain (20ms)
		EndReloadAssembly (645ms)
			LoadAssemblies (81ms)
			RebuildTransferFunctionScriptingTraits (0ms)
			SetupTypeCache (139ms)
			ReleaseScriptCaches (1ms)
			RebuildScriptCaches (22ms)
			SetupLoadedEditorAssemblies (361ms)
				LogAssemblyErrors (0ms)
				InitializePlatformSupportModulesInManaged (13ms)
				SetLoadedEditorAssemblies (0ms)
				RefreshPlugins (1ms)
				BeforeProcessingInitializeOnLoad (46ms)
				ProcessInitializeOnLoadAttributes (184ms)
				ProcessInitializeOnLoadMethodAttributes (100ms)
				AfterProcessingInitializeOnLoad (17ms)
				EditorAssembliesLoaded (0ms)
			ExecutionOrderSort2 (0ms)
			AwakeInstancesAfterBackupRestoration (3ms)
Platform modules already initialized, skipping
Refreshing native plugins compatible for Editor in 3.98 ms, found 3 plugins.
Preloading 0 native plugins for Editor in 0.00 ms.
Unloading 4576 Unused Serialized files (Serialized files now loaded: 0)
Unloading 42 unused Assets / (27.3 KB). Loaded Objects now: 5160.
Memory consumption went from 157.2 MB to 157.2 MB.
Total: 9.155700 ms (FindLiveObjects: 0.144900 ms CreateObjectMapping: 0.052200 ms MarkObjects: 8.938600 ms  DeleteObjects: 0.019000 ms)

AssetImportParameters requested are different than current active one (requested -> active):
  custom:video-decoder-ogg-theora: a1e56fd34408186e4bbccfd4996cb3dc -> 
  custom:container-muxer-webm: aa71ff27fc2769a1b78a27578f13a17b -> 
  custom:container-demuxer-webm: 4f35f7cbe854078d1ac9338744f61a02 -> 
  custom:video-encoder-webm-vp8: eb34c28f22e8b96e1ab97ce403110664 -> 
  custom:audio-encoder-webm-vorbis: bf7c407c2cedff20999df2af8eb42d56 -> 
  custom:framework-win-MediaFoundation: 216162199b28c13a410421893ffa2e32 -> 
  custom:container-demuxer-ogg: 62fdf1f143b41e24485cea50d1cbac27 -> 
  custom:video-decoder-webm-vp8: 9c59270c3fd7afecdb556c50c9e8de78 -> 
  custom:audio-decoder-ogg-vorbis: bf7c407c2cedff20999df2af8eb42d56 -> 
========================================================================
Received Prepare
Registering precompiled user dll's ...
Registered in 0.149297 seconds.
Begin MonoManager ReloadAssembly
Symbol file LoadedFromMemory doesn't match image F:\UnityProject\Own\Assess\Library\PackageCache\com.unity.visualscripting@1.7.8\Editor\VisualScripting.Core\Dependencies\YamlDotNet\Unity.VisualScripting.YamlDotNet.dll
Symbol file LoadedFromMemory doesn't match image F:\UnityProject\Own\Assess\Library\PackageCache\com.unity.visualscripting@1.7.8\Editor\VisualScripting.Core\Dependencies\DotNetZip\Unity.VisualScripting.IonicZip.dll
Native extension for WindowsStandalone target not found
Native extension for Android target not found
Native extension for WebGL target not found
Refreshing native plugins compatible for Editor in 0.48 ms, found 3 plugins.
Preloading 0 native plugins for Editor in 0.00 ms.
Mono: successfully reloaded assembly
- Completed reload, in  0.838 seconds
Domain Reload Profiling:
	ReloadAssembly (838ms)
		BeginReloadAssembly (109ms)
			ExecutionOrderSort (0ms)
			DisableScriptedObjects (2ms)
			BackupInstance (0ms)
			ReleaseScriptingObjects (0ms)
			CreateAndSetChildDomain (21ms)
		EndReloadAssembly (641ms)
			LoadAssemblies (76ms)
			RebuildTransferFunctionScriptingTraits (0ms)
			SetupTypeCache (145ms)
			ReleaseScriptCaches (1ms)
			RebuildScriptCaches (23ms)
			SetupLoadedEditorAssemblies (364ms)
				LogAssemblyErrors (0ms)
				InitializePlatformSupportModulesInManaged (21ms)
				SetLoadedEditorAssemblies (0ms)
				RefreshPlugins (1ms)
				BeforeProcessingInitializeOnLoad (52ms)
				ProcessInitializeOnLoadAttributes (182ms)
				ProcessInitializeOnLoadMethodAttributes (84ms)
				AfterProcessingInitializeOnLoad (23ms)
				EditorAssembliesLoaded (0ms)
			ExecutionOrderSort2 (0ms)
			AwakeInstancesAfterBackupRestoration (4ms)
Platform modules already initialized, skipping
Refreshing native plugins compatible for Editor in 4.03 ms, found 3 plugins.
Preloading 0 native plugins for Editor in 0.00 ms.
Unloading 4576 Unused Serialized files (Serialized files now loaded: 0)
Unloading 42 unused Assets / (27.3 KB). Loaded Objects now: 5163.
Memory consumption went from 157.2 MB to 157.2 MB.
Total: 9.260100 ms (FindLiveObjects: 0.139900 ms CreateObjectMapping: 0.046800 ms MarkObjects: 9.050700 ms  DeleteObjects: 0.021400 ms)

AssetImportParameters requested are different than current active one (requested -> active):
  custom:video-decoder-ogg-theora: a1e56fd34408186e4bbccfd4996cb3dc -> 
  custom:container-muxer-webm: aa71ff27fc2769a1b78a27578f13a17b -> 
  custom:container-demuxer-webm: 4f35f7cbe854078d1ac9338744f61a02 -> 
  custom:video-encoder-webm-vp8: eb34c28f22e8b96e1ab97ce403110664 -> 
  custom:audio-encoder-webm-vorbis: bf7c407c2cedff20999df2af8eb42d56 -> 
  custom:framework-win-MediaFoundation: 216162199b28c13a410421893ffa2e32 -> 
  custom:container-demuxer-ogg: 62fdf1f143b41e24485cea50d1cbac27 -> 
  custom:video-decoder-webm-vp8: 9c59270c3fd7afecdb556c50c9e8de78 -> 
  custom:audio-decoder-ogg-vorbis: bf7c407c2cedff20999df2af8eb42d56 -> 
========================================================================
Received Prepare
Registering precompiled user dll's ...
Registered in 0.030161 seconds.
Begin MonoManager ReloadAssembly
Symbol file LoadedFromMemory doesn't match image F:\UnityProject\Own\Assess\Library\PackageCache\com.unity.visualscripting@1.7.8\Editor\VisualScripting.Core\Dependencies\YamlDotNet\Unity.VisualScripting.YamlDotNet.dll
Symbol file LoadedFromMemory doesn't match image F:\UnityProject\Own\Assess\Library\PackageCache\com.unity.visualscripting@1.7.8\Editor\VisualScripting.Core\Dependencies\DotNetZip\Unity.VisualScripting.IonicZip.dll
Native extension for WindowsStandalone target not found
Native extension for Android target not found
Native extension for WebGL target not found
Refreshing native plugins compatible for Editor in 0.45 ms, found 3 plugins.
Preloading 0 native plugins for Editor in 0.00 ms.
Mono: successfully reloaded assembly
- Completed reload, in  0.936 seconds
Domain Reload Profiling:
	ReloadAssembly (936ms)
		BeginReloadAssembly (102ms)
			ExecutionOrderSort (0ms)
			DisableScriptedObjects (3ms)
			BackupInstance (0ms)
			ReleaseScriptingObjects (0ms)
			CreateAndSetChildDomain (23ms)
		EndReloadAssembly (731ms)
			LoadAssemblies (83ms)
			RebuildTransferFunctionScriptingTraits (0ms)
			SetupTypeCache (148ms)
			ReleaseScriptCaches (1ms)
			RebuildScriptCaches (24ms)
			SetupLoadedEditorAssemblies (432ms)
				LogAssemblyErrors (0ms)
				InitializePlatformSupportModulesInManaged (21ms)
				SetLoadedEditorAssemblies (0ms)
				RefreshPlugins (0ms)
				BeforeProcessingInitializeOnLoad (120ms)
				ProcessInitializeOnLoadAttributes (190ms)
				ProcessInitializeOnLoadMethodAttributes (80ms)
				AfterProcessingInitializeOnLoad (19ms)
				EditorAssembliesLoaded (0ms)
			ExecutionOrderSort2 (0ms)
			AwakeInstancesAfterBackupRestoration (4ms)
Platform modules already initialized, skipping
Refreshing native plugins compatible for Editor in 4.04 ms, found 3 plugins.
Preloading 0 native plugins for Editor in 0.00 ms.
Unloading 4576 Unused Serialized files (Serialized files now loaded: 0)
Unloading 42 unused Assets / (27.4 KB). Loaded Objects now: 5166.
Memory consumption went from 157.2 MB to 157.2 MB.
Total: 8.789800 ms (FindLiveObjects: 0.139700 ms CreateObjectMapping: 0.052800 ms MarkObjects: 8.578200 ms  DeleteObjects: 0.018200 ms)

AssetImportParameters requested are different than current active one (requested -> active):
  custom:video-decoder-ogg-theora: a1e56fd34408186e4bbccfd4996cb3dc -> 
  custom:container-muxer-webm: aa71ff27fc2769a1b78a27578f13a17b -> 
  custom:container-demuxer-webm: 4f35f7cbe854078d1ac9338744f61a02 -> 
  custom:video-encoder-webm-vp8: eb34c28f22e8b96e1ab97ce403110664 -> 
  custom:audio-encoder-webm-vorbis: bf7c407c2cedff20999df2af8eb42d56 -> 
  custom:framework-win-MediaFoundation: 216162199b28c13a410421893ffa2e32 -> 
  custom:container-demuxer-ogg: 62fdf1f143b41e24485cea50d1cbac27 -> 
  custom:video-decoder-webm-vp8: 9c59270c3fd7afecdb556c50c9e8de78 -> 
  custom:audio-decoder-ogg-vorbis: bf7c407c2cedff20999df2af8eb42d56 -> 
========================================================================
Received Prepare
Registering precompiled user dll's ...
Registered in 0.030804 seconds.
Begin MonoManager ReloadAssembly
Symbol file LoadedFromMemory doesn't match image F:\UnityProject\Own\Assess\Library\PackageCache\com.unity.visualscripting@1.7.8\Editor\VisualScripting.Core\Dependencies\YamlDotNet\Unity.VisualScripting.YamlDotNet.dll
Symbol file LoadedFromMemory doesn't match image F:\UnityProject\Own\Assess\Library\PackageCache\com.unity.visualscripting@1.7.8\Editor\VisualScripting.Core\Dependencies\DotNetZip\Unity.VisualScripting.IonicZip.dll
Native extension for WindowsStandalone target not found
Native extension for Android target not found
Native extension for WebGL target not found
Refreshing native plugins compatible for Editor in 0.54 ms, found 3 plugins.
Preloading 0 native plugins for Editor in 0.00 ms.
Mono: successfully reloaded assembly
- Completed reload, in  0.847 seconds
Domain Reload Profiling:
	ReloadAssembly (847ms)
		BeginReloadAssembly (103ms)
			ExecutionOrderSort (0ms)
			DisableScriptedObjects (2ms)
			BackupInstance (0ms)
			ReleaseScriptingObjects (0ms)
			CreateAndSetChildDomain (22ms)
		EndReloadAssembly (650ms)
			LoadAssemblies (88ms)
			RebuildTransferFunctionScriptingTraits (0ms)
			SetupTypeCache (141ms)
			ReleaseScriptCaches (1ms)
			RebuildScriptCaches (24ms)
			SetupLoadedEditorAssemblies (355ms)
				LogAssemblyErrors (0ms)
				InitializePlatformSupportModulesInManaged (15ms)
				SetLoadedEditorAssemblies (0ms)
				RefreshPlugins (1ms)
				BeforeProcessingInitializeOnLoad (44ms)
				ProcessInitializeOnLoadAttributes (196ms)
				ProcessInitializeOnLoadMethodAttributes (84ms)
				AfterProcessingInitializeOnLoad (15ms)
				EditorAssembliesLoaded (0ms)
			ExecutionOrderSort2 (0ms)
			AwakeInstancesAfterBackupRestoration (4ms)
Platform modules already initialized, skipping
Refreshing native plugins compatible for Editor in 5.09 ms, found 3 plugins.
Preloading 0 native plugins for Editor in 0.00 ms.
Unloading 4576 Unused Serialized files (Serialized files now loaded: 0)
Unloading 42 unused Assets / (27.4 KB). Loaded Objects now: 5169.
Memory consumption went from 157.2 MB to 157.2 MB.
Total: 9.693700 ms (FindLiveObjects: 0.156800 ms CreateObjectMapping: 0.052700 ms MarkObjects: 9.459500 ms  DeleteObjects: 0.023100 ms)

AssetImportParameters requested are different than current active one (requested -> active):
  custom:video-decoder-ogg-theora: a1e56fd34408186e4bbccfd4996cb3dc -> 
  custom:container-muxer-webm: aa71ff27fc2769a1b78a27578f13a17b -> 
  custom:container-demuxer-webm: 4f35f7cbe854078d1ac9338744f61a02 -> 
  custom:video-encoder-webm-vp8: eb34c28f22e8b96e1ab97ce403110664 -> 
  custom:audio-encoder-webm-vorbis: bf7c407c2cedff20999df2af8eb42d56 -> 
  custom:framework-win-MediaFoundation: 216162199b28c13a410421893ffa2e32 -> 
  custom:container-demuxer-ogg: 62fdf1f143b41e24485cea50d1cbac27 -> 
  custom:video-decoder-webm-vp8: 9c59270c3fd7afecdb556c50c9e8de78 -> 
  custom:audio-decoder-ogg-vorbis: bf7c407c2cedff20999df2af8eb42d56 -> 
========================================================================
Received Import Request.
  Time since last request: 169.228218 seconds.
  path: Assets/Ugion/Res/Prefabs/UI/UI_MenuForm.prefab
  artifactKey: Guid(b021b9060589da447b359267d25952c7) Importer(815301076,1909f56bfc062723c751e8b465ee728b)
Start importing Assets/Ugion/Res/Prefabs/UI/UI_MenuForm.prefab using Guid(b021b9060589da447b359267d25952c7) Importer(815301076,1909f56bfc062723c751e8b465ee728b)  -> (artifact id: '4fcfe6b96b339d6ca5f87a07ecc2e0d1') in 0.024265 seconds 
========================================================================
Received Prepare
Registering precompiled user dll's ...
Registered in 0.027801 seconds.
Begin MonoManager ReloadAssembly
Symbol file LoadedFromMemory doesn't match image F:\UnityProject\Own\Assess\Library\PackageCache\com.unity.visualscripting@1.7.8\Editor\VisualScripting.Core\Dependencies\YamlDotNet\Unity.VisualScripting.YamlDotNet.dll
Symbol file LoadedFromMemory doesn't match image F:\UnityProject\Own\Assess\Library\PackageCache\com.unity.visualscripting@1.7.8\Editor\VisualScripting.Core\Dependencies\DotNetZip\Unity.VisualScripting.IonicZip.dll
Native extension for WindowsStandalone target not found
Native extension for Android target not found
Native extension for WebGL target not found
Refreshing native plugins compatible for Editor in 0.77 ms, found 3 plugins.
Preloading 0 native plugins for Editor in 0.00 ms.
Mono: successfully reloaded assembly
- Completed reload, in  0.862 seconds
Domain Reload Profiling:
	ReloadAssembly (862ms)
		BeginReloadAssembly (100ms)
			ExecutionOrderSort (0ms)
			DisableScriptedObjects (2ms)
			BackupInstance (0ms)
			ReleaseScriptingObjects (0ms)
			CreateAndSetChildDomain (23ms)
		EndReloadAssembly (676ms)
			LoadAssemblies (81ms)
			RebuildTransferFunctionScriptingTraits (0ms)
			SetupTypeCache (133ms)
			ReleaseScriptCaches (1ms)
			RebuildScriptCaches (23ms)
			SetupLoadedEditorAssemblies (403ms)
				LogAssemblyErrors (0ms)
				InitializePlatformSupportModulesInManaged (16ms)
				SetLoadedEditorAssemblies (0ms)
				RefreshPlugins (1ms)
				BeforeProcessingInitializeOnLoad (50ms)
				ProcessInitializeOnLoadAttributes (221ms)
				ProcessInitializeOnLoadMethodAttributes (101ms)
				AfterProcessingInitializeOnLoad (13ms)
				EditorAssembliesLoaded (0ms)
			ExecutionOrderSort2 (0ms)
			AwakeInstancesAfterBackupRestoration (3ms)
Platform modules already initialized, skipping
Refreshing native plugins compatible for Editor in 4.79 ms, found 3 plugins.
Preloading 0 native plugins for Editor in 0.00 ms.
Unloading 4576 Unused Serialized files (Serialized files now loaded: 0)
Unloading 44 unused Assets / (28.8 KB). Loaded Objects now: 5172.
Memory consumption went from 157.2 MB to 157.2 MB.
Total: 8.993600 ms (FindLiveObjects: 0.180200 ms CreateObjectMapping: 0.081300 ms MarkObjects: 8.707300 ms  DeleteObjects: 0.023800 ms)

AssetImportParameters requested are different than current active one (requested -> active):
  custom:video-decoder-ogg-theora: a1e56fd34408186e4bbccfd4996cb3dc -> 
  custom:container-muxer-webm: aa71ff27fc2769a1b78a27578f13a17b -> 
  custom:container-demuxer-webm: 4f35f7cbe854078d1ac9338744f61a02 -> 
  custom:video-encoder-webm-vp8: eb34c28f22e8b96e1ab97ce403110664 -> 
  custom:audio-encoder-webm-vorbis: bf7c407c2cedff20999df2af8eb42d56 -> 
  custom:framework-win-MediaFoundation: 216162199b28c13a410421893ffa2e32 -> 
  custom:container-demuxer-ogg: 62fdf1f143b41e24485cea50d1cbac27 -> 
  custom:video-decoder-webm-vp8: 9c59270c3fd7afecdb556c50c9e8de78 -> 
  custom:audio-decoder-ogg-vorbis: bf7c407c2cedff20999df2af8eb42d56 -> 
========================================================================
Received Prepare
Registering precompiled user dll's ...
Registered in 0.028938 seconds.
Begin MonoManager ReloadAssembly
Symbol file LoadedFromMemory doesn't match image F:\UnityProject\Own\Assess\Library\PackageCache\com.unity.visualscripting@1.7.8\Editor\VisualScripting.Core\Dependencies\YamlDotNet\Unity.VisualScripting.YamlDotNet.dll
Symbol file LoadedFromMemory doesn't match image F:\UnityProject\Own\Assess\Library\PackageCache\com.unity.visualscripting@1.7.8\Editor\VisualScripting.Core\Dependencies\DotNetZip\Unity.VisualScripting.IonicZip.dll
Native extension for WindowsStandalone target not found
Native extension for Android target not found
Native extension for WebGL target not found
Refreshing native plugins compatible for Editor in 0.41 ms, found 3 plugins.
Preloading 0 native plugins for Editor in 0.00 ms.
Mono: successfully reloaded assembly
- Completed reload, in  0.819 seconds
Domain Reload Profiling:
	ReloadAssembly (820ms)
		BeginReloadAssembly (102ms)
			ExecutionOrderSort (0ms)
			DisableScriptedObjects (3ms)
			BackupInstance (0ms)
			ReleaseScriptingObjects (0ms)
			CreateAndSetChildDomain (21ms)
		EndReloadAssembly (626ms)
			LoadAssemblies (80ms)
			RebuildTransferFunctionScriptingTraits (0ms)
			SetupTypeCache (139ms)
			ReleaseScriptCaches (1ms)
			RebuildScriptCaches (22ms)
			SetupLoadedEditorAssemblies (341ms)
				LogAssemblyErrors (0ms)
				InitializePlatformSupportModulesInManaged (13ms)
				SetLoadedEditorAssemblies (0ms)
				RefreshPlugins (0ms)
				BeforeProcessingInitializeOnLoad (46ms)
				ProcessInitializeOnLoadAttributes (184ms)
				ProcessInitializeOnLoadMethodAttributes (81ms)
				AfterProcessingInitializeOnLoad (16ms)
				EditorAssembliesLoaded (0ms)
			ExecutionOrderSort2 (0ms)
			AwakeInstancesAfterBackupRestoration (4ms)
Platform modules already initialized, skipping
Refreshing native plugins compatible for Editor in 8.49 ms, found 3 plugins.
Preloading 0 native plugins for Editor in 0.00 ms.
Unloading 4576 Unused Serialized files (Serialized files now loaded: 0)
Unloading 42 unused Assets / (27.2 KB). Loaded Objects now: 5175.
Memory consumption went from 157.2 MB to 157.2 MB.
Total: 9.292700 ms (FindLiveObjects: 0.145500 ms CreateObjectMapping: 0.051800 ms MarkObjects: 9.066400 ms  DeleteObjects: 0.028300 ms)

AssetImportParameters requested are different than current active one (requested -> active):
  custom:video-decoder-ogg-theora: a1e56fd34408186e4bbccfd4996cb3dc -> 
  custom:container-muxer-webm: aa71ff27fc2769a1b78a27578f13a17b -> 
  custom:container-demuxer-webm: 4f35f7cbe854078d1ac9338744f61a02 -> 
  custom:video-encoder-webm-vp8: eb34c28f22e8b96e1ab97ce403110664 -> 
  custom:audio-encoder-webm-vorbis: bf7c407c2cedff20999df2af8eb42d56 -> 
  custom:framework-win-MediaFoundation: 216162199b28c13a410421893ffa2e32 -> 
  custom:container-demuxer-ogg: 62fdf1f143b41e24485cea50d1cbac27 -> 
  custom:video-decoder-webm-vp8: 9c59270c3fd7afecdb556c50c9e8de78 -> 
  custom:audio-decoder-ogg-vorbis: bf7c407c2cedff20999df2af8eb42d56 -> 
========================================================================
Received Prepare
Registering precompiled user dll's ...
Registered in 0.035288 seconds.
Begin MonoManager ReloadAssembly
Symbol file LoadedFromMemory doesn't match image F:\UnityProject\Own\Assess\Library\PackageCache\com.unity.visualscripting@1.7.8\Editor\VisualScripting.Core\Dependencies\YamlDotNet\Unity.VisualScripting.YamlDotNet.dll
Symbol file LoadedFromMemory doesn't match image F:\UnityProject\Own\Assess\Library\PackageCache\com.unity.visualscripting@1.7.8\Editor\VisualScripting.Core\Dependencies\DotNetZip\Unity.VisualScripting.IonicZip.dll
Native extension for WindowsStandalone target not found
Native extension for Android target not found
Native extension for WebGL target not found
Refreshing native plugins compatible for Editor in 0.43 ms, found 3 plugins.
Preloading 0 native plugins for Editor in 0.00 ms.
Mono: successfully reloaded assembly
- Completed reload, in  0.839 seconds
Domain Reload Profiling:
	ReloadAssembly (839ms)
		BeginReloadAssembly (108ms)
			ExecutionOrderSort (0ms)
			DisableScriptedObjects (2ms)
			BackupInstance (0ms)
			ReleaseScriptingObjects (0ms)
			CreateAndSetChildDomain (23ms)
		EndReloadAssembly (640ms)
			LoadAssemblies (84ms)
			RebuildTransferFunctionScriptingTraits (0ms)
			SetupTypeCache (133ms)
			ReleaseScriptCaches (1ms)
			RebuildScriptCaches (22ms)
			SetupLoadedEditorAssemblies (367ms)
				LogAssemblyErrors (0ms)
				InitializePlatformSupportModulesInManaged (14ms)
				SetLoadedEditorAssemblies (0ms)
				RefreshPlugins (0ms)
				BeforeProcessingInitializeOnLoad (43ms)
				ProcessInitializeOnLoadAttributes (196ms)
				ProcessInitializeOnLoadMethodAttributes (92ms)
				AfterProcessingInitializeOnLoad (21ms)
				EditorAssembliesLoaded (0ms)
			ExecutionOrderSort2 (0ms)
			AwakeInstancesAfterBackupRestoration (4ms)
Platform modules already initialized, skipping
Refreshing native plugins compatible for Editor in 3.88 ms, found 3 plugins.
Preloading 0 native plugins for Editor in 0.00 ms.
Unloading 4576 Unused Serialized files (Serialized files now loaded: 0)
Unloading 42 unused Assets / (27.2 KB). Loaded Objects now: 5178.
Memory consumption went from 157.3 MB to 157.2 MB.
Total: 9.229900 ms (FindLiveObjects: 0.167400 ms CreateObjectMapping: 0.070700 ms MarkObjects: 8.972200 ms  DeleteObjects: 0.018600 ms)

AssetImportParameters requested are different than current active one (requested -> active):
  custom:video-decoder-ogg-theora: a1e56fd34408186e4bbccfd4996cb3dc -> 
  custom:container-muxer-webm: aa71ff27fc2769a1b78a27578f13a17b -> 
  custom:container-demuxer-webm: 4f35f7cbe854078d1ac9338744f61a02 -> 
  custom:video-encoder-webm-vp8: eb34c28f22e8b96e1ab97ce403110664 -> 
  custom:audio-encoder-webm-vorbis: bf7c407c2cedff20999df2af8eb42d56 -> 
  custom:framework-win-MediaFoundation: 216162199b28c13a410421893ffa2e32 -> 
  custom:container-demuxer-ogg: 62fdf1f143b41e24485cea50d1cbac27 -> 
  custom:video-decoder-webm-vp8: 9c59270c3fd7afecdb556c50c9e8de78 -> 
  custom:audio-decoder-ogg-vorbis: bf7c407c2cedff20999df2af8eb42d56 -> 
========================================================================
Received Prepare
Registering precompiled user dll's ...
Registered in 0.039210 seconds.
Begin MonoManager ReloadAssembly
Symbol file LoadedFromMemory doesn't match image F:\UnityProject\Own\Assess\Library\PackageCache\com.unity.visualscripting@1.7.8\Editor\VisualScripting.Core\Dependencies\YamlDotNet\Unity.VisualScripting.YamlDotNet.dll
Symbol file LoadedFromMemory doesn't match image F:\UnityProject\Own\Assess\Library\PackageCache\com.unity.visualscripting@1.7.8\Editor\VisualScripting.Core\Dependencies\DotNetZip\Unity.VisualScripting.IonicZip.dll
Native extension for WindowsStandalone target not found
Native extension for Android target not found
Native extension for WebGL target not found
Refreshing native plugins compatible for Editor in 0.48 ms, found 3 plugins.
Preloading 0 native plugins for Editor in 0.00 ms.
Mono: successfully reloaded assembly
- Completed reload, in  0.830 seconds
Domain Reload Profiling:
	ReloadAssembly (831ms)
		BeginReloadAssembly (109ms)
			ExecutionOrderSort (0ms)
			DisableScriptedObjects (2ms)
			BackupInstance (0ms)
			ReleaseScriptingObjects (0ms)
			CreateAndSetChildDomain (22ms)
		EndReloadAssembly (626ms)
			LoadAssemblies (86ms)
			RebuildTransferFunctionScriptingTraits (0ms)
			SetupTypeCache (131ms)
			ReleaseScriptCaches (1ms)
			RebuildScriptCaches (21ms)
			SetupLoadedEditorAssemblies (358ms)
				LogAssemblyErrors (0ms)
				InitializePlatformSupportModulesInManaged (15ms)
				SetLoadedEditorAssemblies (0ms)
				RefreshPlugins (1ms)
				BeforeProcessingInitializeOnLoad (51ms)
				ProcessInitializeOnLoadAttributes (190ms)
				ProcessInitializeOnLoadMethodAttributes (88ms)
				AfterProcessingInitializeOnLoad (14ms)
				EditorAssembliesLoaded (0ms)
			ExecutionOrderSort2 (0ms)
			AwakeInstancesAfterBackupRestoration (4ms)
Platform modules already initialized, skipping
Refreshing native plugins compatible for Editor in 3.90 ms, found 3 plugins.
Preloading 0 native plugins for Editor in 0.00 ms.
Unloading 4576 Unused Serialized files (Serialized files now loaded: 0)
Unloading 42 unused Assets / (27.3 KB). Loaded Objects now: 5181.
Memory consumption went from 157.3 MB to 157.2 MB.
Total: 8.841100 ms (FindLiveObjects: 0.137100 ms CreateObjectMapping: 0.051300 ms MarkObjects: 8.633300 ms  DeleteObjects: 0.018600 ms)

AssetImportParameters requested are different than current active one (requested -> active):
  custom:video-decoder-ogg-theora: a1e56fd34408186e4bbccfd4996cb3dc -> 
  custom:container-muxer-webm: aa71ff27fc2769a1b78a27578f13a17b -> 
  custom:container-demuxer-webm: 4f35f7cbe854078d1ac9338744f61a02 -> 
  custom:video-encoder-webm-vp8: eb34c28f22e8b96e1ab97ce403110664 -> 
  custom:audio-encoder-webm-vorbis: bf7c407c2cedff20999df2af8eb42d56 -> 
  custom:framework-win-MediaFoundation: 216162199b28c13a410421893ffa2e32 -> 
  custom:container-demuxer-ogg: 62fdf1f143b41e24485cea50d1cbac27 -> 
  custom:video-decoder-webm-vp8: 9c59270c3fd7afecdb556c50c9e8de78 -> 
  custom:audio-decoder-ogg-vorbis: bf7c407c2cedff20999df2af8eb42d56 -> 
========================================================================
Received Prepare
Registering precompiled user dll's ...
Registered in 0.027965 seconds.
Begin MonoManager ReloadAssembly
Symbol file LoadedFromMemory doesn't match image F:\UnityProject\Own\Assess\Library\PackageCache\com.unity.visualscripting@1.7.8\Editor\VisualScripting.Core\Dependencies\YamlDotNet\Unity.VisualScripting.YamlDotNet.dll
Symbol file LoadedFromMemory doesn't match image F:\UnityProject\Own\Assess\Library\PackageCache\com.unity.visualscripting@1.7.8\Editor\VisualScripting.Core\Dependencies\DotNetZip\Unity.VisualScripting.IonicZip.dll
Native extension for WindowsStandalone target not found
Native extension for Android target not found
Native extension for WebGL target not found
Refreshing native plugins compatible for Editor in 0.48 ms, found 3 plugins.
Preloading 0 native plugins for Editor in 0.00 ms.
Mono: successfully reloaded assembly
- Completed reload, in  1.005 seconds
Domain Reload Profiling:
	ReloadAssembly (1005ms)
		BeginReloadAssembly (224ms)
			ExecutionOrderSort (0ms)
			DisableScriptedObjects (3ms)
			BackupInstance (0ms)
			ReleaseScriptingObjects (0ms)
			CreateAndSetChildDomain (24ms)
		EndReloadAssembly (685ms)
			LoadAssemblies (140ms)
			RebuildTransferFunctionScriptingTraits (0ms)
			SetupTypeCache (142ms)
			ReleaseScriptCaches (1ms)
			RebuildScriptCaches (24ms)
			SetupLoadedEditorAssemblies (395ms)
				LogAssemblyErrors (0ms)
				InitializePlatformSupportModulesInManaged (15ms)
				SetLoadedEditorAssemblies (0ms)
				RefreshPlugins (1ms)
				BeforeProcessingInitializeOnLoad (45ms)
				ProcessInitializeOnLoadAttributes (200ms)
				ProcessInitializeOnLoadMethodAttributes (106ms)
				AfterProcessingInitializeOnLoad (28ms)
				EditorAssembliesLoaded (0ms)
			ExecutionOrderSort2 (0ms)
			AwakeInstancesAfterBackupRestoration (7ms)
Platform modules already initialized, skipping
Refreshing native plugins compatible for Editor in 4.61 ms, found 3 plugins.
Preloading 0 native plugins for Editor in 0.00 ms.
Unloading 4576 Unused Serialized files (Serialized files now loaded: 0)
Unloading 42 unused Assets / (27.3 KB). Loaded Objects now: 5184.
Memory consumption went from 157.3 MB to 157.2 MB.
Total: 9.124900 ms (FindLiveObjects: 0.144700 ms CreateObjectMapping: 0.049700 ms MarkObjects: 8.910800 ms  DeleteObjects: 0.018500 ms)

AssetImportParameters requested are different than current active one (requested -> active):
  custom:video-decoder-ogg-theora: a1e56fd34408186e4bbccfd4996cb3dc -> 
  custom:container-muxer-webm: aa71ff27fc2769a1b78a27578f13a17b -> 
  custom:container-demuxer-webm: 4f35f7cbe854078d1ac9338744f61a02 -> 
  custom:video-encoder-webm-vp8: eb34c28f22e8b96e1ab97ce403110664 -> 
  custom:audio-encoder-webm-vorbis: bf7c407c2cedff20999df2af8eb42d56 -> 
  custom:framework-win-MediaFoundation: 216162199b28c13a410421893ffa2e32 -> 
  custom:container-demuxer-ogg: 62fdf1f143b41e24485cea50d1cbac27 -> 
  custom:video-decoder-webm-vp8: 9c59270c3fd7afecdb556c50c9e8de78 -> 
  custom:audio-decoder-ogg-vorbis: bf7c407c2cedff20999df2af8eb42d56 -> 
========================================================================
Received Prepare
Registering precompiled user dll's ...
Registered in 0.030452 seconds.
Begin MonoManager ReloadAssembly
Symbol file LoadedFromMemory doesn't match image F:\UnityProject\Own\Assess\Library\PackageCache\com.unity.visualscripting@1.7.8\Editor\VisualScripting.Core\Dependencies\YamlDotNet\Unity.VisualScripting.YamlDotNet.dll
Symbol file LoadedFromMemory doesn't match image F:\UnityProject\Own\Assess\Library\PackageCache\com.unity.visualscripting@1.7.8\Editor\VisualScripting.Core\Dependencies\DotNetZip\Unity.VisualScripting.IonicZip.dll
Native extension for WindowsStandalone target not found
Native extension for Android target not found
Native extension for WebGL target not found
Refreshing native plugins compatible for Editor in 0.43 ms, found 3 plugins.
Preloading 0 native plugins for Editor in 0.00 ms.
Mono: successfully reloaded assembly
- Completed reload, in  0.840 seconds
Domain Reload Profiling:
	ReloadAssembly (841ms)
		BeginReloadAssembly (100ms)
			ExecutionOrderSort (0ms)
			DisableScriptedObjects (3ms)
			BackupInstance (0ms)
			ReleaseScriptingObjects (0ms)
			CreateAndSetChildDomain (21ms)
		EndReloadAssembly (646ms)
			LoadAssemblies (75ms)
			RebuildTransferFunctionScriptingTraits (0ms)
			SetupTypeCache (139ms)
			ReleaseScriptCaches (1ms)
			RebuildScriptCaches (22ms)
			SetupLoadedEditorAssemblies (376ms)
				LogAssemblyErrors (0ms)
				InitializePlatformSupportModulesInManaged (14ms)
				SetLoadedEditorAssemblies (0ms)
				RefreshPlugins (0ms)
				BeforeProcessingInitializeOnLoad (44ms)
				ProcessInitializeOnLoadAttributes (181ms)
				ProcessInitializeOnLoadMethodAttributes (97ms)
				AfterProcessingInitializeOnLoad (38ms)
				EditorAssembliesLoaded (0ms)
			ExecutionOrderSort2 (0ms)
			AwakeInstancesAfterBackupRestoration (4ms)
Platform modules already initialized, skipping
Refreshing native plugins compatible for Editor in 4.60 ms, found 3 plugins.
Preloading 0 native plugins for Editor in 0.00 ms.
Unloading 4576 Unused Serialized files (Serialized files now loaded: 0)
Unloading 42 unused Assets / (27.4 KB). Loaded Objects now: 5187.
Memory consumption went from 157.3 MB to 157.2 MB.
Total: 11.086200 ms (FindLiveObjects: 0.163700 ms CreateObjectMapping: 0.051700 ms MarkObjects: 10.851200 ms  DeleteObjects: 0.018500 ms)

AssetImportParameters requested are different than current active one (requested -> active):
  custom:video-decoder-ogg-theora: a1e56fd34408186e4bbccfd4996cb3dc -> 
  custom:container-muxer-webm: aa71ff27fc2769a1b78a27578f13a17b -> 
  custom:container-demuxer-webm: 4f35f7cbe854078d1ac9338744f61a02 -> 
  custom:video-encoder-webm-vp8: eb34c28f22e8b96e1ab97ce403110664 -> 
  custom:audio-encoder-webm-vorbis: bf7c407c2cedff20999df2af8eb42d56 -> 
  custom:framework-win-MediaFoundation: 216162199b28c13a410421893ffa2e32 -> 
  custom:container-demuxer-ogg: 62fdf1f143b41e24485cea50d1cbac27 -> 
  custom:video-decoder-webm-vp8: 9c59270c3fd7afecdb556c50c9e8de78 -> 
  custom:audio-decoder-ogg-vorbis: bf7c407c2cedff20999df2af8eb42d56 -> 
========================================================================
Received Prepare
Registering precompiled user dll's ...
Registered in 0.030854 seconds.
Begin MonoManager ReloadAssembly
Symbol file LoadedFromMemory doesn't match image F:\UnityProject\Own\Assess\Library\PackageCache\com.unity.visualscripting@1.7.8\Editor\VisualScripting.Core\Dependencies\YamlDotNet\Unity.VisualScripting.YamlDotNet.dll
Symbol file LoadedFromMemory doesn't match image F:\UnityProject\Own\Assess\Library\PackageCache\com.unity.visualscripting@1.7.8\Editor\VisualScripting.Core\Dependencies\DotNetZip\Unity.VisualScripting.IonicZip.dll
Native extension for WindowsStandalone target not found
Native extension for Android target not found
Native extension for WebGL target not found
Refreshing native plugins compatible for Editor in 0.47 ms, found 3 plugins.
Preloading 0 native plugins for Editor in 0.00 ms.
Mono: successfully reloaded assembly
- Completed reload, in  0.924 seconds
Domain Reload Profiling:
	ReloadAssembly (925ms)
		BeginReloadAssembly (111ms)
			ExecutionOrderSort (0ms)
			DisableScriptedObjects (3ms)
			BackupInstance (0ms)
			ReleaseScriptingObjects (0ms)
			CreateAndSetChildDomain (25ms)
		EndReloadAssembly (722ms)
			LoadAssemblies (83ms)
			RebuildTransferFunctionScriptingTraits (0ms)
			SetupTypeCache (154ms)
			ReleaseScriptCaches (1ms)
			RebuildScriptCaches (24ms)
			SetupLoadedEditorAssemblies (366ms)
				LogAssemblyErrors (0ms)
				InitializePlatformSupportModulesInManaged (15ms)
				SetLoadedEditorAssemblies (0ms)
				RefreshPlugins (1ms)
				BeforeProcessingInitializeOnLoad (48ms)
				ProcessInitializeOnLoadAttributes (202ms)
				ProcessInitializeOnLoadMethodAttributes (83ms)
				AfterProcessingInitializeOnLoad (17ms)
				EditorAssembliesLoaded (0ms)
			ExecutionOrderSort2 (0ms)
			AwakeInstancesAfterBackupRestoration (4ms)
Platform modules already initialized, skipping
Refreshing native plugins compatible for Editor in 4.26 ms, found 3 plugins.
Preloading 0 native plugins for Editor in 0.00 ms.
Unloading 4576 Unused Serialized files (Serialized files now loaded: 0)
Unloading 42 unused Assets / (27.3 KB). Loaded Objects now: 5190.
Memory consumption went from 157.3 MB to 157.3 MB.
Total: 8.782200 ms (FindLiveObjects: 0.143400 ms CreateObjectMapping: 0.053300 ms MarkObjects: 8.566100 ms  DeleteObjects: 0.018300 ms)

AssetImportParameters requested are different than current active one (requested -> active):
  custom:video-decoder-ogg-theora: a1e56fd34408186e4bbccfd4996cb3dc -> 
  custom:container-muxer-webm: aa71ff27fc2769a1b78a27578f13a17b -> 
  custom:container-demuxer-webm: 4f35f7cbe854078d1ac9338744f61a02 -> 
  custom:video-encoder-webm-vp8: eb34c28f22e8b96e1ab97ce403110664 -> 
  custom:audio-encoder-webm-vorbis: bf7c407c2cedff20999df2af8eb42d56 -> 
  custom:framework-win-MediaFoundation: 216162199b28c13a410421893ffa2e32 -> 
  custom:container-demuxer-ogg: 62fdf1f143b41e24485cea50d1cbac27 -> 
  custom:video-decoder-webm-vp8: 9c59270c3fd7afecdb556c50c9e8de78 -> 
  custom:audio-decoder-ogg-vorbis: bf7c407c2cedff20999df2af8eb42d56 -> 
========================================================================
Received Prepare
Registering precompiled user dll's ...
Registered in 0.029033 seconds.
Begin MonoManager ReloadAssembly
Symbol file LoadedFromMemory doesn't match image F:\UnityProject\Own\Assess\Library\PackageCache\com.unity.visualscripting@1.7.8\Editor\VisualScripting.Core\Dependencies\YamlDotNet\Unity.VisualScripting.YamlDotNet.dll
Symbol file LoadedFromMemory doesn't match image F:\UnityProject\Own\Assess\Library\PackageCache\com.unity.visualscripting@1.7.8\Editor\VisualScripting.Core\Dependencies\DotNetZip\Unity.VisualScripting.IonicZip.dll
Native extension for WindowsStandalone target not found
Native extension for Android target not found
Native extension for WebGL target not found
Refreshing native plugins compatible for Editor in 0.52 ms, found 3 plugins.
Preloading 0 native plugins for Editor in 0.00 ms.
Mono: successfully reloaded assembly
- Completed reload, in  0.915 seconds
Domain Reload Profiling:
	ReloadAssembly (916ms)
		BeginReloadAssembly (111ms)
			ExecutionOrderSort (0ms)
			DisableScriptedObjects (3ms)
			BackupInstance (0ms)
			ReleaseScriptingObjects (0ms)
			CreateAndSetChildDomain (24ms)
		EndReloadAssembly (709ms)
			LoadAssemblies (93ms)
			RebuildTransferFunctionScriptingTraits (0ms)
			SetupTypeCache (142ms)
			ReleaseScriptCaches (1ms)
			RebuildScriptCaches (24ms)
			SetupLoadedEditorAssemblies (408ms)
				LogAssemblyErrors (0ms)
				InitializePlatformSupportModulesInManaged (21ms)
				SetLoadedEditorAssemblies (0ms)
				RefreshPlugins (1ms)
				BeforeProcessingInitializeOnLoad (112ms)
				ProcessInitializeOnLoadAttributes (177ms)
				ProcessInitializeOnLoadMethodAttributes (81ms)
				AfterProcessingInitializeOnLoad (16ms)
				EditorAssembliesLoaded (0ms)
			ExecutionOrderSort2 (0ms)
			AwakeInstancesAfterBackupRestoration (4ms)
Platform modules already initialized, skipping
Refreshing native plugins compatible for Editor in 4.19 ms, found 3 plugins.
Preloading 0 native plugins for Editor in 0.00 ms.
Unloading 4576 Unused Serialized files (Serialized files now loaded: 0)
Unloading 42 unused Assets / (27.4 KB). Loaded Objects now: 5193.
Memory consumption went from 157.3 MB to 157.3 MB.
Total: 8.800800 ms (FindLiveObjects: 0.149700 ms CreateObjectMapping: 0.060400 ms MarkObjects: 8.570100 ms  DeleteObjects: 0.019800 ms)

AssetImportParameters requested are different than current active one (requested -> active):
  custom:video-decoder-ogg-theora: a1e56fd34408186e4bbccfd4996cb3dc -> 
  custom:container-muxer-webm: aa71ff27fc2769a1b78a27578f13a17b -> 
  custom:container-demuxer-webm: 4f35f7cbe854078d1ac9338744f61a02 -> 
  custom:video-encoder-webm-vp8: eb34c28f22e8b96e1ab97ce403110664 -> 
  custom:audio-encoder-webm-vorbis: bf7c407c2cedff20999df2af8eb42d56 -> 
  custom:framework-win-MediaFoundation: 216162199b28c13a410421893ffa2e32 -> 
  custom:container-demuxer-ogg: 62fdf1f143b41e24485cea50d1cbac27 -> 
  custom:video-decoder-webm-vp8: 9c59270c3fd7afecdb556c50c9e8de78 -> 
  custom:audio-decoder-ogg-vorbis: bf7c407c2cedff20999df2af8eb42d56 -> 
========================================================================
Received Prepare
Registering precompiled user dll's ...
Registered in 0.024060 seconds.
Begin MonoManager ReloadAssembly
Symbol file LoadedFromMemory doesn't match image F:\UnityProject\Own\Assess\Library\PackageCache\com.unity.visualscripting@1.7.8\Editor\VisualScripting.Core\Dependencies\YamlDotNet\Unity.VisualScripting.YamlDotNet.dll
Symbol file LoadedFromMemory doesn't match image F:\UnityProject\Own\Assess\Library\PackageCache\com.unity.visualscripting@1.7.8\Editor\VisualScripting.Core\Dependencies\DotNetZip\Unity.VisualScripting.IonicZip.dll
Native extension for WindowsStandalone target not found
Native extension for Android target not found
Native extension for WebGL target not found
Refreshing native plugins compatible for Editor in 0.47 ms, found 3 plugins.
Preloading 0 native plugins for Editor in 0.00 ms.
Mono: successfully reloaded assembly
- Completed reload, in  1.033 seconds
Domain Reload Profiling:
	ReloadAssembly (1034ms)
		BeginReloadAssembly (232ms)
			ExecutionOrderSort (0ms)
			DisableScriptedObjects (15ms)
			BackupInstance (0ms)
			ReleaseScriptingObjects (0ms)
			CreateAndSetChildDomain (74ms)
		EndReloadAssembly (708ms)
			LoadAssemblies (99ms)
			RebuildTransferFunctionScriptingTraits (0ms)
			SetupTypeCache (155ms)
			ReleaseScriptCaches (1ms)
			RebuildScriptCaches (23ms)
			SetupLoadedEditorAssemblies (398ms)
				LogAssemblyErrors (0ms)
				InitializePlatformSupportModulesInManaged (14ms)
				SetLoadedEditorAssemblies (0ms)
				RefreshPlugins (1ms)
				BeforeProcessingInitializeOnLoad (45ms)
				ProcessInitializeOnLoadAttributes (206ms)
				ProcessInitializeOnLoadMethodAttributes (119ms)
				AfterProcessingInitializeOnLoad (13ms)
				EditorAssembliesLoaded (0ms)
			ExecutionOrderSort2 (0ms)
			AwakeInstancesAfterBackupRestoration (5ms)
Platform modules already initialized, skipping
Refreshing native plugins compatible for Editor in 3.92 ms, found 3 plugins.
Preloading 0 native plugins for Editor in 0.00 ms.
Unloading 4576 Unused Serialized files (Serialized files now loaded: 0)
Unloading 42 unused Assets / (27.3 KB). Loaded Objects now: 5196.
Memory consumption went from 157.3 MB to 157.3 MB.
Total: 10.856000 ms (FindLiveObjects: 0.359500 ms CreateObjectMapping: 0.075100 ms MarkObjects: 10.367900 ms  DeleteObjects: 0.051200 ms)

AssetImportParameters requested are different than current active one (requested -> active):
  custom:video-decoder-ogg-theora: a1e56fd34408186e4bbccfd4996cb3dc -> 
  custom:container-muxer-webm: aa71ff27fc2769a1b78a27578f13a17b -> 
  custom:container-demuxer-webm: 4f35f7cbe854078d1ac9338744f61a02 -> 
  custom:video-encoder-webm-vp8: eb34c28f22e8b96e1ab97ce403110664 -> 
  custom:audio-encoder-webm-vorbis: bf7c407c2cedff20999df2af8eb42d56 -> 
  custom:framework-win-MediaFoundation: 216162199b28c13a410421893ffa2e32 -> 
  custom:container-demuxer-ogg: 62fdf1f143b41e24485cea50d1cbac27 -> 
  custom:video-decoder-webm-vp8: 9c59270c3fd7afecdb556c50c9e8de78 -> 
  custom:audio-decoder-ogg-vorbis: bf7c407c2cedff20999df2af8eb42d56 -> 
========================================================================
Received Import Request.
  Time since last request: 84847.176936 seconds.
  path: Assets/GameMain/DataTables/Armor.txt
  artifactKey: Guid(b2cebe04343227945bab3729ca9a3493) Importer(815301076,1909f56bfc062723c751e8b465ee728b)
Start importing Assets/GameMain/DataTables/Armor.txt using Guid(b2cebe04343227945bab3729ca9a3493) Importer(815301076,1909f56bfc062723c751e8b465ee728b)  -> (artifact id: '1577de8f84114505765efefc9b2d6b5f') in 0.099399 seconds 
========================================================================
Received Import Request.
  Time since last request: 0.152079 seconds.
  path: Assets/GameMain/DataTables/Entity.bytes
  artifactKey: Guid(97d117308cf86924289e81e7e71dd5dd) Importer(815301076,1909f56bfc062723c751e8b465ee728b)
Start importing Assets/GameMain/DataTables/Entity.bytes using Guid(97d117308cf86924289e81e7e71dd5dd) Importer(815301076,1909f56bfc062723c751e8b465ee728b)  -> (artifact id: '1486b0d180a727afaa12aca989bcbc9f') in 0.001718 seconds 
========================================================================
Received Import Request.
  Time since last request: 0.391916 seconds.
  path: Assets/GameMain/DataTables/Music.bytes
  artifactKey: Guid(9b433f0bb7fef6f4085c316a0d88c307) Importer(815301076,1909f56bfc062723c751e8b465ee728b)
Start importing Assets/GameMain/DataTables/Music.bytes using Guid(9b433f0bb7fef6f4085c316a0d88c307) Importer(815301076,1909f56bfc062723c751e8b465ee728b)  -> (artifact id: 'e42bd934f23fc477d9736d7af0241f34') in 0.001847 seconds 
========================================================================
Received Import Request.
  Time since last request: 0.700398 seconds.
  path: Assets/GameMain/DataTables/Thruster.txt
  artifactKey: Guid(9c3961f379234354e813d7b38146424d) Importer(815301076,1909f56bfc062723c751e8b465ee728b)
Start importing Assets/GameMain/DataTables/Thruster.txt using Guid(9c3961f379234354e813d7b38146424d) Importer(815301076,1909f56bfc062723c751e8b465ee728b)  -> (artifact id: '8892d360c35944ac1358af06ba620e00') in 0.001592 seconds 
========================================================================
Received Import Request.
  Time since last request: 1.979280 seconds.
  path: Assets/GameMain/DataTables/UISound.txt
  artifactKey: Guid(f2f97a713beae744181ba934f9c4113a) Importer(815301076,1909f56bfc062723c751e8b465ee728b)
Start importing Assets/GameMain/DataTables/UISound.txt using Guid(f2f97a713beae744181ba934f9c4113a) Importer(815301076,1909f56bfc062723c751e8b465ee728b)  -> (artifact id: '96157bc5acceeb48d6734d1855ec1e5f') in 0.001699 seconds 
========================================================================
Received Import Request.
  Time since last request: 4.963550 seconds.
  path: Assets
  artifactKey: Guid(00000000000000001000000000000000) Importer(815301076,1909f56bfc062723c751e8b465ee728b)
Start importing Assets using Guid(00000000000000001000000000000000) Importer(815301076,1909f56bfc062723c751e8b465ee728b)  -> (artifact id: '79842766b460edbeab6a34051e857a80') in 0.001223 seconds 
========================================================================
Received Import Request.
  Time since last request: 4.259928 seconds.
  path: Assets/Plugins
  artifactKey: Guid(d06120b23b8702a4c9af53cf0fac6839) Importer(815301076,1909f56bfc062723c751e8b465ee728b)
Start importing Assets/Plugins using Guid(d06120b23b8702a4c9af53cf0fac6839) Importer(815301076,1909f56bfc062723c751e8b465ee728b)  -> (artifact id: '6dd8f7185f0f53d30d85f2c09fc77fd0') in 0.001431 seconds 
========================================================================
Received Import Request.
  Time since last request: 33.764217 seconds.
  path: Assets/Plugins/ExcelImporter/Editor/NPOI/Net20/ICSharpCode.SharpZipLib.dll
  artifactKey: Guid(c40fa44ef92484897a46e32fdf45dda1) Importer(815301076,1909f56bfc062723c751e8b465ee728b)
Start importing Assets/Plugins/ExcelImporter/Editor/NPOI/Net20/ICSharpCode.SharpZipLib.dll using Guid(c40fa44ef92484897a46e32fdf45dda1) Importer(815301076,1909f56bfc062723c751e8b465ee728b)  -> (artifact id: '23ec4291cd84c68ff0267887a0beb860') in 0.001296 seconds 
========================================================================
Received Prepare
Registering precompiled user dll's ...
Registered in 0.028889 seconds.
Begin MonoManager ReloadAssembly
Symbol file LoadedFromMemory doesn't match image F:\UnityProject\Own\Assess\Library\PackageCache\com.unity.visualscripting@1.7.8\Editor\VisualScripting.Core\Dependencies\YamlDotNet\Unity.VisualScripting.YamlDotNet.dll
Symbol file LoadedFromMemory doesn't match image F:\UnityProject\Own\Assess\Library\PackageCache\com.unity.visualscripting@1.7.8\Editor\VisualScripting.Core\Dependencies\DotNetZip\Unity.VisualScripting.IonicZip.dll
Native extension for WindowsStandalone target not found
Native extension for Android target not found
Native extension for WebGL target not found
Refreshing native plugins compatible for Editor in 0.43 ms, found 3 plugins.
Preloading 0 native plugins for Editor in 0.00 ms.
Mono: successfully reloaded assembly
- Completed reload, in  0.863 seconds
Domain Reload Profiling:
	ReloadAssembly (863ms)
		BeginReloadAssembly (133ms)
			ExecutionOrderSort (0ms)
			DisableScriptedObjects (5ms)
			BackupInstance (0ms)
			ReleaseScriptingObjects (0ms)
			CreateAndSetChildDomain (42ms)
		EndReloadAssembly (649ms)
			LoadAssemblies (88ms)
			RebuildTransferFunctionScriptingTraits (0ms)
			SetupTypeCache (160ms)
			ReleaseScriptCaches (1ms)
			RebuildScriptCaches (22ms)
			SetupLoadedEditorAssemblies (362ms)
				LogAssemblyErrors (0ms)
				InitializePlatformSupportModulesInManaged (15ms)
				SetLoadedEditorAssemblies (0ms)
				RefreshPlugins (0ms)
				BeforeProcessingInitializeOnLoad (37ms)
				ProcessInitializeOnLoadAttributes (193ms)
				ProcessInitializeOnLoadMethodAttributes (107ms)
				AfterProcessingInitializeOnLoad (9ms)
				EditorAssembliesLoaded (0ms)
			ExecutionOrderSort2 (0ms)
			AwakeInstancesAfterBackupRestoration (4ms)
Platform modules already initialized, skipping
Refreshing native plugins compatible for Editor in 3.30 ms, found 3 plugins.
Preloading 0 native plugins for Editor in 0.00 ms.
Unloading 4586 Unused Serialized files (Serialized files now loaded: 0)
Unloading 46 unused Assets / (28.4 KB). Loaded Objects now: 5205.
Memory consumption went from 157.6 MB to 157.6 MB.
Total: 10.633800 ms (FindLiveObjects: 0.157600 ms CreateObjectMapping: 0.055600 ms MarkObjects: 10.320000 ms  DeleteObjects: 0.099600 ms)

AssetImportParameters requested are different than current active one (requested -> active):
  custom:video-decoder-ogg-theora: a1e56fd34408186e4bbccfd4996cb3dc -> 
  custom:container-muxer-webm: aa71ff27fc2769a1b78a27578f13a17b -> 
  custom:container-demuxer-webm: 4f35f7cbe854078d1ac9338744f61a02 -> 
  custom:video-encoder-webm-vp8: eb34c28f22e8b96e1ab97ce403110664 -> 
  custom:audio-encoder-webm-vorbis: bf7c407c2cedff20999df2af8eb42d56 -> 
  custom:framework-win-MediaFoundation: 216162199b28c13a410421893ffa2e32 -> 
  custom:container-demuxer-ogg: 62fdf1f143b41e24485cea50d1cbac27 -> 
  custom:video-decoder-webm-vp8: 9c59270c3fd7afecdb556c50c9e8de78 -> 
  custom:audio-decoder-ogg-vorbis: bf7c407c2cedff20999df2af8eb42d56 -> 
========================================================================
Received Import Request.
  Time since last request: 18.889774 seconds.
  path: Assets/Plugins/ExcelImporter/Editor/NPOI/Net20/NPOI.XML
  artifactKey: Guid(379096ee40e5e40f8804f57b54489f98) Importer(815301076,1909f56bfc062723c751e8b465ee728b)
Start importing Assets/Plugins/ExcelImporter/Editor/NPOI/Net20/NPOI.XML using Guid(379096ee40e5e40f8804f57b54489f98) Importer(815301076,1909f56bfc062723c751e8b465ee728b)  -> (artifact id: '5d925a0c86308772a6d8b253449ef446') in 0.014942 seconds 
========================================================================
Received Import Request.
  Time since last request: 167.673269 seconds.
  path: Assets/Plugins/Sirenix
  artifactKey: Guid(156acbe9b63736c40a20a8adb164010b) Importer(815301076,1909f56bfc062723c751e8b465ee728b)
Start importing Assets/Plugins/Sirenix using Guid(156acbe9b63736c40a20a8adb164010b) Importer(815301076,1909f56bfc062723c751e8b465ee728b)  -> (artifact id: '87a426ab4aae5d584bba2fcee9bfb621') in 0.001394 seconds 
========================================================================
Received Import Request.
  Time since last request: 1.197450 seconds.
  path: Assets/Plugins/Sirenix/Demos
  artifactKey: Guid(39584688cfac6ff44bd94124e5bc1ca7) Importer(815301076,1909f56bfc062723c751e8b465ee728b)
Start importing Assets/Plugins/Sirenix/Demos using Guid(39584688cfac6ff44bd94124e5bc1ca7) Importer(815301076,1909f56bfc062723c751e8b465ee728b)  -> (artifact id: '781b01c46340286b3eeea7bad5587eb3') in 0.001177 seconds 
========================================================================
Received Prepare
Registering precompiled user dll's ...
Registered in 0.025800 seconds.
Begin MonoManager ReloadAssembly
Symbol file LoadedFromMemory doesn't match image F:\UnityProject\Own\Assess\Library\PackageCache\com.unity.visualscripting@1.7.8\Editor\VisualScripting.Core\Dependencies\YamlDotNet\Unity.VisualScripting.YamlDotNet.dll
Symbol file LoadedFromMemory doesn't match image F:\UnityProject\Own\Assess\Library\PackageCache\com.unity.visualscripting@1.7.8\Editor\VisualScripting.Core\Dependencies\DotNetZip\Unity.VisualScripting.IonicZip.dll
Native extension for WindowsStandalone target not found
Native extension for Android target not found
Native extension for WebGL target not found
Refreshing native plugins compatible for Editor in 0.52 ms, found 3 plugins.
Preloading 0 native plugins for Editor in 0.00 ms.
Mono: successfully reloaded assembly
- Completed reload, in  0.796 seconds
Domain Reload Profiling:
	ReloadAssembly (796ms)
		BeginReloadAssembly (90ms)
			ExecutionOrderSort (0ms)
			DisableScriptedObjects (3ms)
			BackupInstance (0ms)
			ReleaseScriptingObjects (0ms)
			CreateAndSetChildDomain (27ms)
		EndReloadAssembly (633ms)
			LoadAssemblies (58ms)
			RebuildTransferFunctionScriptingTraits (0ms)
			SetupTypeCache (145ms)
			ReleaseScriptCaches (1ms)
			RebuildScriptCaches (23ms)
			SetupLoadedEditorAssemblies (369ms)
				LogAssemblyErrors (0ms)
				InitializePlatformSupportModulesInManaged (13ms)
				SetLoadedEditorAssemblies (0ms)
				RefreshPlugins (1ms)
				BeforeProcessingInitializeOnLoad (39ms)
				ProcessInitializeOnLoadAttributes (203ms)
				ProcessInitializeOnLoadMethodAttributes (103ms)
				AfterProcessingInitializeOnLoad (9ms)
				EditorAssembliesLoaded (0ms)
			ExecutionOrderSort2 (0ms)
			AwakeInstancesAfterBackupRestoration (4ms)
Platform modules already initialized, skipping
Refreshing native plugins compatible for Editor in 3.38 ms, found 3 plugins.
Preloading 0 native plugins for Editor in 0.00 ms.
Unloading 4712 Unused Serialized files (Serialized files now loaded: 0)
Unloading 88 unused Assets / (28.3 KB). Loaded Objects now: 5346.
Memory consumption went from 169.3 MB to 169.3 MB.
Total: 9.648300 ms (FindLiveObjects: 0.141700 ms CreateObjectMapping: 0.053900 ms MarkObjects: 9.420000 ms  DeleteObjects: 0.032000 ms)

AssetImportParameters requested are different than current active one (requested -> active):
  custom:video-decoder-ogg-theora: a1e56fd34408186e4bbccfd4996cb3dc -> 
  custom:container-muxer-webm: aa71ff27fc2769a1b78a27578f13a17b -> 
  custom:container-demuxer-webm: 4f35f7cbe854078d1ac9338744f61a02 -> 
  custom:video-encoder-webm-vp8: eb34c28f22e8b96e1ab97ce403110664 -> 
  custom:audio-encoder-webm-vorbis: bf7c407c2cedff20999df2af8eb42d56 -> 
  custom:framework-win-MediaFoundation: 216162199b28c13a410421893ffa2e32 -> 
  custom:container-demuxer-ogg: 62fdf1f143b41e24485cea50d1cbac27 -> 
  custom:video-decoder-webm-vp8: 9c59270c3fd7afecdb556c50c9e8de78 -> 
  custom:audio-decoder-ogg-vorbis: bf7c407c2cedff20999df2af8eb42d56 -> 
========================================================================
Received Prepare
Registering precompiled user dll's ...
Registered in 0.023346 seconds.
Begin MonoManager ReloadAssembly
Symbol file LoadedFromMemory doesn't match image F:\UnityProject\Own\Assess\Library\PackageCache\com.unity.visualscripting@1.7.8\Editor\VisualScripting.Core\Dependencies\YamlDotNet\Unity.VisualScripting.YamlDotNet.dll
Symbol file LoadedFromMemory doesn't match image F:\UnityProject\Own\Assess\Library\PackageCache\com.unity.visualscripting@1.7.8\Editor\VisualScripting.Core\Dependencies\DotNetZip\Unity.VisualScripting.IonicZip.dll
Native extension for WindowsStandalone target not found
Native extension for Android target not found
Native extension for WebGL target not found
Refreshing native plugins compatible for Editor in 0.66 ms, found 3 plugins.
Preloading 0 native plugins for Editor in 0.00 ms.
Mono: successfully reloaded assembly
- Completed reload, in  0.809 seconds
Domain Reload Profiling:
	ReloadAssembly (810ms)
		BeginReloadAssembly (97ms)
			ExecutionOrderSort (0ms)
			DisableScriptedObjects (3ms)
			BackupInstance (0ms)
			ReleaseScriptingObjects (0ms)
			CreateAndSetChildDomain (26ms)
		EndReloadAssembly (635ms)
			LoadAssemblies (67ms)
			RebuildTransferFunctionScriptingTraits (0ms)
			SetupTypeCache (150ms)
			ReleaseScriptCaches (1ms)
			RebuildScriptCaches (24ms)
			SetupLoadedEditorAssemblies (358ms)
				LogAssemblyErrors (0ms)
				InitializePlatformSupportModulesInManaged (14ms)
				SetLoadedEditorAssemblies (0ms)
				RefreshPlugins (1ms)
				BeforeProcessingInitializeOnLoad (43ms)
				ProcessInitializeOnLoadAttributes (193ms)
				ProcessInitializeOnLoadMethodAttributes (95ms)
				AfterProcessingInitializeOnLoad (10ms)
				EditorAssembliesLoaded (0ms)
			ExecutionOrderSort2 (0ms)
			AwakeInstancesAfterBackupRestoration (5ms)
Platform modules already initialized, skipping
Refreshing native plugins compatible for Editor in 3.30 ms, found 3 plugins.
Preloading 0 native plugins for Editor in 0.00 ms.
Unloading 4712 Unused Serialized files (Serialized files now loaded: 0)
Unloading 44 unused Assets / (28.3 KB). Loaded Objects now: 5349.
Memory consumption went from 169.1 MB to 169.0 MB.
Total: 9.839500 ms (FindLiveObjects: 0.145900 ms CreateObjectMapping: 0.053600 ms MarkObjects: 9.617700 ms  DeleteObjects: 0.021200 ms)

AssetImportParameters requested are different than current active one (requested -> active):
  custom:video-decoder-ogg-theora: a1e56fd34408186e4bbccfd4996cb3dc -> 
  custom:container-muxer-webm: aa71ff27fc2769a1b78a27578f13a17b -> 
  custom:container-demuxer-webm: 4f35f7cbe854078d1ac9338744f61a02 -> 
  custom:video-encoder-webm-vp8: eb34c28f22e8b96e1ab97ce403110664 -> 
  custom:audio-encoder-webm-vorbis: bf7c407c2cedff20999df2af8eb42d56 -> 
  custom:framework-win-MediaFoundation: 216162199b28c13a410421893ffa2e32 -> 
  custom:container-demuxer-ogg: 62fdf1f143b41e24485cea50d1cbac27 -> 
  custom:video-decoder-webm-vp8: 9c59270c3fd7afecdb556c50c9e8de78 -> 
  custom:audio-decoder-ogg-vorbis: bf7c407c2cedff20999df2af8eb42d56 -> 
========================================================================
Received Import Request.
  Time since last request: 132.673525 seconds.
  path: Assets/Res/GF/Prefabs/UIForms/UI_AboutForm.prefab
  artifactKey: Guid(4fde5f6e269f8af4ca3b5e9f4594d4eb) Importer(815301076,1909f56bfc062723c751e8b465ee728b)
Start importing Assets/Res/GF/Prefabs/UIForms/UI_AboutForm.prefab using Guid(4fde5f6e269f8af4ca3b5e9f4594d4eb) Importer(815301076,1909f56bfc062723c751e8b465ee728b)  -> (artifact id: '19f76fd16632928c73b257ea5ffce49f') in 0.024976 seconds 
========================================================================
Received Import Request.
  Time since last request: 1.046042 seconds.
  path: Assets/Res/GF/Prefabs/UIForms/UI_InGameForm.prefab
  artifactKey: Guid(1d0779e2648ca044ca1426128484bce3) Importer(815301076,1909f56bfc062723c751e8b465ee728b)
Start importing Assets/Res/GF/Prefabs/UIForms/UI_InGameForm.prefab using Guid(1d0779e2648ca044ca1426128484bce3) Importer(815301076,1909f56bfc062723c751e8b465ee728b)  -> (artifact id: '1be1516a9f7254db4008438c1775f7e7') in 0.009354 seconds 
========================================================================
Received Import Request.
  Time since last request: 1.454578 seconds.
  path: Assets/Res/GF/Prefabs/UIForms/UI_MenuForm.prefab
  artifactKey: Guid(5055d68fcbfd2bd4cbe8f028cb886681) Importer(815301076,1909f56bfc062723c751e8b465ee728b)
Start importing Assets/Res/GF/Prefabs/UIForms/UI_MenuForm.prefab using Guid(5055d68fcbfd2bd4cbe8f028cb886681) Importer(815301076,1909f56bfc062723c751e8b465ee728b)  -> (artifact id: '6b041b71c2796e55c3b4aa215160e78f') in 0.006514 seconds 
========================================================================
Received Import Request.
  Time since last request: 0.536553 seconds.
  path: Assets/Res/GF/Prefabs/UIForms/UI_SettingForm.prefab
  artifactKey: Guid(1ea973702b297a94b8e1121c2ed022ac) Importer(815301076,1909f56bfc062723c751e8b465ee728b)
Start importing Assets/Res/GF/Prefabs/UIForms/UI_SettingForm.prefab using Guid(1ea973702b297a94b8e1121c2ed022ac) Importer(815301076,1909f56bfc062723c751e8b465ee728b)  -> (artifact id: '6b075f7254e715238010e298f3fa15b6') in 0.009978 seconds 
========================================================================
Received Import Request.
  Time since last request: 15.322296 seconds.
  path: Assets/Ugion/Res/Excel
  artifactKey: Guid(f01e7b2ae83522344be76e9eadeed346) Importer(815301076,1909f56bfc062723c751e8b465ee728b)
Start importing Assets/Ugion/Res/Excel using Guid(f01e7b2ae83522344be76e9eadeed346) Importer(815301076,1909f56bfc062723c751e8b465ee728b)  -> (artifact id: 'e7b3a65ee5cc3a0fc5d9819ea02685e7') in 0.001927 seconds 
========================================================================
Received Import Request.
  Time since last request: 5.680573 seconds.
  path: Assets/Ugion/Scripts
  artifactKey: Guid(ae32f4526f669f644846ce72dbeca071) Importer(815301076,1909f56bfc062723c751e8b465ee728b)
Start importing Assets/Ugion/Scripts using Guid(ae32f4526f669f644846ce72dbeca071) Importer(815301076,1909f56bfc062723c751e8b465ee728b)  -> (artifact id: 'c72b7b227e1f69685f5b92679561488d') in 0.001306 seconds 
========================================================================
Received Import Request.
  Time since last request: 217.643923 seconds.
  path: Assets/GameMain/DataTables/Entity.txt
  artifactKey: Guid(cfe53cf384344bd47a8680f8c5f97a7b) Importer(815301076,1909f56bfc062723c751e8b465ee728b)
Start importing Assets/GameMain/DataTables/Entity.txt using Guid(cfe53cf384344bd47a8680f8c5f97a7b) Importer(815301076,1909f56bfc062723c751e8b465ee728b)  -> (artifact id: 'f6cbc81d77b4084dbef66f6c5c730c89') in 0.002154 seconds 
========================================================================
Received Import Request.
  Time since last request: 586.233588 seconds.
  path: Assets/GameMain/DataTables/Sound.txt
  artifactKey: Guid(372a8b1e52bedc64b9207b12d167afaa) Importer(815301076,1909f56bfc062723c751e8b465ee728b)
Start importing Assets/GameMain/DataTables/Sound.txt using Guid(372a8b1e52bedc64b9207b12d167afaa) Importer(815301076,1909f56bfc062723c751e8b465ee728b)  -> (artifact id: '4ed102d485b1b7438f006ab1682269eb') in 0.001813 seconds 
========================================================================
Received Import Request.
  Time since last request: 41.661538 seconds.
  path: Assets/Ugion/Scripts/Excel/UIForm.xlsx
  artifactKey: Guid(692e84985288491468f080d1cb1e2b66) Importer(815301076,1909f56bfc062723c751e8b465ee728b)
Start importing Assets/Ugion/Scripts/Excel/UIForm.xlsx using Guid(692e84985288491468f080d1cb1e2b66) Importer(815301076,1909f56bfc062723c751e8b465ee728b)  -> (artifact id: 'b23b5307464d6c41570006703271b300') in 0.007176 seconds 
========================================================================
Received Import Request.
  Time since last request: 1.454609 seconds.
  path: Assets/Ugion/Scripts/Excel
  artifactKey: Guid(8d5e6fdb2b4c9ea4fbfab45edffefcea) Importer(815301076,1909f56bfc062723c751e8b465ee728b)
Start importing Assets/Ugion/Scripts/Excel using Guid(8d5e6fdb2b4c9ea4fbfab45edffefcea) Importer(815301076,1909f56bfc062723c751e8b465ee728b)  -> (artifact id: 'ba4ed934fdbc274eb1531eb503faefcd') in 0.001286 seconds 
========================================================================
Received Import Request.
  Time since last request: 12.622546 seconds.
  path: Assets/Ugion/Scripts/Excel/Excel_UIFormMapper.cs
  artifactKey: Guid(d783072093a68f241badfbb75a34ca81) Importer(815301076,1909f56bfc062723c751e8b465ee728b)
Start importing Assets/Ugion/Scripts/Excel/Excel_UIFormMapper.cs using Guid(d783072093a68f241badfbb75a34ca81) Importer(815301076,1909f56bfc062723c751e8b465ee728b)  -> (artifact id: '7a59261e37abaca61fb776aa53b76368') in 0.001330 seconds 
========================================================================
Received Prepare
Registering precompiled user dll's ...
Registered in 0.021130 seconds.
Begin MonoManager ReloadAssembly
Symbol file LoadedFromMemory doesn't match image F:\UnityProject\Own\Assess\Library\PackageCache\com.unity.visualscripting@1.7.8\Editor\VisualScripting.Core\Dependencies\YamlDotNet\Unity.VisualScripting.YamlDotNet.dll
Symbol file LoadedFromMemory doesn't match image F:\UnityProject\Own\Assess\Library\PackageCache\com.unity.visualscripting@1.7.8\Editor\VisualScripting.Core\Dependencies\DotNetZip\Unity.VisualScripting.IonicZip.dll
Native extension for WindowsStandalone target not found
Native extension for Android target not found
Native extension for WebGL target not found
Refreshing native plugins compatible for Editor in 0.46 ms, found 3 plugins.
Preloading 0 native plugins for Editor in 0.00 ms.
Mono: successfully reloaded assembly
- Completed reload, in  0.785 seconds
Domain Reload Profiling:
	ReloadAssembly (785ms)
		BeginReloadAssembly (94ms)
			ExecutionOrderSort (0ms)
			DisableScriptedObjects (3ms)
			BackupInstance (0ms)
			ReleaseScriptingObjects (0ms)
			CreateAndSetChildDomain (25ms)
		EndReloadAssembly (612ms)
			LoadAssemblies (73ms)
			RebuildTransferFunctionScriptingTraits (0ms)
			SetupTypeCache (145ms)
			ReleaseScriptCaches (1ms)
			RebuildScriptCaches (22ms)
			SetupLoadedEditorAssemblies (340ms)
				LogAssemblyErrors (0ms)
				InitializePlatformSupportModulesInManaged (12ms)
				SetLoadedEditorAssemblies (0ms)
				RefreshPlugins (0ms)
				BeforeProcessingInitializeOnLoad (38ms)
				ProcessInitializeOnLoadAttributes (176ms)
				ProcessInitializeOnLoadMethodAttributes (89ms)
				AfterProcessingInitializeOnLoad (24ms)
				EditorAssembliesLoaded (0ms)
			ExecutionOrderSort2 (0ms)
			AwakeInstancesAfterBackupRestoration (4ms)
Platform modules already initialized, skipping
Refreshing native plugins compatible for Editor in 2.75 ms, found 3 plugins.
Preloading 0 native plugins for Editor in 0.00 ms.
Unloading 4713 Unused Serialized files (Serialized files now loaded: 0)
Unloading 49 unused Assets / (32.1 KB). Loaded Objects now: 5353.
Memory consumption went from 169.1 MB to 169.1 MB.
Total: 9.782700 ms (FindLiveObjects: 0.180900 ms CreateObjectMapping: 0.060100 ms MarkObjects: 9.506600 ms  DeleteObjects: 0.034100 ms)

AssetImportParameters requested are different than current active one (requested -> active):
  custom:video-decoder-ogg-theora: a1e56fd34408186e4bbccfd4996cb3dc -> 
  custom:container-muxer-webm: aa71ff27fc2769a1b78a27578f13a17b -> 
  custom:container-demuxer-webm: 4f35f7cbe854078d1ac9338744f61a02 -> 
  custom:video-encoder-webm-vp8: eb34c28f22e8b96e1ab97ce403110664 -> 
  custom:audio-encoder-webm-vorbis: bf7c407c2cedff20999df2af8eb42d56 -> 
  custom:framework-win-MediaFoundation: 216162199b28c13a410421893ffa2e32 -> 
  custom:container-demuxer-ogg: 62fdf1f143b41e24485cea50d1cbac27 -> 
  custom:video-decoder-webm-vp8: 9c59270c3fd7afecdb556c50c9e8de78 -> 
  custom:audio-decoder-ogg-vorbis: bf7c407c2cedff20999df2af8eb42d56 -> 
========================================================================
Received Prepare
Registering precompiled user dll's ...
Registered in 0.021673 seconds.
Begin MonoManager ReloadAssembly
Symbol file LoadedFromMemory doesn't match image F:\UnityProject\Own\Assess\Library\PackageCache\com.unity.visualscripting@1.7.8\Editor\VisualScripting.Core\Dependencies\YamlDotNet\Unity.VisualScripting.YamlDotNet.dll
Symbol file LoadedFromMemory doesn't match image F:\UnityProject\Own\Assess\Library\PackageCache\com.unity.visualscripting@1.7.8\Editor\VisualScripting.Core\Dependencies\DotNetZip\Unity.VisualScripting.IonicZip.dll
Native extension for WindowsStandalone target not found
Native extension for Android target not found
Native extension for WebGL target not found
Refreshing native plugins compatible for Editor in 0.44 ms, found 3 plugins.
Preloading 0 native plugins for Editor in 0.00 ms.
Mono: successfully reloaded assembly
- Completed reload, in  0.747 seconds
Domain Reload Profiling:
	ReloadAssembly (748ms)
		BeginReloadAssembly (89ms)
			ExecutionOrderSort (0ms)
			DisableScriptedObjects (2ms)
			BackupInstance (0ms)
			ReleaseScriptingObjects (0ms)
			CreateAndSetChildDomain (24ms)
		EndReloadAssembly (590ms)
			LoadAssemblies (68ms)
			RebuildTransferFunctionScriptingTraits (0ms)
			SetupTypeCache (139ms)
			ReleaseScriptCaches (1ms)
			RebuildScriptCaches (22ms)
			SetupLoadedEditorAssemblies (328ms)
				LogAssemblyErrors (0ms)
				InitializePlatformSupportModulesInManaged (12ms)
				SetLoadedEditorAssemblies (0ms)
				RefreshPlugins (0ms)
				BeforeProcessingInitializeOnLoad (40ms)
				ProcessInitializeOnLoadAttributes (180ms)
				ProcessInitializeOnLoadMethodAttributes (86ms)
				AfterProcessingInitializeOnLoad (10ms)
				EditorAssembliesLoaded (0ms)
			ExecutionOrderSort2 (0ms)
			AwakeInstancesAfterBackupRestoration (6ms)
Platform modules already initialized, skipping
Refreshing native plugins compatible for Editor in 2.54 ms, found 3 plugins.
Preloading 0 native plugins for Editor in 0.00 ms.
Unloading 4713 Unused Serialized files (Serialized files now loaded: 0)
Unloading 44 unused Assets / (28.3 KB). Loaded Objects now: 5356.
Memory consumption went from 169.1 MB to 169.1 MB.
Total: 9.656300 ms (FindLiveObjects: 0.143400 ms CreateObjectMapping: 0.053500 ms MarkObjects: 9.437200 ms  DeleteObjects: 0.021600 ms)

AssetImportParameters requested are different than current active one (requested -> active):
  custom:video-decoder-ogg-theora: a1e56fd34408186e4bbccfd4996cb3dc -> 
  custom:container-muxer-webm: aa71ff27fc2769a1b78a27578f13a17b -> 
  custom:container-demuxer-webm: 4f35f7cbe854078d1ac9338744f61a02 -> 
  custom:video-encoder-webm-vp8: eb34c28f22e8b96e1ab97ce403110664 -> 
  custom:audio-encoder-webm-vorbis: bf7c407c2cedff20999df2af8eb42d56 -> 
  custom:framework-win-MediaFoundation: 216162199b28c13a410421893ffa2e32 -> 
  custom:container-demuxer-ogg: 62fdf1f143b41e24485cea50d1cbac27 -> 
  custom:video-decoder-webm-vp8: 9c59270c3fd7afecdb556c50c9e8de78 -> 
  custom:audio-decoder-ogg-vorbis: bf7c407c2cedff20999df2af8eb42d56 -> 
========================================================================
Received Import Request.
  Time since last request: 56.632917 seconds.
  path: Assets/Ugion/Scripts/Excel/Excel_UIFormMap.cs
  artifactKey: Guid(57abb291d7683794baf2c75ff455e368) Importer(815301076,1909f56bfc062723c751e8b465ee728b)
Start importing Assets/Ugion/Scripts/Excel/Excel_UIFormMap.cs using Guid(57abb291d7683794baf2c75ff455e368) Importer(815301076,1909f56bfc062723c751e8b465ee728b)  -> (artifact id: '28acb23d507bcad1fdcb11f5e81d6db7') in 0.004232 seconds 
========================================================================
Received Prepare
Registering precompiled user dll's ...
Registered in 0.025373 seconds.
Begin MonoManager ReloadAssembly
Symbol file LoadedFromMemory doesn't match image F:\UnityProject\Own\Assess\Library\PackageCache\com.unity.visualscripting@1.7.8\Editor\VisualScripting.Core\Dependencies\YamlDotNet\Unity.VisualScripting.YamlDotNet.dll
Symbol file LoadedFromMemory doesn't match image F:\UnityProject\Own\Assess\Library\PackageCache\com.unity.visualscripting@1.7.8\Editor\VisualScripting.Core\Dependencies\DotNetZip\Unity.VisualScripting.IonicZip.dll
Native extension for WindowsStandalone target not found
Native extension for Android target not found
Native extension for WebGL target not found
Refreshing native plugins compatible for Editor in 0.44 ms, found 3 plugins.
Preloading 0 native plugins for Editor in 0.00 ms.
Mono: successfully reloaded assembly
- Completed reload, in  0.740 seconds
Domain Reload Profiling:
	ReloadAssembly (741ms)
		BeginReloadAssembly (91ms)
			ExecutionOrderSort (0ms)
			DisableScriptedObjects (3ms)
			BackupInstance (0ms)
			ReleaseScriptingObjects (0ms)
			CreateAndSetChildDomain (25ms)
		EndReloadAssembly (578ms)
			LoadAssemblies (63ms)
			RebuildTransferFunctionScriptingTraits (0ms)
			SetupTypeCache (139ms)
			ReleaseScriptCaches (1ms)
			RebuildScriptCaches (22ms)
			SetupLoadedEditorAssemblies (324ms)
				LogAssemblyErrors (0ms)
				InitializePlatformSupportModulesInManaged (13ms)
				SetLoadedEditorAssemblies (0ms)
				RefreshPlugins (0ms)
				BeforeProcessingInitializeOnLoad (39ms)
				ProcessInitializeOnLoadAttributes (177ms)
				ProcessInitializeOnLoadMethodAttributes (85ms)
				AfterProcessingInitializeOnLoad (9ms)
				EditorAssembliesLoaded (0ms)
			ExecutionOrderSort2 (0ms)
			AwakeInstancesAfterBackupRestoration (3ms)
Platform modules already initialized, skipping
Refreshing native plugins compatible for Editor in 3.00 ms, found 3 plugins.
Preloading 0 native plugins for Editor in 0.00 ms.
Unloading 4714 Unused Serialized files (Serialized files now loaded: 0)
Unloading 44 unused Assets / (28.3 KB). Loaded Objects now: 5360.
Memory consumption went from 169.2 MB to 169.1 MB.
Total: 9.673900 ms (FindLiveObjects: 0.147000 ms CreateObjectMapping: 0.052800 ms MarkObjects: 9.452300 ms  DeleteObjects: 0.020900 ms)

AssetImportParameters requested are different than current active one (requested -> active):
  custom:video-decoder-ogg-theora: a1e56fd34408186e4bbccfd4996cb3dc -> 
  custom:container-muxer-webm: aa71ff27fc2769a1b78a27578f13a17b -> 
  custom:container-demuxer-webm: 4f35f7cbe854078d1ac9338744f61a02 -> 
  custom:video-encoder-webm-vp8: eb34c28f22e8b96e1ab97ce403110664 -> 
  custom:audio-encoder-webm-vorbis: bf7c407c2cedff20999df2af8eb42d56 -> 
  custom:framework-win-MediaFoundation: 216162199b28c13a410421893ffa2e32 -> 
  custom:container-demuxer-ogg: 62fdf1f143b41e24485cea50d1cbac27 -> 
  custom:video-decoder-webm-vp8: 9c59270c3fd7afecdb556c50c9e8de78 -> 
  custom:audio-decoder-ogg-vorbis: bf7c407c2cedff20999df2af8eb42d56 -> 
========================================================================
Received Prepare
Registering precompiled user dll's ...
Registered in 0.026215 seconds.
Begin MonoManager ReloadAssembly
Symbol file LoadedFromMemory doesn't match image F:\UnityProject\Own\Assess\Library\PackageCache\com.unity.visualscripting@1.7.8\Editor\VisualScripting.Core\Dependencies\YamlDotNet\Unity.VisualScripting.YamlDotNet.dll
Symbol file LoadedFromMemory doesn't match image F:\UnityProject\Own\Assess\Library\PackageCache\com.unity.visualscripting@1.7.8\Editor\VisualScripting.Core\Dependencies\DotNetZip\Unity.VisualScripting.IonicZip.dll
Native extension for WindowsStandalone target not found
Native extension for Android target not found
Native extension for WebGL target not found
Refreshing native plugins compatible for Editor in 0.45 ms, found 3 plugins.
Preloading 0 native plugins for Editor in 0.00 ms.
Mono: successfully reloaded assembly
- Completed reload, in  0.751 seconds
Domain Reload Profiling:
	ReloadAssembly (752ms)
		BeginReloadAssembly (86ms)
			ExecutionOrderSort (0ms)
			DisableScriptedObjects (3ms)
			BackupInstance (0ms)
			ReleaseScriptingObjects (0ms)
			CreateAndSetChildDomain (22ms)
		EndReloadAssembly (597ms)
			LoadAssemblies (68ms)
			RebuildTransferFunctionScriptingTraits (0ms)
			SetupTypeCache (138ms)
			ReleaseScriptCaches (1ms)
			RebuildScriptCaches (22ms)
			SetupLoadedEditorAssemblies (337ms)
				LogAssemblyErrors (0ms)
				InitializePlatformSupportModulesInManaged (13ms)
				SetLoadedEditorAssemblies (0ms)
				RefreshPlugins (1ms)
				BeforeProcessingInitializeOnLoad (40ms)
				ProcessInitializeOnLoadAttributes (175ms)
				ProcessInitializeOnLoadMethodAttributes (97ms)
				AfterProcessingInitializeOnLoad (12ms)
				EditorAssembliesLoaded (0ms)
			ExecutionOrderSort2 (0ms)
			AwakeInstancesAfterBackupRestoration (5ms)
Platform modules already initialized, skipping
Refreshing native plugins compatible for Editor in 2.80 ms, found 3 plugins.
Preloading 0 native plugins for Editor in 0.00 ms.
Unloading 4713 Unused Serialized files (Serialized files now loaded: 0)
Unloading 45 unused Assets / (28.3 KB). Loaded Objects now: 5362.
Memory consumption went from 169.1 MB to 169.1 MB.
Total: 9.339600 ms (FindLiveObjects: 0.144900 ms CreateObjectMapping: 0.053900 ms MarkObjects: 9.120500 ms  DeleteObjects: 0.019600 ms)

AssetImportParameters requested are different than current active one (requested -> active):
  custom:video-decoder-ogg-theora: a1e56fd34408186e4bbccfd4996cb3dc -> 
  custom:container-muxer-webm: aa71ff27fc2769a1b78a27578f13a17b -> 
  custom:container-demuxer-webm: 4f35f7cbe854078d1ac9338744f61a02 -> 
  custom:video-encoder-webm-vp8: eb34c28f22e8b96e1ab97ce403110664 -> 
  custom:audio-encoder-webm-vorbis: bf7c407c2cedff20999df2af8eb42d56 -> 
  custom:framework-win-MediaFoundation: 216162199b28c13a410421893ffa2e32 -> 
  custom:container-demuxer-ogg: 62fdf1f143b41e24485cea50d1cbac27 -> 
  custom:video-decoder-webm-vp8: 9c59270c3fd7afecdb556c50c9e8de78 -> 
  custom:audio-decoder-ogg-vorbis: bf7c407c2cedff20999df2af8eb42d56 -> 
========================================================================
Received Import Request.
  Time since last request: 366.393264 seconds.
  path: Assets/Ugion/Scripts/Excel/UIForm.xlsx
  artifactKey: Guid(692e84985288491468f080d1cb1e2b66) Importer(815301076,1909f56bfc062723c751e8b465ee728b)
Start importing Assets/Ugion/Scripts/Excel/UIForm.xlsx using Guid(692e84985288491468f080d1cb1e2b66) Importer(815301076,1909f56bfc062723c751e8b465ee728b)  -> (artifact id: '0b85626dadd647bcba069e4904313aa9') in 0.012145 seconds 
========================================================================
Received Prepare
Registering precompiled user dll's ...
Registered in 0.024739 seconds.
Begin MonoManager ReloadAssembly
Symbol file LoadedFromMemory doesn't match image F:\UnityProject\Own\Assess\Library\PackageCache\com.unity.visualscripting@1.7.8\Editor\VisualScripting.Core\Dependencies\YamlDotNet\Unity.VisualScripting.YamlDotNet.dll
Symbol file LoadedFromMemory doesn't match image F:\UnityProject\Own\Assess\Library\PackageCache\com.unity.visualscripting@1.7.8\Editor\VisualScripting.Core\Dependencies\DotNetZip\Unity.VisualScripting.IonicZip.dll
Native extension for WindowsStandalone target not found
Native extension for Android target not found
Native extension for WebGL target not found
Refreshing native plugins compatible for Editor in 0.47 ms, found 3 plugins.
Preloading 0 native plugins for Editor in 0.00 ms.
Mono: successfully reloaded assembly
- Completed reload, in  0.791 seconds
Domain Reload Profiling:
	ReloadAssembly (792ms)
		BeginReloadAssembly (90ms)
			ExecutionOrderSort (0ms)
			DisableScriptedObjects (3ms)
			BackupInstance (0ms)
			ReleaseScriptingObjects (0ms)
			CreateAndSetChildDomain (23ms)
		EndReloadAssembly (617ms)
			LoadAssemblies (69ms)
			RebuildTransferFunctionScriptingTraits (0ms)
			SetupTypeCache (160ms)
			ReleaseScriptCaches (1ms)
			RebuildScriptCaches (22ms)
			SetupLoadedEditorAssemblies (332ms)
				LogAssemblyErrors (0ms)
				InitializePlatformSupportModulesInManaged (13ms)
				SetLoadedEditorAssemblies (0ms)
				RefreshPlugins (1ms)
				BeforeProcessingInitializeOnLoad (41ms)
				ProcessInitializeOnLoadAttributes (176ms)
				ProcessInitializeOnLoadMethodAttributes (93ms)
				AfterProcessingInitializeOnLoad (8ms)
				EditorAssembliesLoaded (0ms)
			ExecutionOrderSort2 (0ms)
			AwakeInstancesAfterBackupRestoration (3ms)
Platform modules already initialized, skipping
Refreshing native plugins compatible for Editor in 3.16 ms, found 3 plugins.
Preloading 0 native plugins for Editor in 0.00 ms.
Unloading 4713 Unused Serialized files (Serialized files now loaded: 0)
Unloading 44 unused Assets / (28.4 KB). Loaded Objects now: 5365.
Memory consumption went from 169.2 MB to 169.1 MB.
Total: 9.593000 ms (FindLiveObjects: 0.151900 ms CreateObjectMapping: 0.053300 ms MarkObjects: 9.363700 ms  DeleteObjects: 0.023300 ms)

AssetImportParameters requested are different than current active one (requested -> active):
  custom:video-decoder-ogg-theora: a1e56fd34408186e4bbccfd4996cb3dc -> 
  custom:container-muxer-webm: aa71ff27fc2769a1b78a27578f13a17b -> 
  custom:container-demuxer-webm: 4f35f7cbe854078d1ac9338744f61a02 -> 
  custom:video-encoder-webm-vp8: eb34c28f22e8b96e1ab97ce403110664 -> 
  custom:audio-encoder-webm-vorbis: bf7c407c2cedff20999df2af8eb42d56 -> 
  custom:framework-win-MediaFoundation: 216162199b28c13a410421893ffa2e32 -> 
  custom:container-demuxer-ogg: 62fdf1f143b41e24485cea50d1cbac27 -> 
  custom:video-decoder-webm-vp8: 9c59270c3fd7afecdb556c50c9e8de78 -> 
  custom:audio-decoder-ogg-vorbis: bf7c407c2cedff20999df2af8eb42d56 -> 
========================================================================
Received Import Request.
  Time since last request: 4.909495 seconds.
  path: Assets/Ugion/Scripts/Excel/UIForm.xlsx
  artifactKey: Guid(692e84985288491468f080d1cb1e2b66) Importer(815301076,1909f56bfc062723c751e8b465ee728b)
Start importing Assets/Ugion/Scripts/Excel/UIForm.xlsx using Guid(692e84985288491468f080d1cb1e2b66) Importer(815301076,1909f56bfc062723c751e8b465ee728b)  -> (artifact id: 'df6e7172aa7af53066621c251ad65093') in 0.008167 seconds 
========================================================================
Received Import Request.
  Time since last request: 0.250293 seconds.
  path: Assets/Ugion/Scripts/Excel/Excel_UIFormMap.cs
  artifactKey: Guid(57abb291d7683794baf2c75ff455e368) Importer(815301076,1909f56bfc062723c751e8b465ee728b)
Start importing Assets/Ugion/Scripts/Excel/Excel_UIFormMap.cs using Guid(57abb291d7683794baf2c75ff455e368) Importer(815301076,1909f56bfc062723c751e8b465ee728b)  -> (artifact id: 'be15ad2be9d57d090e26102a005459e8') in 0.001038 seconds 
========================================================================
Received Import Request.
  Time since last request: 25.360395 seconds.
  path: Assets/Ugion/Scripts/Excel/UIForm.cs
  artifactKey: Guid(c561815e094098c4bb358c4b4244ca1c) Importer(815301076,1909f56bfc062723c751e8b465ee728b)
Start importing Assets/Ugion/Scripts/Excel/UIForm.cs using Guid(c561815e094098c4bb358c4b4244ca1c) Importer(815301076,1909f56bfc062723c751e8b465ee728b)  -> (artifact id: 'a620960133e5d3da44321cb727a2919b') in 0.001351 seconds 
========================================================================
Received Prepare
Registering precompiled user dll's ...
Registered in 0.022335 seconds.
Begin MonoManager ReloadAssembly
Symbol file LoadedFromMemory doesn't match image F:\UnityProject\Own\Assess\Library\PackageCache\com.unity.visualscripting@1.7.8\Editor\VisualScripting.Core\Dependencies\YamlDotNet\Unity.VisualScripting.YamlDotNet.dll
Symbol file LoadedFromMemory doesn't match image F:\UnityProject\Own\Assess\Library\PackageCache\com.unity.visualscripting@1.7.8\Editor\VisualScripting.Core\Dependencies\DotNetZip\Unity.VisualScripting.IonicZip.dll
Native extension for WindowsStandalone target not found
Native extension for Android target not found
Native extension for WebGL target not found
Refreshing native plugins compatible for Editor in 0.46 ms, found 3 plugins.
Preloading 0 native plugins for Editor in 0.00 ms.
Mono: successfully reloaded assembly
- Completed reload, in  0.792 seconds
Domain Reload Profiling:
	ReloadAssembly (792ms)
		BeginReloadAssembly (92ms)
			ExecutionOrderSort (0ms)
			DisableScriptedObjects (3ms)
			BackupInstance (0ms)
			ReleaseScriptingObjects (0ms)
			CreateAndSetChildDomain (24ms)
		EndReloadAssembly (629ms)
			LoadAssemblies (68ms)
			RebuildTransferFunctionScriptingTraits (0ms)
			SetupTypeCache (137ms)
			ReleaseScriptCaches (1ms)
			RebuildScriptCaches (23ms)
			SetupLoadedEditorAssemblies (367ms)
				LogAssemblyErrors (0ms)
				InitializePlatformSupportModulesInManaged (17ms)
				SetLoadedEditorAssemblies (0ms)
				RefreshPlugins (0ms)
				BeforeProcessingInitializeOnLoad (61ms)
				ProcessInitializeOnLoadAttributes (190ms)
				ProcessInitializeOnLoadMethodAttributes (86ms)
				AfterProcessingInitializeOnLoad (11ms)
				EditorAssembliesLoaded (0ms)
			ExecutionOrderSort2 (0ms)
			AwakeInstancesAfterBackupRestoration (4ms)
Platform modules already initialized, skipping
Refreshing native plugins compatible for Editor in 2.79 ms, found 3 plugins.
Preloading 0 native plugins for Editor in 0.00 ms.
Unloading 4713 Unused Serialized files (Serialized files now loaded: 0)
Unloading 44 unused Assets / (28.3 KB). Loaded Objects now: 5368.
Memory consumption went from 169.2 MB to 169.1 MB.
Total: 9.269600 ms (FindLiveObjects: 0.142600 ms CreateObjectMapping: 0.052300 ms MarkObjects: 9.055700 ms  DeleteObjects: 0.017900 ms)

AssetImportParameters requested are different than current active one (requested -> active):
  custom:video-decoder-ogg-theora: a1e56fd34408186e4bbccfd4996cb3dc -> 
  custom:container-muxer-webm: aa71ff27fc2769a1b78a27578f13a17b -> 
  custom:container-demuxer-webm: 4f35f7cbe854078d1ac9338744f61a02 -> 
  custom:video-encoder-webm-vp8: eb34c28f22e8b96e1ab97ce403110664 -> 
  custom:audio-encoder-webm-vorbis: bf7c407c2cedff20999df2af8eb42d56 -> 
  custom:framework-win-MediaFoundation: 216162199b28c13a410421893ffa2e32 -> 
  custom:container-demuxer-ogg: 62fdf1f143b41e24485cea50d1cbac27 -> 
  custom:video-decoder-webm-vp8: 9c59270c3fd7afecdb556c50c9e8de78 -> 
  custom:audio-decoder-ogg-vorbis: bf7c407c2cedff20999df2af8eb42d56 -> 
========================================================================
Received Import Request.
  Time since last request: 41.994004 seconds.
  path: Assets/Ugion/Scripts/Excel/UIFormInfo.xlsx
  artifactKey: Guid(692e84985288491468f080d1cb1e2b66) Importer(815301076,1909f56bfc062723c751e8b465ee728b)
Start importing Assets/Ugion/Scripts/Excel/UIFormInfo.xlsx using Guid(692e84985288491468f080d1cb1e2b66) Importer(815301076,1909f56bfc062723c751e8b465ee728b)  -> (artifact id: '6b8a5fec75e83ba2f80e1f7a402f2858') in 0.009022 seconds 
========================================================================
Received Prepare
Registering precompiled user dll's ...
Registered in 0.024209 seconds.
Begin MonoManager ReloadAssembly
Symbol file LoadedFromMemory doesn't match image F:\UnityProject\Own\Assess\Library\PackageCache\com.unity.visualscripting@1.7.8\Editor\VisualScripting.Core\Dependencies\YamlDotNet\Unity.VisualScripting.YamlDotNet.dll
Symbol file LoadedFromMemory doesn't match image F:\UnityProject\Own\Assess\Library\PackageCache\com.unity.visualscripting@1.7.8\Editor\VisualScripting.Core\Dependencies\DotNetZip\Unity.VisualScripting.IonicZip.dll
Native extension for WindowsStandalone target not found
Native extension for Android target not found
Native extension for WebGL target not found
Refreshing native plugins compatible for Editor in 0.44 ms, found 3 plugins.
Preloading 0 native plugins for Editor in 0.00 ms.
Mono: successfully reloaded assembly
- Completed reload, in  0.741 seconds
Domain Reload Profiling:
	ReloadAssembly (741ms)
		BeginReloadAssembly (87ms)
			ExecutionOrderSort (0ms)
			DisableScriptedObjects (2ms)
			BackupInstance (0ms)
			ReleaseScriptingObjects (0ms)
			CreateAndSetChildDomain (24ms)
		EndReloadAssembly (583ms)
			LoadAssemblies (66ms)
			RebuildTransferFunctionScriptingTraits (0ms)
			SetupTypeCache (139ms)
			ReleaseScriptCaches (1ms)
			RebuildScriptCaches (21ms)
			SetupLoadedEditorAssemblies (327ms)
				LogAssemblyErrors (0ms)
				InitializePlatformSupportModulesInManaged (13ms)
				SetLoadedEditorAssemblies (0ms)
				RefreshPlugins (0ms)
				BeforeProcessingInitializeOnLoad (39ms)
				ProcessInitializeOnLoadAttributes (178ms)
				ProcessInitializeOnLoadMethodAttributes (87ms)
				AfterProcessingInitializeOnLoad (9ms)
				EditorAssembliesLoaded (0ms)
			ExecutionOrderSort2 (0ms)
			AwakeInstancesAfterBackupRestoration (3ms)
Platform modules already initialized, skipping
Refreshing native plugins compatible for Editor in 2.97 ms, found 3 plugins.
Preloading 0 native plugins for Editor in 0.00 ms.
Unloading 4714 Unused Serialized files (Serialized files now loaded: 0)
Unloading 44 unused Assets / (28.3 KB). Loaded Objects now: 5372.
Memory consumption went from 169.2 MB to 169.2 MB.
Total: 9.347200 ms (FindLiveObjects: 0.143300 ms CreateObjectMapping: 0.053400 ms MarkObjects: 9.131500 ms  DeleteObjects: 0.018200 ms)

AssetImportParameters requested are different than current active one (requested -> active):
  custom:video-decoder-ogg-theora: a1e56fd34408186e4bbccfd4996cb3dc -> 
  custom:container-muxer-webm: aa71ff27fc2769a1b78a27578f13a17b -> 
  custom:container-demuxer-webm: 4f35f7cbe854078d1ac9338744f61a02 -> 
  custom:video-encoder-webm-vp8: eb34c28f22e8b96e1ab97ce403110664 -> 
  custom:audio-encoder-webm-vorbis: bf7c407c2cedff20999df2af8eb42d56 -> 
  custom:framework-win-MediaFoundation: 216162199b28c13a410421893ffa2e32 -> 
  custom:container-demuxer-ogg: 62fdf1f143b41e24485cea50d1cbac27 -> 
  custom:video-decoder-webm-vp8: 9c59270c3fd7afecdb556c50c9e8de78 -> 
  custom:audio-decoder-ogg-vorbis: bf7c407c2cedff20999df2af8eb42d56 -> 
========================================================================
Received Import Request.
  Time since last request: 66.503382 seconds.
  path: Assets/Ugion/Scripts/Excel/UIFormInfo.cs
  artifactKey: Guid(e17032b6177b5154e9c57c06f0e8c86e) Importer(815301076,1909f56bfc062723c751e8b465ee728b)
Start importing Assets/Ugion/Scripts/Excel/UIFormInfo.cs using Guid(e17032b6177b5154e9c57c06f0e8c86e) Importer(815301076,1909f56bfc062723c751e8b465ee728b)  -> (artifact id: '28be9e9cdf642d98aeae4104e71dcdef') in 0.003979 seconds 
========================================================================
Received Import Request.
  Time since last request: 5.630670 seconds.
  path: Assets/Ugion/Scripts/Excel/Excel_UIFormMap.cs
  artifactKey: Guid(57abb291d7683794baf2c75ff455e368) Importer(815301076,1909f56bfc062723c751e8b465ee728b)
Start importing Assets/Ugion/Scripts/Excel/Excel_UIFormMap.cs using Guid(57abb291d7683794baf2c75ff455e368) Importer(815301076,1909f56bfc062723c751e8b465ee728b)  -> (artifact id: '5374a4a490106699134b2732db8cc219') in 0.001004 seconds 
========================================================================
Received Import Request.
  Time since last request: 10.588128 seconds.
  path: Assets/Ugion/Scripts/Excel/Excel_UIFormMap.cs
  artifactKey: Guid(57abb291d7683794baf2c75ff455e368) Importer(815301076,1909f56bfc062723c751e8b465ee728b)
Start importing Assets/Ugion/Scripts/Excel/Excel_UIFormMap.cs using Guid(57abb291d7683794baf2c75ff455e368) Importer(815301076,1909f56bfc062723c751e8b465ee728b)  -> (artifact id: 'ce20934a5b57dea8e684ff101206272d') in 0.001142 seconds 
========================================================================
Received Prepare
Registering precompiled user dll's ...
Registered in 0.019734 seconds.
Begin MonoManager ReloadAssembly
Symbol file LoadedFromMemory doesn't match image F:\UnityProject\Own\Assess\Library\PackageCache\com.unity.visualscripting@1.7.8\Editor\VisualScripting.Core\Dependencies\YamlDotNet\Unity.VisualScripting.YamlDotNet.dll
Symbol file LoadedFromMemory doesn't match image F:\UnityProject\Own\Assess\Library\PackageCache\com.unity.visualscripting@1.7.8\Editor\VisualScripting.Core\Dependencies\DotNetZip\Unity.VisualScripting.IonicZip.dll
Native extension for WindowsStandalone target not found
Native extension for Android target not found
Native extension for WebGL target not found
Refreshing native plugins compatible for Editor in 0.46 ms, found 3 plugins.
Preloading 0 native plugins for Editor in 0.00 ms.
Mono: successfully reloaded assembly
- Completed reload, in  0.759 seconds
Domain Reload Profiling:
	ReloadAssembly (759ms)
		BeginReloadAssembly (90ms)
			ExecutionOrderSort (0ms)
			DisableScriptedObjects (3ms)
			BackupInstance (0ms)
			ReleaseScriptingObjects (0ms)
			CreateAndSetChildDomain (22ms)
		EndReloadAssembly (595ms)
			LoadAssemblies (65ms)
			RebuildTransferFunctionScriptingTraits (0ms)
			SetupTypeCache (145ms)
			ReleaseScriptCaches (1ms)
			RebuildScriptCaches (22ms)
			SetupLoadedEditorAssemblies (328ms)
				LogAssemblyErrors (0ms)
				InitializePlatformSupportModulesInManaged (13ms)
				SetLoadedEditorAssemblies (0ms)
				RefreshPlugins (0ms)
				BeforeProcessingInitializeOnLoad (40ms)
				ProcessInitializeOnLoadAttributes (177ms)
				ProcessInitializeOnLoadMethodAttributes (87ms)
				AfterProcessingInitializeOnLoad (11ms)
				EditorAssembliesLoaded (0ms)
			ExecutionOrderSort2 (0ms)
			AwakeInstancesAfterBackupRestoration (4ms)
Platform modules already initialized, skipping
Refreshing native plugins compatible for Editor in 2.62 ms, found 3 plugins.
Preloading 0 native plugins for Editor in 0.00 ms.
Unloading 4714 Unused Serialized files (Serialized files now loaded: 0)
Unloading 44 unused Assets / (28.3 KB). Loaded Objects now: 5375.
Memory consumption went from 169.2 MB to 169.2 MB.
Total: 9.620600 ms (FindLiveObjects: 0.220000 ms CreateObjectMapping: 0.056300 ms MarkObjects: 9.323000 ms  DeleteObjects: 0.020300 ms)

AssetImportParameters requested are different than current active one (requested -> active):
  custom:video-decoder-ogg-theora: a1e56fd34408186e4bbccfd4996cb3dc -> 
  custom:container-muxer-webm: aa71ff27fc2769a1b78a27578f13a17b -> 
  custom:container-demuxer-webm: 4f35f7cbe854078d1ac9338744f61a02 -> 
  custom:video-encoder-webm-vp8: eb34c28f22e8b96e1ab97ce403110664 -> 
  custom:audio-encoder-webm-vorbis: bf7c407c2cedff20999df2af8eb42d56 -> 
  custom:framework-win-MediaFoundation: 216162199b28c13a410421893ffa2e32 -> 
  custom:container-demuxer-ogg: 62fdf1f143b41e24485cea50d1cbac27 -> 
  custom:video-decoder-webm-vp8: 9c59270c3fd7afecdb556c50c9e8de78 -> 
  custom:audio-decoder-ogg-vorbis: bf7c407c2cedff20999df2af8eb42d56 -> 
========================================================================
Received Prepare
Registering precompiled user dll's ...
Registered in 0.020366 seconds.
Begin MonoManager ReloadAssembly
Symbol file LoadedFromMemory doesn't match image F:\UnityProject\Own\Assess\Library\PackageCache\com.unity.visualscripting@1.7.8\Editor\VisualScripting.Core\Dependencies\YamlDotNet\Unity.VisualScripting.YamlDotNet.dll
Symbol file LoadedFromMemory doesn't match image F:\UnityProject\Own\Assess\Library\PackageCache\com.unity.visualscripting@1.7.8\Editor\VisualScripting.Core\Dependencies\DotNetZip\Unity.VisualScripting.IonicZip.dll
Native extension for WindowsStandalone target not found
Native extension for Android target not found
Native extension for WebGL target not found
Refreshing native plugins compatible for Editor in 0.45 ms, found 3 plugins.
Preloading 0 native plugins for Editor in 0.00 ms.
Mono: successfully reloaded assembly
- Completed reload, in  0.764 seconds
Domain Reload Profiling:
	ReloadAssembly (765ms)
		BeginReloadAssembly (87ms)
			ExecutionOrderSort (0ms)
			DisableScriptedObjects (2ms)
			BackupInstance (0ms)
			ReleaseScriptingObjects (0ms)
			CreateAndSetChildDomain (25ms)
		EndReloadAssembly (611ms)
			LoadAssemblies (63ms)
			RebuildTransferFunctionScriptingTraits (0ms)
			SetupTypeCache (145ms)
			ReleaseScriptCaches (1ms)
			RebuildScriptCaches (22ms)
			SetupLoadedEditorAssemblies (341ms)
				LogAssemblyErrors (0ms)
				InitializePlatformSupportModulesInManaged (14ms)
				SetLoadedEditorAssemblies (0ms)
				RefreshPlugins (0ms)
				BeforeProcessingInitializeOnLoad (41ms)
				ProcessInitializeOnLoadAttributes (180ms)
				ProcessInitializeOnLoadMethodAttributes (96ms)
				AfterProcessingInitializeOnLoad (9ms)
				EditorAssembliesLoaded (0ms)
			ExecutionOrderSort2 (0ms)
			AwakeInstancesAfterBackupRestoration (4ms)
Platform modules already initialized, skipping
Refreshing native plugins compatible for Editor in 2.78 ms, found 3 plugins.
Preloading 0 native plugins for Editor in 0.00 ms.
Unloading 4714 Unused Serialized files (Serialized files now loaded: 0)
Unloading 44 unused Assets / (28.3 KB). Loaded Objects now: 5378.
Memory consumption went from 169.2 MB to 169.2 MB.
Total: 9.687300 ms (FindLiveObjects: 0.168900 ms CreateObjectMapping: 0.066300 ms MarkObjects: 9.431900 ms  DeleteObjects: 0.019500 ms)

AssetImportParameters requested are different than current active one (requested -> active):
  custom:video-decoder-ogg-theora: a1e56fd34408186e4bbccfd4996cb3dc -> 
  custom:container-muxer-webm: aa71ff27fc2769a1b78a27578f13a17b -> 
  custom:container-demuxer-webm: 4f35f7cbe854078d1ac9338744f61a02 -> 
  custom:video-encoder-webm-vp8: eb34c28f22e8b96e1ab97ce403110664 -> 
  custom:audio-encoder-webm-vorbis: bf7c407c2cedff20999df2af8eb42d56 -> 
  custom:framework-win-MediaFoundation: 216162199b28c13a410421893ffa2e32 -> 
  custom:container-demuxer-ogg: 62fdf1f143b41e24485cea50d1cbac27 -> 
  custom:video-decoder-webm-vp8: 9c59270c3fd7afecdb556c50c9e8de78 -> 
  custom:audio-decoder-ogg-vorbis: bf7c407c2cedff20999df2af8eb42d56 -> 
========================================================================
Received Prepare
Registering precompiled user dll's ...
Registered in 0.029646 seconds.
Begin MonoManager ReloadAssembly
Symbol file LoadedFromMemory doesn't match image F:\UnityProject\Own\Assess\Library\PackageCache\com.unity.visualscripting@1.7.8\Editor\VisualScripting.Core\Dependencies\YamlDotNet\Unity.VisualScripting.YamlDotNet.dll
Symbol file LoadedFromMemory doesn't match image F:\UnityProject\Own\Assess\Library\PackageCache\com.unity.visualscripting@1.7.8\Editor\VisualScripting.Core\Dependencies\DotNetZip\Unity.VisualScripting.IonicZip.dll
Native extension for WindowsStandalone target not found
Native extension for Android target not found
Native extension for WebGL target not found
Refreshing native plugins compatible for Editor in 0.46 ms, found 3 plugins.
Preloading 0 native plugins for Editor in 0.00 ms.
Mono: successfully reloaded assembly
- Completed reload, in  0.751 seconds
Domain Reload Profiling:
	ReloadAssembly (751ms)
		BeginReloadAssembly (95ms)
			ExecutionOrderSort (0ms)
			DisableScriptedObjects (3ms)
			BackupInstance (0ms)
			ReleaseScriptingObjects (0ms)
			CreateAndSetChildDomain (26ms)
		EndReloadAssembly (586ms)
			LoadAssemblies (63ms)
			RebuildTransferFunctionScriptingTraits (0ms)
			SetupTypeCache (139ms)
			ReleaseScriptCaches (1ms)
			RebuildScriptCaches (21ms)
			SetupLoadedEditorAssemblies (331ms)
				LogAssemblyErrors (0ms)
				InitializePlatformSupportModulesInManaged (12ms)
				SetLoadedEditorAssemblies (0ms)
				RefreshPlugins (0ms)
				BeforeProcessingInitializeOnLoad (39ms)
				ProcessInitializeOnLoadAttributes (181ms)
				ProcessInitializeOnLoadMethodAttributes (88ms)
				AfterProcessingInitializeOnLoad (10ms)
				EditorAssembliesLoaded (0ms)
			ExecutionOrderSort2 (0ms)
			AwakeInstancesAfterBackupRestoration (5ms)
Platform modules already initialized, skipping
Refreshing native plugins compatible for Editor in 2.72 ms, found 3 plugins.
Preloading 0 native plugins for Editor in 0.00 ms.
Unloading 4714 Unused Serialized files (Serialized files now loaded: 0)
Unloading 44 unused Assets / (28.3 KB). Loaded Objects now: 5381.
Memory consumption went from 169.2 MB to 169.2 MB.
Total: 9.558400 ms (FindLiveObjects: 0.149600 ms CreateObjectMapping: 0.059300 ms MarkObjects: 9.329500 ms  DeleteObjects: 0.019300 ms)

AssetImportParameters requested are different than current active one (requested -> active):
  custom:video-decoder-ogg-theora: a1e56fd34408186e4bbccfd4996cb3dc -> 
  custom:container-muxer-webm: aa71ff27fc2769a1b78a27578f13a17b -> 
  custom:container-demuxer-webm: 4f35f7cbe854078d1ac9338744f61a02 -> 
  custom:video-encoder-webm-vp8: eb34c28f22e8b96e1ab97ce403110664 -> 
  custom:audio-encoder-webm-vorbis: bf7c407c2cedff20999df2af8eb42d56 -> 
  custom:framework-win-MediaFoundation: 216162199b28c13a410421893ffa2e32 -> 
  custom:container-demuxer-ogg: 62fdf1f143b41e24485cea50d1cbac27 -> 
  custom:video-decoder-webm-vp8: 9c59270c3fd7afecdb556c50c9e8de78 -> 
  custom:audio-decoder-ogg-vorbis: bf7c407c2cedff20999df2af8eb42d56 -> 
========================================================================
Received Import Request.
  Time since last request: 36.714585 seconds.
  path: Assets/Ugion/Scripts/Excel/UIFormInfo.asset
  artifactKey: Guid(0feb6fc5b25a0914c862a03e7e3992ee) Importer(815301076,1909f56bfc062723c751e8b465ee728b)
Start importing Assets/Ugion/Scripts/Excel/UIFormInfo.asset using Guid(0feb6fc5b25a0914c862a03e7e3992ee) Importer(815301076,1909f56bfc062723c751e8b465ee728b)  -> (artifact id: '6b84de3ef0d8e747b23ba8dbf331ce7b') in 0.009928 seconds 
========================================================================
Received Prepare
Registering precompiled user dll's ...
Registered in 0.023585 seconds.
Begin MonoManager ReloadAssembly
Symbol file LoadedFromMemory doesn't match image F:\UnityProject\Own\Assess\Library\PackageCache\com.unity.visualscripting@1.7.8\Editor\VisualScripting.Core\Dependencies\YamlDotNet\Unity.VisualScripting.YamlDotNet.dll
Symbol file LoadedFromMemory doesn't match image F:\UnityProject\Own\Assess\Library\PackageCache\com.unity.visualscripting@1.7.8\Editor\VisualScripting.Core\Dependencies\DotNetZip\Unity.VisualScripting.IonicZip.dll
Native extension for WindowsStandalone target not found
Native extension for Android target not found
Native extension for WebGL target not found
Refreshing native plugins compatible for Editor in 0.48 ms, found 3 plugins.
Preloading 0 native plugins for Editor in 0.00 ms.
Mono: successfully reloaded assembly
- Completed reload, in  0.779 seconds
Domain Reload Profiling:
	ReloadAssembly (780ms)
		BeginReloadAssembly (90ms)
			ExecutionOrderSort (0ms)
			DisableScriptedObjects (2ms)
			BackupInstance (0ms)
			ReleaseScriptingObjects (0ms)
			CreateAndSetChildDomain (24ms)
		EndReloadAssembly (621ms)
			LoadAssemblies (65ms)
			RebuildTransferFunctionScriptingTraits (0ms)
			SetupTypeCache (148ms)
			ReleaseScriptCaches (1ms)
			RebuildScriptCaches (24ms)
			SetupLoadedEditorAssemblies (353ms)
				LogAssemblyErrors (0ms)
				InitializePlatformSupportModulesInManaged (15ms)
				SetLoadedEditorAssemblies (0ms)
				RefreshPlugins (1ms)
				BeforeProcessingInitializeOnLoad (54ms)
				ProcessInitializeOnLoadAttributes (178ms)
				ProcessInitializeOnLoadMethodAttributes (97ms)
				AfterProcessingInitializeOnLoad (8ms)
				EditorAssembliesLoaded (0ms)
			ExecutionOrderSort2 (0ms)
			AwakeInstancesAfterBackupRestoration (3ms)
Platform modules already initialized, skipping
Refreshing native plugins compatible for Editor in 2.82 ms, found 3 plugins.
Preloading 0 native plugins for Editor in 0.00 ms.
Unloading 4714 Unused Serialized files (Serialized files now loaded: 0)
Unloading 44 unused Assets / (28.3 KB). Loaded Objects now: 5384.
Memory consumption went from 169.2 MB to 169.2 MB.
Total: 9.455700 ms (FindLiveObjects: 0.146200 ms CreateObjectMapping: 0.056800 ms MarkObjects: 9.230700 ms  DeleteObjects: 0.020900 ms)

AssetImportParameters requested are different than current active one (requested -> active):
  custom:video-decoder-ogg-theora: a1e56fd34408186e4bbccfd4996cb3dc -> 
  custom:container-muxer-webm: aa71ff27fc2769a1b78a27578f13a17b -> 
  custom:container-demuxer-webm: 4f35f7cbe854078d1ac9338744f61a02 -> 
  custom:video-encoder-webm-vp8: eb34c28f22e8b96e1ab97ce403110664 -> 
  custom:audio-encoder-webm-vorbis: bf7c407c2cedff20999df2af8eb42d56 -> 
  custom:framework-win-MediaFoundation: 216162199b28c13a410421893ffa2e32 -> 
  custom:container-demuxer-ogg: 62fdf1f143b41e24485cea50d1cbac27 -> 
  custom:video-decoder-webm-vp8: 9c59270c3fd7afecdb556c50c9e8de78 -> 
  custom:audio-decoder-ogg-vorbis: bf7c407c2cedff20999df2af8eb42d56 -> 
========================================================================
Received Prepare
Registering precompiled user dll's ...
Registered in 0.020112 seconds.
Begin MonoManager ReloadAssembly
Symbol file LoadedFromMemory doesn't match image F:\UnityProject\Own\Assess\Library\PackageCache\com.unity.visualscripting@1.7.8\Editor\VisualScripting.Core\Dependencies\YamlDotNet\Unity.VisualScripting.YamlDotNet.dll
Symbol file LoadedFromMemory doesn't match image F:\UnityProject\Own\Assess\Library\PackageCache\com.unity.visualscripting@1.7.8\Editor\VisualScripting.Core\Dependencies\DotNetZip\Unity.VisualScripting.IonicZip.dll
Native extension for WindowsStandalone target not found
Native extension for Android target not found
Native extension for WebGL target not found
Refreshing native plugins compatible for Editor in 0.45 ms, found 3 plugins.
Preloading 0 native plugins for Editor in 0.00 ms.
Mono: successfully reloaded assembly
- Completed reload, in  0.763 seconds
Domain Reload Profiling:
	ReloadAssembly (764ms)
		BeginReloadAssembly (87ms)
			ExecutionOrderSort (0ms)
			DisableScriptedObjects (3ms)
			BackupInstance (0ms)
			ReleaseScriptingObjects (0ms)
			CreateAndSetChildDomain (22ms)
		EndReloadAssembly (604ms)
			LoadAssemblies (75ms)
			RebuildTransferFunctionScriptingTraits (0ms)
			SetupTypeCache (144ms)
			ReleaseScriptCaches (1ms)
			RebuildScriptCaches (21ms)
			SetupLoadedEditorAssemblies (332ms)
				LogAssemblyErrors (0ms)
				InitializePlatformSupportModulesInManaged (14ms)
				SetLoadedEditorAssemblies (0ms)
				RefreshPlugins (0ms)
				BeforeProcessingInitializeOnLoad (39ms)
				ProcessInitializeOnLoadAttributes (183ms)
				ProcessInitializeOnLoadMethodAttributes (87ms)
				AfterProcessingInitializeOnLoad (8ms)
				EditorAssembliesLoaded (0ms)
			ExecutionOrderSort2 (0ms)
			AwakeInstancesAfterBackupRestoration (3ms)
Platform modules already initialized, skipping
Refreshing native plugins compatible for Editor in 2.84 ms, found 3 plugins.
Preloading 0 native plugins for Editor in 0.00 ms.
Unloading 4714 Unused Serialized files (Serialized files now loaded: 0)
Unloading 44 unused Assets / (28.4 KB). Loaded Objects now: 5387.
Memory consumption went from 169.2 MB to 169.2 MB.
Total: 9.393900 ms (FindLiveObjects: 0.153200 ms CreateObjectMapping: 0.054900 ms MarkObjects: 9.167400 ms  DeleteObjects: 0.017900 ms)

AssetImportParameters requested are different than current active one (requested -> active):
  custom:video-decoder-ogg-theora: a1e56fd34408186e4bbccfd4996cb3dc -> 
  custom:container-muxer-webm: aa71ff27fc2769a1b78a27578f13a17b -> 
  custom:container-demuxer-webm: 4f35f7cbe854078d1ac9338744f61a02 -> 
  custom:video-encoder-webm-vp8: eb34c28f22e8b96e1ab97ce403110664 -> 
  custom:audio-encoder-webm-vorbis: bf7c407c2cedff20999df2af8eb42d56 -> 
  custom:framework-win-MediaFoundation: 216162199b28c13a410421893ffa2e32 -> 
  custom:container-demuxer-ogg: 62fdf1f143b41e24485cea50d1cbac27 -> 
  custom:video-decoder-webm-vp8: 9c59270c3fd7afecdb556c50c9e8de78 -> 
  custom:audio-decoder-ogg-vorbis: bf7c407c2cedff20999df2af8eb42d56 -> 
========================================================================
Received Import Request.
  Time since last request: 127.313821 seconds.
  path: Assets/Ugion/Scripts/Excel/~$UIFormInfo.xlsx
  artifactKey: Guid(d023ab90393be6d479377614f6ce61d1) Importer(815301076,1909f56bfc062723c751e8b465ee728b)
Start importing Assets/Ugion/Scripts/Excel/~$UIFormInfo.xlsx using Guid(d023ab90393be6d479377614f6ce61d1) Importer(815301076,1909f56bfc062723c751e8b465ee728b)  -> (artifact id: 'dd9ccb62d64c8b5b8c80e7333184a808') in 0.008177 seconds 
========================================================================
Received Prepare
Registering precompiled user dll's ...
Registered in 0.021891 seconds.
Begin MonoManager ReloadAssembly
Symbol file LoadedFromMemory doesn't match image F:\UnityProject\Own\Assess\Library\PackageCache\com.unity.visualscripting@1.7.8\Editor\VisualScripting.Core\Dependencies\YamlDotNet\Unity.VisualScripting.YamlDotNet.dll
Symbol file LoadedFromMemory doesn't match image F:\UnityProject\Own\Assess\Library\PackageCache\com.unity.visualscripting@1.7.8\Editor\VisualScripting.Core\Dependencies\DotNetZip\Unity.VisualScripting.IonicZip.dll
Native extension for WindowsStandalone target not found
Native extension for Android target not found
Native extension for WebGL target not found
Refreshing native plugins compatible for Editor in 0.48 ms, found 3 plugins.
Preloading 0 native plugins for Editor in 0.00 ms.
Mono: successfully reloaded assembly
- Completed reload, in  0.774 seconds
Domain Reload Profiling:
	ReloadAssembly (774ms)
		BeginReloadAssembly (86ms)
			ExecutionOrderSort (0ms)
			DisableScriptedObjects (3ms)
			BackupInstance (0ms)
			ReleaseScriptingObjects (0ms)
			CreateAndSetChildDomain (22ms)
		EndReloadAssembly (622ms)
			LoadAssemblies (63ms)
			RebuildTransferFunctionScriptingTraits (0ms)
			SetupTypeCache (140ms)
			ReleaseScriptCaches (1ms)
			RebuildScriptCaches (22ms)
			SetupLoadedEditorAssemblies (368ms)
				LogAssemblyErrors (0ms)
				InitializePlatformSupportModulesInManaged (13ms)
				SetLoadedEditorAssemblies (0ms)
				RefreshPlugins (1ms)
				BeforeProcessingInitializeOnLoad (42ms)
				ProcessInitializeOnLoadAttributes (203ms)
				ProcessInitializeOnLoadMethodAttributes (100ms)
				AfterProcessingInitializeOnLoad (9ms)
				EditorAssembliesLoaded (0ms)
			ExecutionOrderSort2 (0ms)
			AwakeInstancesAfterBackupRestoration (4ms)
Platform modules already initialized, skipping
Refreshing native plugins compatible for Editor in 3.01 ms, found 3 plugins.
Preloading 0 native plugins for Editor in 0.00 ms.
Unloading 4714 Unused Serialized files (Serialized files now loaded: 0)
Unloading 44 unused Assets / (28.4 KB). Loaded Objects now: 5390.
Memory consumption went from 169.2 MB to 169.2 MB.
Total: 9.753800 ms (FindLiveObjects: 0.156100 ms CreateObjectMapping: 0.056500 ms MarkObjects: 9.516500 ms  DeleteObjects: 0.023900 ms)

AssetImportParameters requested are different than current active one (requested -> active):
  custom:video-decoder-ogg-theora: a1e56fd34408186e4bbccfd4996cb3dc -> 
  custom:container-muxer-webm: aa71ff27fc2769a1b78a27578f13a17b -> 
  custom:container-demuxer-webm: 4f35f7cbe854078d1ac9338744f61a02 -> 
  custom:video-encoder-webm-vp8: eb34c28f22e8b96e1ab97ce403110664 -> 
  custom:audio-encoder-webm-vorbis: bf7c407c2cedff20999df2af8eb42d56 -> 
  custom:framework-win-MediaFoundation: 216162199b28c13a410421893ffa2e32 -> 
  custom:container-demuxer-ogg: 62fdf1f143b41e24485cea50d1cbac27 -> 
  custom:video-decoder-webm-vp8: 9c59270c3fd7afecdb556c50c9e8de78 -> 
  custom:audio-decoder-ogg-vorbis: bf7c407c2cedff20999df2af8eb42d56 -> 
========================================================================
Received Import Request.
  Time since last request: 107.458704 seconds.
  path: Assets/Ugion/Scripts/Excel/UIFormInfo.xlsx
  artifactKey: Guid(692e84985288491468f080d1cb1e2b66) Importer(815301076,1909f56bfc062723c751e8b465ee728b)
Start importing Assets/Ugion/Scripts/Excel/UIFormInfo.xlsx using Guid(692e84985288491468f080d1cb1e2b66) Importer(815301076,1909f56bfc062723c751e8b465ee728b)  -> (artifact id: '183173b83fab242882ac015954b7540a') in 0.009071 seconds 
========================================================================
Received Prepare
Registering precompiled user dll's ...
Registered in 0.029365 seconds.
Begin MonoManager ReloadAssembly
Symbol file LoadedFromMemory doesn't match image F:\UnityProject\Own\Assess\Library\PackageCache\com.unity.visualscripting@1.7.8\Editor\VisualScripting.Core\Dependencies\YamlDotNet\Unity.VisualScripting.YamlDotNet.dll
Symbol file LoadedFromMemory doesn't match image F:\UnityProject\Own\Assess\Library\PackageCache\com.unity.visualscripting@1.7.8\Editor\VisualScripting.Core\Dependencies\DotNetZip\Unity.VisualScripting.IonicZip.dll
Native extension for WindowsStandalone target not found
Native extension for Android target not found
Native extension for WebGL target not found
Refreshing native plugins compatible for Editor in 0.44 ms, found 3 plugins.
Preloading 0 native plugins for Editor in 0.00 ms.
Mono: successfully reloaded assembly
- Completed reload, in  0.759 seconds
Domain Reload Profiling:
	ReloadAssembly (760ms)
		BeginReloadAssembly (93ms)
			ExecutionOrderSort (0ms)
			DisableScriptedObjects (3ms)
			BackupInstance (0ms)
			ReleaseScriptingObjects (0ms)
			CreateAndSetChildDomain (25ms)
		EndReloadAssembly (591ms)
			LoadAssemblies (68ms)
			RebuildTransferFunctionScriptingTraits (0ms)
			SetupTypeCache (140ms)
			ReleaseScriptCaches (1ms)
			RebuildScriptCaches (23ms)
			SetupLoadedEditorAssemblies (332ms)
				LogAssemblyErrors (0ms)
				InitializePlatformSupportModulesInManaged (13ms)
				SetLoadedEditorAssemblies (0ms)
				RefreshPlugins (0ms)
				BeforeProcessingInitializeOnLoad (39ms)
				ProcessInitializeOnLoadAttributes (176ms)
				ProcessInitializeOnLoadMethodAttributes (94ms)
				AfterProcessingInitializeOnLoad (9ms)
				EditorAssembliesLoaded (0ms)
			ExecutionOrderSort2 (0ms)
			AwakeInstancesAfterBackupRestoration (3ms)
Platform modules already initialized, skipping
Refreshing native plugins compatible for Editor in 2.99 ms, found 3 plugins.
Preloading 0 native plugins for Editor in 0.00 ms.
Unloading 4713 Unused Serialized files (Serialized files now loaded: 0)
Unloading 45 unused Assets / (28.4 KB). Loaded Objects now: 5392.
Memory consumption went from 169.2 MB to 169.2 MB.
Total: 9.470000 ms (FindLiveObjects: 0.145700 ms CreateObjectMapping: 0.053900 ms MarkObjects: 9.247800 ms  DeleteObjects: 0.021700 ms)

AssetImportParameters requested are different than current active one (requested -> active):
  custom:video-decoder-ogg-theora: a1e56fd34408186e4bbccfd4996cb3dc -> 
  custom:container-muxer-webm: aa71ff27fc2769a1b78a27578f13a17b -> 
  custom:container-demuxer-webm: 4f35f7cbe854078d1ac9338744f61a02 -> 
  custom:video-encoder-webm-vp8: eb34c28f22e8b96e1ab97ce403110664 -> 
  custom:audio-encoder-webm-vorbis: bf7c407c2cedff20999df2af8eb42d56 -> 
  custom:framework-win-MediaFoundation: 216162199b28c13a410421893ffa2e32 -> 
  custom:container-demuxer-ogg: 62fdf1f143b41e24485cea50d1cbac27 -> 
  custom:video-decoder-webm-vp8: 9c59270c3fd7afecdb556c50c9e8de78 -> 
  custom:audio-decoder-ogg-vorbis: bf7c407c2cedff20999df2af8eb42d56 -> 
========================================================================
Received Import Request.
  Time since last request: 28.857111 seconds.
  path: Assets/Ugion/Scripts/Excel/Excel_UIFormMap.cs
  artifactKey: Guid(57abb291d7683794baf2c75ff455e368) Importer(815301076,1909f56bfc062723c751e8b465ee728b)
Start importing Assets/Ugion/Scripts/Excel/Excel_UIFormMap.cs using Guid(57abb291d7683794baf2c75ff455e368) Importer(815301076,1909f56bfc062723c751e8b465ee728b)  -> (artifact id: '49d2797976293a79667d23ce2cc52685') in 0.004079 seconds 
========================================================================
Received Prepare
Registering precompiled user dll's ...
Registered in 0.027780 seconds.
Begin MonoManager ReloadAssembly
Symbol file LoadedFromMemory doesn't match image F:\UnityProject\Own\Assess\Library\PackageCache\com.unity.visualscripting@1.7.8\Editor\VisualScripting.Core\Dependencies\YamlDotNet\Unity.VisualScripting.YamlDotNet.dll
Symbol file LoadedFromMemory doesn't match image F:\UnityProject\Own\Assess\Library\PackageCache\com.unity.visualscripting@1.7.8\Editor\VisualScripting.Core\Dependencies\DotNetZip\Unity.VisualScripting.IonicZip.dll
Native extension for WindowsStandalone target not found
Native extension for Android target not found
Native extension for WebGL target not found
Refreshing native plugins compatible for Editor in 0.45 ms, found 3 plugins.
Preloading 0 native plugins for Editor in 0.00 ms.
Mono: successfully reloaded assembly
- Completed reload, in  0.770 seconds
Domain Reload Profiling:
	ReloadAssembly (771ms)
		BeginReloadAssembly (85ms)
			ExecutionOrderSort (0ms)
			DisableScriptedObjects (3ms)
			BackupInstance (0ms)
			ReleaseScriptingObjects (0ms)
			CreateAndSetChildDomain (21ms)
		EndReloadAssembly (578ms)
			LoadAssemblies (61ms)
			RebuildTransferFunctionScriptingTraits (0ms)
			SetupTypeCache (140ms)
			ReleaseScriptCaches (1ms)
			RebuildScriptCaches (22ms)
			SetupLoadedEditorAssemblies (323ms)
				LogAssemblyErrors (0ms)
				InitializePlatformSupportModulesInManaged (13ms)
				SetLoadedEditorAssemblies (0ms)
				RefreshPlugins (1ms)
				BeforeProcessingInitializeOnLoad (40ms)
				ProcessInitializeOnLoadAttributes (178ms)
				ProcessInitializeOnLoadMethodAttributes (81ms)
				AfterProcessingInitializeOnLoad (10ms)
				EditorAssembliesLoaded (0ms)
			ExecutionOrderSort2 (0ms)
			AwakeInstancesAfterBackupRestoration (4ms)
Platform modules already initialized, skipping
Refreshing native plugins compatible for Editor in 3.09 ms, found 3 plugins.
Preloading 0 native plugins for Editor in 0.00 ms.
Unloading 4714 Unused Serialized files (Serialized files now loaded: 0)
Unloading 44 unused Assets / (28.4 KB). Loaded Objects now: 5396.
Memory consumption went from 169.3 MB to 169.2 MB.
Total: 9.809100 ms (FindLiveObjects: 0.186500 ms CreateObjectMapping: 0.091000 ms MarkObjects: 9.510400 ms  DeleteObjects: 0.020300 ms)

AssetImportParameters requested are different than current active one (requested -> active):
  custom:video-decoder-ogg-theora: a1e56fd34408186e4bbccfd4996cb3dc -> 
  custom:container-muxer-webm: aa71ff27fc2769a1b78a27578f13a17b -> 
  custom:container-demuxer-webm: 4f35f7cbe854078d1ac9338744f61a02 -> 
  custom:video-encoder-webm-vp8: eb34c28f22e8b96e1ab97ce403110664 -> 
  custom:audio-encoder-webm-vorbis: bf7c407c2cedff20999df2af8eb42d56 -> 
  custom:framework-win-MediaFoundation: 216162199b28c13a410421893ffa2e32 -> 
  custom:container-demuxer-ogg: 62fdf1f143b41e24485cea50d1cbac27 -> 
  custom:video-decoder-webm-vp8: 9c59270c3fd7afecdb556c50c9e8de78 -> 
  custom:audio-decoder-ogg-vorbis: bf7c407c2cedff20999df2af8eb42d56 -> 
========================================================================
Received Import Request.
  Time since last request: 40.163694 seconds.
  path: Assets/Ugion/Scripts/Excel/UIFormInfo.cs
  artifactKey: Guid(e17032b6177b5154e9c57c06f0e8c86e) Importer(815301076,1909f56bfc062723c751e8b465ee728b)
Start importing Assets/Ugion/Scripts/Excel/UIFormInfo.cs using Guid(e17032b6177b5154e9c57c06f0e8c86e) Importer(815301076,1909f56bfc062723c751e8b465ee728b)  -> (artifact id: '4a650c8a18368c00857fdb782adf922c') in 0.004125 seconds 
========================================================================
Received Prepare
Registering precompiled user dll's ...
Registered in 0.023770 seconds.
Begin MonoManager ReloadAssembly
Symbol file LoadedFromMemory doesn't match image F:\UnityProject\Own\Assess\Library\PackageCache\com.unity.visualscripting@1.7.8\Editor\VisualScripting.Core\Dependencies\YamlDotNet\Unity.VisualScripting.YamlDotNet.dll
Symbol file LoadedFromMemory doesn't match image F:\UnityProject\Own\Assess\Library\PackageCache\com.unity.visualscripting@1.7.8\Editor\VisualScripting.Core\Dependencies\DotNetZip\Unity.VisualScripting.IonicZip.dll
Native extension for WindowsStandalone target not found
Native extension for Android target not found
Native extension for WebGL target not found
Refreshing native plugins compatible for Editor in 0.45 ms, found 3 plugins.
Preloading 0 native plugins for Editor in 0.00 ms.
Mono: successfully reloaded assembly
- Completed reload, in  0.796 seconds
Domain Reload Profiling:
	ReloadAssembly (796ms)
		BeginReloadAssembly (128ms)
			ExecutionOrderSort (0ms)
			DisableScriptedObjects (2ms)
			BackupInstance (0ms)
			ReleaseScriptingObjects (0ms)
			CreateAndSetChildDomain (25ms)
		EndReloadAssembly (590ms)
			LoadAssemblies (89ms)
			RebuildTransferFunctionScriptingTraits (0ms)
			SetupTypeCache (141ms)
			ReleaseScriptCaches (1ms)
			RebuildScriptCaches (21ms)
			SetupLoadedEditorAssemblies (328ms)
				LogAssemblyErrors (0ms)
				InitializePlatformSupportModulesInManaged (13ms)
				SetLoadedEditorAssemblies (0ms)
				RefreshPlugins (0ms)
				BeforeProcessingInitializeOnLoad (41ms)
				ProcessInitializeOnLoadAttributes (179ms)
				ProcessInitializeOnLoadMethodAttributes (86ms)
				AfterProcessingInitializeOnLoad (8ms)
				EditorAssembliesLoaded (0ms)
			ExecutionOrderSort2 (0ms)
			AwakeInstancesAfterBackupRestoration (4ms)
Platform modules already initialized, skipping
Refreshing native plugins compatible for Editor in 5.89 ms, found 3 plugins.
Preloading 0 native plugins for Editor in 0.00 ms.
Unloading 4714 Unused Serialized files (Serialized files now loaded: 0)
Unloading 44 unused Assets / (28.4 KB). Loaded Objects now: 5399.
Memory consumption went from 169.3 MB to 169.3 MB.
Total: 9.957800 ms (FindLiveObjects: 0.153800 ms CreateObjectMapping: 0.053000 ms MarkObjects: 9.729400 ms  DeleteObjects: 0.020800 ms)

AssetImportParameters requested are different than current active one (requested -> active):
  custom:video-decoder-ogg-theora: a1e56fd34408186e4bbccfd4996cb3dc -> 
  custom:container-muxer-webm: aa71ff27fc2769a1b78a27578f13a17b -> 
  custom:container-demuxer-webm: 4f35f7cbe854078d1ac9338744f61a02 -> 
  custom:video-encoder-webm-vp8: eb34c28f22e8b96e1ab97ce403110664 -> 
  custom:audio-encoder-webm-vorbis: bf7c407c2cedff20999df2af8eb42d56 -> 
  custom:framework-win-MediaFoundation: 216162199b28c13a410421893ffa2e32 -> 
  custom:container-demuxer-ogg: 62fdf1f143b41e24485cea50d1cbac27 -> 
  custom:video-decoder-webm-vp8: 9c59270c3fd7afecdb556c50c9e8de78 -> 
  custom:audio-decoder-ogg-vorbis: bf7c407c2cedff20999df2af8eb42d56 -> 
========================================================================
Received Import Request.
  Time since last request: 11.810095 seconds.
  path: Assets/Ugion/Scripts/Excel/UIFormInfo.asset
  artifactKey: Guid(0feb6fc5b25a0914c862a03e7e3992ee) Importer(815301076,1909f56bfc062723c751e8b465ee728b)
Start importing Assets/Ugion/Scripts/Excel/UIFormInfo.asset using Guid(0feb6fc5b25a0914c862a03e7e3992ee) Importer(815301076,1909f56bfc062723c751e8b465ee728b)  -> (artifact id: '5b10b3d5ef95af13d4813f5a524549cf') in 0.009474 seconds 
========================================================================
Received Import Request.
  Time since last request: 67.027092 seconds.
  path: Assets/Ugion/Scripts/Excel/UIFormInfo.xlsx
  artifactKey: Guid(692e84985288491468f080d1cb1e2b66) Importer(815301076,1909f56bfc062723c751e8b465ee728b)
Start importing Assets/Ugion/Scripts/Excel/UIFormInfo.xlsx using Guid(692e84985288491468f080d1cb1e2b66) Importer(815301076,1909f56bfc062723c751e8b465ee728b)  -> (artifact id: '67c05f2e44bdf620f156a5a3e2daa608') in 0.002377 seconds 
========================================================================
Received Prepare
Registering precompiled user dll's ...
Registered in 0.022112 seconds.
Begin MonoManager ReloadAssembly
Symbol file LoadedFromMemory doesn't match image F:\UnityProject\Own\Assess\Library\PackageCache\com.unity.visualscripting@1.7.8\Editor\VisualScripting.Core\Dependencies\YamlDotNet\Unity.VisualScripting.YamlDotNet.dll
Symbol file LoadedFromMemory doesn't match image F:\UnityProject\Own\Assess\Library\PackageCache\com.unity.visualscripting@1.7.8\Editor\VisualScripting.Core\Dependencies\DotNetZip\Unity.VisualScripting.IonicZip.dll
Native extension for WindowsStandalone target not found
Native extension for Android target not found
Native extension for WebGL target not found
Refreshing native plugins compatible for Editor in 0.44 ms, found 3 plugins.
Preloading 0 native plugins for Editor in 0.00 ms.
Mono: successfully reloaded assembly
- Completed reload, in  0.746 seconds
Domain Reload Profiling:
	ReloadAssembly (746ms)
		BeginReloadAssembly (92ms)
			ExecutionOrderSort (0ms)
			DisableScriptedObjects (3ms)
			BackupInstance (0ms)
			ReleaseScriptingObjects (0ms)
			CreateAndSetChildDomain (24ms)
		EndReloadAssembly (585ms)
			LoadAssemblies (67ms)
			RebuildTransferFunctionScriptingTraits (0ms)
			SetupTypeCache (142ms)
			ReleaseScriptCaches (1ms)
			RebuildScriptCaches (21ms)
			SetupLoadedEditorAssemblies (326ms)
				LogAssemblyErrors (0ms)
				InitializePlatformSupportModulesInManaged (13ms)
				SetLoadedEditorAssemblies (0ms)
				RefreshPlugins (0ms)
				BeforeProcessingInitializeOnLoad (39ms)
				ProcessInitializeOnLoadAttributes (180ms)
				ProcessInitializeOnLoadMethodAttributes (85ms)
				AfterProcessingInitializeOnLoad (8ms)
				EditorAssembliesLoaded (0ms)
			ExecutionOrderSort2 (0ms)
			AwakeInstancesAfterBackupRestoration (4ms)
Platform modules already initialized, skipping
Refreshing native plugins compatible for Editor in 2.80 ms, found 3 plugins.
Preloading 0 native plugins for Editor in 0.00 ms.
Unloading 4714 Unused Serialized files (Serialized files now loaded: 0)
Unloading 44 unused Assets / (28.3 KB). Loaded Objects now: 5402.
Memory consumption went from 169.3 MB to 169.3 MB.
Total: 9.611700 ms (FindLiveObjects: 0.145600 ms CreateObjectMapping: 0.056500 ms MarkObjects: 9.387800 ms  DeleteObjects: 0.020800 ms)

AssetImportParameters requested are different than current active one (requested -> active):
  custom:video-decoder-ogg-theora: a1e56fd34408186e4bbccfd4996cb3dc -> 
  custom:container-muxer-webm: aa71ff27fc2769a1b78a27578f13a17b -> 
  custom:container-demuxer-webm: 4f35f7cbe854078d1ac9338744f61a02 -> 
  custom:video-encoder-webm-vp8: eb34c28f22e8b96e1ab97ce403110664 -> 
  custom:audio-encoder-webm-vorbis: bf7c407c2cedff20999df2af8eb42d56 -> 
  custom:framework-win-MediaFoundation: 216162199b28c13a410421893ffa2e32 -> 
  custom:container-demuxer-ogg: 62fdf1f143b41e24485cea50d1cbac27 -> 
  custom:video-decoder-webm-vp8: 9c59270c3fd7afecdb556c50c9e8de78 -> 
  custom:audio-decoder-ogg-vorbis: bf7c407c2cedff20999df2af8eb42d56 -> 
========================================================================
Received Import Request.
  Time since last request: 144.224934 seconds.
  path: Assets/Ugion/Scripts/Excel/UIFormInfo.xlsx
  artifactKey: Guid(692e84985288491468f080d1cb1e2b66) Importer(815301076,1909f56bfc062723c751e8b465ee728b)
Start importing Assets/Ugion/Scripts/Excel/UIFormInfo.xlsx using Guid(692e84985288491468f080d1cb1e2b66) Importer(815301076,1909f56bfc062723c751e8b465ee728b)  -> (artifact id: '9b7ea5e628c5a40bacad2b8d6f8f2dd7') in 0.008538 seconds 
========================================================================
Received Import Request.
  Time since last request: 13.627813 seconds.
  path: Assets/Ugion/Scripts/Excel/UIFormInfo.xlsx
  artifactKey: Guid(692e84985288491468f080d1cb1e2b66) Importer(815301076,1909f56bfc062723c751e8b465ee728b)
Start importing Assets/Ugion/Scripts/Excel/UIFormInfo.xlsx using Guid(692e84985288491468f080d1cb1e2b66) Importer(815301076,1909f56bfc062723c751e8b465ee728b)  -> (artifact id: 'a365a60b71d9f32d69ba0a553fe046b2') in 0.002224 seconds 
========================================================================
Received Prepare
Registering precompiled user dll's ...
Registered in 0.021114 seconds.
Begin MonoManager ReloadAssembly
Symbol file LoadedFromMemory doesn't match image F:\UnityProject\Own\Assess\Library\PackageCache\com.unity.visualscripting@1.7.8\Editor\VisualScripting.Core\Dependencies\YamlDotNet\Unity.VisualScripting.YamlDotNet.dll
Symbol file LoadedFromMemory doesn't match image F:\UnityProject\Own\Assess\Library\PackageCache\com.unity.visualscripting@1.7.8\Editor\VisualScripting.Core\Dependencies\DotNetZip\Unity.VisualScripting.IonicZip.dll
Native extension for WindowsStandalone target not found
Native extension for Android target not found
Native extension for WebGL target not found
Refreshing native plugins compatible for Editor in 0.51 ms, found 3 plugins.
Preloading 0 native plugins for Editor in 0.00 ms.
Mono: successfully reloaded assembly
- Completed reload, in  0.740 seconds
Domain Reload Profiling:
	ReloadAssembly (740ms)
		BeginReloadAssembly (88ms)
			ExecutionOrderSort (0ms)
			DisableScriptedObjects (2ms)
			BackupInstance (0ms)
			ReleaseScriptingObjects (0ms)
			CreateAndSetChildDomain (24ms)
		EndReloadAssembly (578ms)
			LoadAssemblies (62ms)
			RebuildTransferFunctionScriptingTraits (0ms)
			SetupTypeCache (138ms)
			ReleaseScriptCaches (1ms)
			RebuildScriptCaches (21ms)
			SetupLoadedEditorAssemblies (325ms)
				LogAssemblyErrors (0ms)
				InitializePlatformSupportModulesInManaged (13ms)
				SetLoadedEditorAssemblies (0ms)
				RefreshPlugins (1ms)
				BeforeProcessingInitializeOnLoad (40ms)
				ProcessInitializeOnLoadAttributes (171ms)
				ProcessInitializeOnLoadMethodAttributes (90ms)
				AfterProcessingInitializeOnLoad (9ms)
				EditorAssembliesLoaded (0ms)
			ExecutionOrderSort2 (0ms)
			AwakeInstancesAfterBackupRestoration (4ms)
Platform modules already initialized, skipping
Refreshing native plugins compatible for Editor in 3.61 ms, found 3 plugins.
Preloading 0 native plugins for Editor in 0.00 ms.
Unloading 4713 Unused Serialized files (Serialized files now loaded: 0)
Unloading 45 unused Assets / (28.4 KB). Loaded Objects now: 5404.
Memory consumption went from 169.3 MB to 169.3 MB.
Total: 9.603000 ms (FindLiveObjects: 0.151200 ms CreateObjectMapping: 0.057400 ms MarkObjects: 9.371000 ms  DeleteObjects: 0.022500 ms)

AssetImportParameters requested are different than current active one (requested -> active):
  custom:video-decoder-ogg-theora: a1e56fd34408186e4bbccfd4996cb3dc -> 
  custom:container-muxer-webm: aa71ff27fc2769a1b78a27578f13a17b -> 
  custom:container-demuxer-webm: 4f35f7cbe854078d1ac9338744f61a02 -> 
  custom:video-encoder-webm-vp8: eb34c28f22e8b96e1ab97ce403110664 -> 
  custom:audio-encoder-webm-vorbis: bf7c407c2cedff20999df2af8eb42d56 -> 
  custom:framework-win-MediaFoundation: 216162199b28c13a410421893ffa2e32 -> 
  custom:container-demuxer-ogg: 62fdf1f143b41e24485cea50d1cbac27 -> 
  custom:video-decoder-webm-vp8: 9c59270c3fd7afecdb556c50c9e8de78 -> 
  custom:audio-decoder-ogg-vorbis: bf7c407c2cedff20999df2af8eb42d56 -> 
========================================================================
Received Import Request.
  Time since last request: 195.250208 seconds.
  path: Assets/Plugins/ExcelImporter/Example
  artifactKey: Guid(b2b43685b51e8441cb263261332d10f2) Importer(815301076,1909f56bfc062723c751e8b465ee728b)
Start importing Assets/Plugins/ExcelImporter/Example using Guid(b2b43685b51e8441cb263261332d10f2) Importer(815301076,1909f56bfc062723c751e8b465ee728b)  -> (artifact id: '2d1721ac8a8fccdbc96e405a0e11ad0a') in 0.006764 seconds 
========================================================================
Received Import Request.
  Time since last request: 0.887751 seconds.
  path: Assets/Plugins/ExcelImporter/Example/Scripts
  artifactKey: Guid(eb0f696937bbe4854b814088d143324b) Importer(815301076,1909f56bfc062723c751e8b465ee728b)
Start importing Assets/Plugins/ExcelImporter/Example/Scripts using Guid(eb0f696937bbe4854b814088d143324b) Importer(815301076,1909f56bfc062723c751e8b465ee728b)  -> (artifact id: 'a02fb727d92be6cf354d6d0f5d32eb79') in 0.001344 seconds 
========================================================================
Received Import Request.
  Time since last request: 1.028274 seconds.
  path: Assets/Plugins/ExcelImporter/Example/Scripts/Example.cs
  artifactKey: Guid(40cacb082f86943ebaba90a45cd9c61f) Importer(815301076,1909f56bfc062723c751e8b465ee728b)
Start importing Assets/Plugins/ExcelImporter/Example/Scripts/Example.cs using Guid(40cacb082f86943ebaba90a45cd9c61f) Importer(815301076,1909f56bfc062723c751e8b465ee728b)  -> (artifact id: '2ed77f33a7a010d6635e493938d8130b') in 0.001181 seconds 
========================================================================
Received Import Request.
  Time since last request: 4.345516 seconds.
  path: Assets/Plugins/ExcelImporter/Example/Scripts/Entity/MstItemEntity.cs
  artifactKey: Guid(b22efcfc0bc554272a62f8b75092640e) Importer(815301076,1909f56bfc062723c751e8b465ee728b)
Start importing Assets/Plugins/ExcelImporter/Example/Scripts/Entity/MstItemEntity.cs using Guid(b22efcfc0bc554272a62f8b75092640e) Importer(815301076,1909f56bfc062723c751e8b465ee728b)  -> (artifact id: 'de39b3bc4287db994860ca13d6056983') in 0.001324 seconds 
========================================================================
Received Prepare
Registering precompiled user dll's ...
Registered in 0.021277 seconds.
Begin MonoManager ReloadAssembly
Symbol file LoadedFromMemory doesn't match image F:\UnityProject\Own\Assess\Library\PackageCache\com.unity.visualscripting@1.7.8\Editor\VisualScripting.Core\Dependencies\YamlDotNet\Unity.VisualScripting.YamlDotNet.dll
Symbol file LoadedFromMemory doesn't match image F:\UnityProject\Own\Assess\Library\PackageCache\com.unity.visualscripting@1.7.8\Editor\VisualScripting.Core\Dependencies\DotNetZip\Unity.VisualScripting.IonicZip.dll
Native extension for WindowsStandalone target not found
Native extension for Android target not found
Native extension for WebGL target not found
Refreshing native plugins compatible for Editor in 0.45 ms, found 3 plugins.
Preloading 0 native plugins for Editor in 0.00 ms.
Mono: successfully reloaded assembly
- Completed reload, in  0.755 seconds
Domain Reload Profiling:
	ReloadAssembly (755ms)
		BeginReloadAssembly (89ms)
			ExecutionOrderSort (0ms)
			DisableScriptedObjects (3ms)
			BackupInstance (0ms)
			ReleaseScriptingObjects (0ms)
			CreateAndSetChildDomain (21ms)
		EndReloadAssembly (596ms)
			LoadAssemblies (64ms)
			RebuildTransferFunctionScriptingTraits (0ms)
			SetupTypeCache (148ms)
			ReleaseScriptCaches (1ms)
			RebuildScriptCaches (24ms)
			SetupLoadedEditorAssemblies (333ms)
				LogAssemblyErrors (0ms)
				InitializePlatformSupportModulesInManaged (14ms)
				SetLoadedEditorAssemblies (0ms)
				RefreshPlugins (0ms)
				BeforeProcessingInitializeOnLoad (41ms)
				ProcessInitializeOnLoadAttributes (178ms)
				ProcessInitializeOnLoadMethodAttributes (92ms)
				AfterProcessingInitializeOnLoad (8ms)
				EditorAssembliesLoaded (0ms)
			ExecutionOrderSort2 (0ms)
			AwakeInstancesAfterBackupRestoration (3ms)
Platform modules already initialized, skipping
Refreshing native plugins compatible for Editor in 2.91 ms, found 3 plugins.
Preloading 0 native plugins for Editor in 0.00 ms.
Unloading 4713 Unused Serialized files (Serialized files now loaded: 0)
Unloading 44 unused Assets / (28.4 KB). Loaded Objects now: 5407.
Memory consumption went from 169.3 MB to 169.3 MB.
Total: 9.572200 ms (FindLiveObjects: 0.148200 ms CreateObjectMapping: 0.055500 ms MarkObjects: 9.345700 ms  DeleteObjects: 0.021900 ms)

AssetImportParameters requested are different than current active one (requested -> active):
  custom:video-decoder-ogg-theora: a1e56fd34408186e4bbccfd4996cb3dc -> 
  custom:container-muxer-webm: aa71ff27fc2769a1b78a27578f13a17b -> 
  custom:container-demuxer-webm: 4f35f7cbe854078d1ac9338744f61a02 -> 
  custom:video-encoder-webm-vp8: eb34c28f22e8b96e1ab97ce403110664 -> 
  custom:audio-encoder-webm-vorbis: bf7c407c2cedff20999df2af8eb42d56 -> 
  custom:framework-win-MediaFoundation: 216162199b28c13a410421893ffa2e32 -> 
  custom:container-demuxer-ogg: 62fdf1f143b41e24485cea50d1cbac27 -> 
  custom:video-decoder-webm-vp8: 9c59270c3fd7afecdb556c50c9e8de78 -> 
  custom:audio-decoder-ogg-vorbis: bf7c407c2cedff20999df2af8eb42d56 -> 
========================================================================
Received Import Request.
  Time since last request: 49.065468 seconds.
  path: Assets/Ugion/Scripts/Excel/UIFormVerify.xlsx
  artifactKey: Guid(439097cfa3d76934d8dd8155028385e4) Importer(815301076,1909f56bfc062723c751e8b465ee728b)
Start importing Assets/Ugion/Scripts/Excel/UIFormVerify.xlsx using Guid(439097cfa3d76934d8dd8155028385e4) Importer(815301076,1909f56bfc062723c751e8b465ee728b)  -> (artifact id: '986c3e571af02b2ab706f9849a1d1381') in 0.008296 seconds 
========================================================================
Received Import Request.
  Time since last request: 12.596076 seconds.
  path: Assets/Ugion/Scripts/Excel/UIFormVerify.cs
  artifactKey: Guid(89375bea2be001e4b8fc1266e1017fbb) Importer(815301076,1909f56bfc062723c751e8b465ee728b)
Start importing Assets/Ugion/Scripts/Excel/UIFormVerify.cs using Guid(89375bea2be001e4b8fc1266e1017fbb) Importer(815301076,1909f56bfc062723c751e8b465ee728b)  -> (artifact id: 'adbf8ccd127b578bada2dcbf37831401') in 0.001345 seconds 
========================================================================
Received Prepare
Registering precompiled user dll's ...
Registered in 0.021757 seconds.
Begin MonoManager ReloadAssembly
Symbol file LoadedFromMemory doesn't match image F:\UnityProject\Own\Assess\Library\PackageCache\com.unity.visualscripting@1.7.8\Editor\VisualScripting.Core\Dependencies\YamlDotNet\Unity.VisualScripting.YamlDotNet.dll
Symbol file LoadedFromMemory doesn't match image F:\UnityProject\Own\Assess\Library\PackageCache\com.unity.visualscripting@1.7.8\Editor\VisualScripting.Core\Dependencies\DotNetZip\Unity.VisualScripting.IonicZip.dll
Native extension for WindowsStandalone target not found
Native extension for Android target not found
Native extension for WebGL target not found
Refreshing native plugins compatible for Editor in 0.46 ms, found 3 plugins.
Preloading 0 native plugins for Editor in 0.00 ms.
Mono: successfully reloaded assembly
- Completed reload, in  0.756 seconds
Domain Reload Profiling:
	ReloadAssembly (756ms)
		BeginReloadAssembly (86ms)
			ExecutionOrderSort (0ms)
			DisableScriptedObjects (3ms)
			BackupInstance (0ms)
			ReleaseScriptingObjects (0ms)
			CreateAndSetChildDomain (21ms)
		EndReloadAssembly (601ms)
			LoadAssemblies (62ms)
			RebuildTransferFunctionScriptingTraits (0ms)
			SetupTypeCache (138ms)
			ReleaseScriptCaches (1ms)
			RebuildScriptCaches (21ms)
			SetupLoadedEditorAssemblies (346ms)
				LogAssemblyErrors (0ms)
				InitializePlatformSupportModulesInManaged (13ms)
				SetLoadedEditorAssemblies (0ms)
				RefreshPlugins (1ms)
				BeforeProcessingInitializeOnLoad (45ms)
				ProcessInitializeOnLoadAttributes (188ms)
				ProcessInitializeOnLoadMethodAttributes (92ms)
				AfterProcessingInitializeOnLoad (9ms)
				EditorAssembliesLoaded (0ms)
			ExecutionOrderSort2 (0ms)
			AwakeInstancesAfterBackupRestoration (3ms)
Platform modules already initialized, skipping
Refreshing native plugins compatible for Editor in 3.13 ms, found 3 plugins.
Preloading 0 native plugins for Editor in 0.00 ms.
Unloading 4714 Unused Serialized files (Serialized files now loaded: 0)
Unloading 44 unused Assets / (28.4 KB). Loaded Objects now: 5411.
Memory consumption went from 169.3 MB to 169.3 MB.
Total: 9.748700 ms (FindLiveObjects: 0.152100 ms CreateObjectMapping: 0.121600 ms MarkObjects: 9.453200 ms  DeleteObjects: 0.021000 ms)

AssetImportParameters requested are different than current active one (requested -> active):
  custom:video-decoder-ogg-theora: a1e56fd34408186e4bbccfd4996cb3dc -> 
  custom:container-muxer-webm: aa71ff27fc2769a1b78a27578f13a17b -> 
  custom:container-demuxer-webm: 4f35f7cbe854078d1ac9338744f61a02 -> 
  custom:video-encoder-webm-vp8: eb34c28f22e8b96e1ab97ce403110664 -> 
  custom:audio-encoder-webm-vorbis: bf7c407c2cedff20999df2af8eb42d56 -> 
  custom:framework-win-MediaFoundation: 216162199b28c13a410421893ffa2e32 -> 
  custom:container-demuxer-ogg: 62fdf1f143b41e24485cea50d1cbac27 -> 
  custom:video-decoder-webm-vp8: 9c59270c3fd7afecdb556c50c9e8de78 -> 
  custom:audio-decoder-ogg-vorbis: bf7c407c2cedff20999df2af8eb42d56 -> 
========================================================================
Received Import Request.
  Time since last request: 6.398332 seconds.
  path: Assets/Ugion/Scripts/Excel/UIFormVerify.cs
  artifactKey: Guid(89375bea2be001e4b8fc1266e1017fbb) Importer(815301076,1909f56bfc062723c751e8b465ee728b)
Start importing Assets/Ugion/Scripts/Excel/UIFormVerify.cs using Guid(89375bea2be001e4b8fc1266e1017fbb) Importer(815301076,1909f56bfc062723c751e8b465ee728b)  -> (artifact id: '89baf1aff70728977852e7a0207462ee') in 0.004277 seconds 
========================================================================
Received Import Request.
  Time since last request: 0.742652 seconds.
  path: Assets/Ugion/Scripts/Excel/UIFormVerify.cs
  artifactKey: Guid(89375bea2be001e4b8fc1266e1017fbb) Importer(815301076,1909f56bfc062723c751e8b465ee728b)
Start importing Assets/Ugion/Scripts/Excel/UIFormVerify.cs using Guid(89375bea2be001e4b8fc1266e1017fbb) Importer(815301076,1909f56bfc062723c751e8b465ee728b)  -> (artifact id: 'f237bac3c5b54f85a18c3f6920f96c67') in 0.001283 seconds 
========================================================================
Received Prepare
Registering precompiled user dll's ...
Registered in 0.027307 seconds.
Begin MonoManager ReloadAssembly
Symbol file LoadedFromMemory doesn't match image F:\UnityProject\Own\Assess\Library\PackageCache\com.unity.visualscripting@1.7.8\Editor\VisualScripting.Core\Dependencies\YamlDotNet\Unity.VisualScripting.YamlDotNet.dll
Symbol file LoadedFromMemory doesn't match image F:\UnityProject\Own\Assess\Library\PackageCache\com.unity.visualscripting@1.7.8\Editor\VisualScripting.Core\Dependencies\DotNetZip\Unity.VisualScripting.IonicZip.dll
Native extension for WindowsStandalone target not found
Native extension for Android target not found
Native extension for WebGL target not found
Refreshing native plugins compatible for Editor in 0.45 ms, found 3 plugins.
Preloading 0 native plugins for Editor in 0.00 ms.
Mono: successfully reloaded assembly
- Completed reload, in  0.770 seconds
Domain Reload Profiling:
	ReloadAssembly (771ms)
		BeginReloadAssembly (84ms)
			ExecutionOrderSort (0ms)
			DisableScriptedObjects (2ms)
			BackupInstance (0ms)
			ReleaseScriptingObjects (0ms)
			CreateAndSetChildDomain (23ms)
		EndReloadAssembly (616ms)
			LoadAssemblies (59ms)
			RebuildTransferFunctionScriptingTraits (0ms)
			SetupTypeCache (148ms)
			ReleaseScriptCaches (1ms)
			RebuildScriptCaches (22ms)
			SetupLoadedEditorAssemblies (350ms)
				LogAssemblyErrors (0ms)
				InitializePlatformSupportModulesInManaged (14ms)
				SetLoadedEditorAssemblies (0ms)
				RefreshPlugins (0ms)
				BeforeProcessingInitializeOnLoad (57ms)
				ProcessInitializeOnLoadAttributes (178ms)
				ProcessInitializeOnLoadMethodAttributes (91ms)
				AfterProcessingInitializeOnLoad (8ms)
				EditorAssembliesLoaded (0ms)
			ExecutionOrderSort2 (0ms)
			AwakeInstancesAfterBackupRestoration (3ms)
Platform modules already initialized, skipping
Refreshing native plugins compatible for Editor in 3.06 ms, found 3 plugins.
Preloading 0 native plugins for Editor in 0.00 ms.
Unloading 4714 Unused Serialized files (Serialized files now loaded: 0)
Unloading 44 unused Assets / (28.4 KB). Loaded Objects now: 5414.
Memory consumption went from 169.3 MB to 169.3 MB.
Total: 9.568900 ms (FindLiveObjects: 0.155200 ms CreateObjectMapping: 0.055700 ms MarkObjects: 9.334600 ms  DeleteObjects: 0.022700 ms)

AssetImportParameters requested are different than current active one (requested -> active):
  custom:video-decoder-ogg-theora: a1e56fd34408186e4bbccfd4996cb3dc -> 
  custom:container-muxer-webm: aa71ff27fc2769a1b78a27578f13a17b -> 
  custom:container-demuxer-webm: 4f35f7cbe854078d1ac9338744f61a02 -> 
  custom:video-encoder-webm-vp8: eb34c28f22e8b96e1ab97ce403110664 -> 
  custom:audio-encoder-webm-vorbis: bf7c407c2cedff20999df2af8eb42d56 -> 
  custom:framework-win-MediaFoundation: 216162199b28c13a410421893ffa2e32 -> 
  custom:container-demuxer-ogg: 62fdf1f143b41e24485cea50d1cbac27 -> 
  custom:video-decoder-webm-vp8: 9c59270c3fd7afecdb556c50c9e8de78 -> 
  custom:audio-decoder-ogg-vorbis: bf7c407c2cedff20999df2af8eb42d56 -> 
========================================================================
Received Import Request.
  Time since last request: 12.188078 seconds.
  path: Assets/Ugion/Scripts/Excel/UIFormVerify.asset
  artifactKey: Guid(0afbee07328ef4947aaa2a0993a635ba) Importer(815301076,1909f56bfc062723c751e8b465ee728b)
Start importing Assets/Ugion/Scripts/Excel/UIFormVerify.asset using Guid(0afbee07328ef4947aaa2a0993a635ba) Importer(815301076,1909f56bfc062723c751e8b465ee728b)  -> (artifact id: 'be262389b3a9a98a569aede387d2b1a7') in 0.008237 seconds 
========================================================================
Received Import Request.
  Time since last request: 14.682686 seconds.
  path: Assets/Ugion/Scripts/Excel/UIFormVerify.asset
  artifactKey: Guid(0afbee07328ef4947aaa2a0993a635ba) Importer(815301076,1909f56bfc062723c751e8b465ee728b)
Start importing Assets/Ugion/Scripts/Excel/UIFormVerify.asset using Guid(0afbee07328ef4947aaa2a0993a635ba) Importer(815301076,1909f56bfc062723c751e8b465ee728b)  -> (artifact id: 'afebe7c1692d8717d02a6e83baf8a0f3') in 0.001973 seconds 
========================================================================
Received Prepare
Registering precompiled user dll's ...
Registered in 0.021652 seconds.
Begin MonoManager ReloadAssembly
Symbol file LoadedFromMemory doesn't match image F:\UnityProject\Own\Assess\Library\PackageCache\com.unity.visualscripting@1.7.8\Editor\VisualScripting.Core\Dependencies\YamlDotNet\Unity.VisualScripting.YamlDotNet.dll
Symbol file LoadedFromMemory doesn't match image F:\UnityProject\Own\Assess\Library\PackageCache\com.unity.visualscripting@1.7.8\Editor\VisualScripting.Core\Dependencies\DotNetZip\Unity.VisualScripting.IonicZip.dll
Native extension for WindowsStandalone target not found
Native extension for Android target not found
Native extension for WebGL target not found
Refreshing native plugins compatible for Editor in 0.48 ms, found 3 plugins.
Preloading 0 native plugins for Editor in 0.00 ms.
Mono: successfully reloaded assembly
- Completed reload, in  0.740 seconds
Domain Reload Profiling:
	ReloadAssembly (740ms)
		BeginReloadAssembly (90ms)
			ExecutionOrderSort (0ms)
			DisableScriptedObjects (3ms)
			BackupInstance (0ms)
			ReleaseScriptingObjects (0ms)
			CreateAndSetChildDomain (25ms)
		EndReloadAssembly (579ms)
			LoadAssemblies (66ms)
			RebuildTransferFunctionScriptingTraits (0ms)
			SetupTypeCache (138ms)
			ReleaseScriptCaches (1ms)
			RebuildScriptCaches (23ms)
			SetupLoadedEditorAssemblies (324ms)
				LogAssemblyErrors (0ms)
				InitializePlatformSupportModulesInManaged (13ms)
				SetLoadedEditorAssemblies (0ms)
				RefreshPlugins (1ms)
				BeforeProcessingInitializeOnLoad (40ms)
				ProcessInitializeOnLoadAttributes (172ms)
				ProcessInitializeOnLoadMethodAttributes (89ms)
				AfterProcessingInitializeOnLoad (9ms)
				EditorAssembliesLoaded (0ms)
			ExecutionOrderSort2 (0ms)
			AwakeInstancesAfterBackupRestoration (4ms)
Platform modules already initialized, skipping
Refreshing native plugins compatible for Editor in 3.10 ms, found 3 plugins.
Preloading 0 native plugins for Editor in 0.00 ms.
Unloading 4714 Unused Serialized files (Serialized files now loaded: 0)
Unloading 44 unused Assets / (28.3 KB). Loaded Objects now: 5417.
Memory consumption went from 169.3 MB to 169.3 MB.
Total: 9.342800 ms (FindLiveObjects: 0.161700 ms CreateObjectMapping: 0.060400 ms MarkObjects: 9.080200 ms  DeleteObjects: 0.039800 ms)

AssetImportParameters requested are different than current active one (requested -> active):
  custom:video-decoder-ogg-theora: a1e56fd34408186e4bbccfd4996cb3dc -> 
  custom:container-muxer-webm: aa71ff27fc2769a1b78a27578f13a17b -> 
  custom:container-demuxer-webm: 4f35f7cbe854078d1ac9338744f61a02 -> 
  custom:video-encoder-webm-vp8: eb34c28f22e8b96e1ab97ce403110664 -> 
  custom:audio-encoder-webm-vorbis: bf7c407c2cedff20999df2af8eb42d56 -> 
  custom:framework-win-MediaFoundation: 216162199b28c13a410421893ffa2e32 -> 
  custom:container-demuxer-ogg: 62fdf1f143b41e24485cea50d1cbac27 -> 
  custom:video-decoder-webm-vp8: 9c59270c3fd7afecdb556c50c9e8de78 -> 
  custom:audio-decoder-ogg-vorbis: bf7c407c2cedff20999df2af8eb42d56 -> 
========================================================================
Received Import Request.
  Time since last request: 108.726881 seconds.
  path: Assets/Ugion/Res/Prefabs/UI/UI_MenuForm.prefab
  artifactKey: Guid(b021b9060589da447b359267d25952c7) Importer(815301076,1909f56bfc062723c751e8b465ee728b)
Start importing Assets/Ugion/Res/Prefabs/UI/UI_MenuForm.prefab using Guid(b021b9060589da447b359267d25952c7) Importer(815301076,1909f56bfc062723c751e8b465ee728b)  -> (artifact id: '3a623306d109ef90ff2a1a17d6a37ac6') in 0.022951 seconds 
========================================================================
Received Import Request.
  Time since last request: 14.548670 seconds.
  path: Assets/Ugion/Res/Prefabs/UI/MenuForm.prefab
  artifactKey: Guid(b021b9060589da447b359267d25952c7) Importer(815301076,1909f56bfc062723c751e8b465ee728b)
Start importing Assets/Ugion/Res/Prefabs/UI/MenuForm.prefab using Guid(b021b9060589da447b359267d25952c7) Importer(815301076,1909f56bfc062723c751e8b465ee728b)  -> (artifact id: '8ee83286fca3e7101133d67c3bb77276') in 0.003980 seconds 
========================================================================
Received Import Request.
  Time since last request: 127.818500 seconds.
  path: Assets/Ugion/Scripts/Excel/UIFormVerify.xlsx
  artifactKey: Guid(439097cfa3d76934d8dd8155028385e4) Importer(815301076,1909f56bfc062723c751e8b465ee728b)
Start importing Assets/Ugion/Scripts/Excel/UIFormVerify.xlsx using Guid(439097cfa3d76934d8dd8155028385e4) Importer(815301076,1909f56bfc062723c751e8b465ee728b)  -> (artifact id: '78a3b1772c87219a21b894a1e5ff167c') in 0.001547 seconds 
========================================================================
Received Import Request.
  Time since last request: 9.037579 seconds.
  path: Assets/Ugion/Scripts/Excel/UIFormVerify.asset
  artifactKey: Guid(0afbee07328ef4947aaa2a0993a635ba) Importer(815301076,1909f56bfc062723c751e8b465ee728b)
Start importing Assets/Ugion/Scripts/Excel/UIFormVerify.asset using Guid(0afbee07328ef4947aaa2a0993a635ba) Importer(815301076,1909f56bfc062723c751e8b465ee728b)  -> (artifact id: '254811e4078ea0806d52e07f1a658340') in 0.002653 seconds 
========================================================================
Received Prepare
Registering precompiled user dll's ...
Registered in 0.019592 seconds.
Begin MonoManager ReloadAssembly
Symbol file LoadedFromMemory doesn't match image F:\UnityProject\Own\Assess\Library\PackageCache\com.unity.visualscripting@1.7.8\Editor\VisualScripting.Core\Dependencies\YamlDotNet\Unity.VisualScripting.YamlDotNet.dll
Symbol file LoadedFromMemory doesn't match image F:\UnityProject\Own\Assess\Library\PackageCache\com.unity.visualscripting@1.7.8\Editor\VisualScripting.Core\Dependencies\DotNetZip\Unity.VisualScripting.IonicZip.dll
Native extension for WindowsStandalone target not found
Native extension for Android target not found
Native extension for WebGL target not found
Refreshing native plugins compatible for Editor in 0.49 ms, found 3 plugins.
Preloading 0 native plugins for Editor in 0.00 ms.
Mono: successfully reloaded assembly
- Completed reload, in  0.753 seconds
Domain Reload Profiling:
	ReloadAssembly (754ms)
		BeginReloadAssembly (90ms)
			ExecutionOrderSort (0ms)
			DisableScriptedObjects (3ms)
			BackupInstance (0ms)
			ReleaseScriptingObjects (0ms)
			CreateAndSetChildDomain (25ms)
		EndReloadAssembly (594ms)
			LoadAssemblies (66ms)
			RebuildTransferFunctionScriptingTraits (0ms)
			SetupTypeCache (141ms)
			ReleaseScriptCaches (1ms)
			RebuildScriptCaches (22ms)
			SetupLoadedEditorAssemblies (334ms)
				LogAssemblyErrors (0ms)
				InitializePlatformSupportModulesInManaged (13ms)
				SetLoadedEditorAssemblies (0ms)
				RefreshPlugins (1ms)
				BeforeProcessingInitializeOnLoad (41ms)
				ProcessInitializeOnLoadAttributes (176ms)
				ProcessInitializeOnLoadMethodAttributes (95ms)
				AfterProcessingInitializeOnLoad (8ms)
				EditorAssembliesLoaded (0ms)
			ExecutionOrderSort2 (0ms)
			AwakeInstancesAfterBackupRestoration (3ms)
Platform modules already initialized, skipping
Refreshing native plugins compatible for Editor in 2.71 ms, found 3 plugins.
Preloading 0 native plugins for Editor in 0.00 ms.
Unloading 4714 Unused Serialized files (Serialized files now loaded: 0)
Unloading 46 unused Assets / (29.9 KB). Loaded Objects now: 5420.
Memory consumption went from 169.5 MB to 169.5 MB.
Total: 11.581600 ms (FindLiveObjects: 0.176200 ms CreateObjectMapping: 0.062200 ms MarkObjects: 11.317000 ms  DeleteObjects: 0.025300 ms)

AssetImportParameters requested are different than current active one (requested -> active):
  custom:video-decoder-ogg-theora: a1e56fd34408186e4bbccfd4996cb3dc -> 
  custom:container-muxer-webm: aa71ff27fc2769a1b78a27578f13a17b -> 
  custom:container-demuxer-webm: 4f35f7cbe854078d1ac9338744f61a02 -> 
  custom:video-encoder-webm-vp8: eb34c28f22e8b96e1ab97ce403110664 -> 
  custom:audio-encoder-webm-vorbis: bf7c407c2cedff20999df2af8eb42d56 -> 
  custom:framework-win-MediaFoundation: 216162199b28c13a410421893ffa2e32 -> 
  custom:container-demuxer-ogg: 62fdf1f143b41e24485cea50d1cbac27 -> 
  custom:video-decoder-webm-vp8: 9c59270c3fd7afecdb556c50c9e8de78 -> 
  custom:audio-decoder-ogg-vorbis: bf7c407c2cedff20999df2af8eb42d56 -> 
========================================================================
Received Import Request.
  Time since last request: 392.848167 seconds.
  path: Assets/GameMain/DataTables
  artifactKey: Guid(e26a71e8fdced3541a5c691a5d8da0e7) Importer(815301076,1909f56bfc062723c751e8b465ee728b)
Start importing Assets/GameMain/DataTables using Guid(e26a71e8fdced3541a5c691a5d8da0e7) Importer(815301076,1909f56bfc062723c751e8b465ee728b)  -> (artifact id: 'e169f3522d46eb9a2e68afd34be974b5') in 0.004215 seconds 
========================================================================
Received Import Request.
  Time since last request: 0.705674 seconds.
  path: Assets/GameMain/DataTables/Aircraft.bytes
  artifactKey: Guid(4a17d2c656f5c6b44a31e3ee547a76b0) Importer(815301076,1909f56bfc062723c751e8b465ee728b)
Start importing Assets/GameMain/DataTables/Aircraft.bytes using Guid(4a17d2c656f5c6b44a31e3ee547a76b0) Importer(815301076,1909f56bfc062723c751e8b465ee728b)  -> (artifact id: 'b2d137f09c4841f56083cf75780f2cd7') in 0.005602 seconds 
========================================================================
Received Import Request.
  Time since last request: 0.497080 seconds.
  path: Assets/GameMain/DataTables/Aircraft.txt
  artifactKey: Guid(64f3bb52c6a54854688fcc656af2b1c9) Importer(815301076,1909f56bfc062723c751e8b465ee728b)
Start importing Assets/GameMain/DataTables/Aircraft.txt using Guid(64f3bb52c6a54854688fcc656af2b1c9) Importer(815301076,1909f56bfc062723c751e8b465ee728b)  -> (artifact id: '11634f0c57b80eaa42115ec9ffd00946') in 0.001450 seconds 
========================================================================
Received Import Request.
  Time since last request: 3.642539 seconds.
  path: Assets/GameMain/DataTables/Asteroid.txt
  artifactKey: Guid(ad56aae2bb0f2ce4a86711287e14e223) Importer(815301076,1909f56bfc062723c751e8b465ee728b)
Start importing Assets/GameMain/DataTables/Asteroid.txt using Guid(ad56aae2bb0f2ce4a86711287e14e223) Importer(815301076,1909f56bfc062723c751e8b465ee728b)  -> (artifact id: '940787695be56afaeb0008572f1dbfc2') in 0.001492 seconds 
========================================================================
Received Import Request.
  Time since last request: 4.161664 seconds.
  path: Assets/GameMain/DataTables/Music.txt
  artifactKey: Guid(315e8ed2db27c254cb3366ff0793cd90) Importer(815301076,1909f56bfc062723c751e8b465ee728b)
Start importing Assets/GameMain/DataTables/Music.txt using Guid(315e8ed2db27c254cb3366ff0793cd90) Importer(815301076,1909f56bfc062723c751e8b465ee728b)  -> (artifact id: 'cd0e1842d815f8774587bbb8f1fc7db3') in 0.001441 seconds 
========================================================================
Received Import Request.
  Time since last request: 9.293446 seconds.
  path: Assets/GameMain/Entities/DefaultWeapon.prefab
  artifactKey: Guid(abd1565e9e268f04cac3631d022b4ace) Importer(815301076,1909f56bfc062723c751e8b465ee728b)
Start importing Assets/GameMain/Entities/DefaultWeapon.prefab using Guid(abd1565e9e268f04cac3631d022b4ace) Importer(815301076,1909f56bfc062723c751e8b465ee728b)  -> (artifact id: '77c4b91e3e51fbafa8206506c674ca98') in 0.008054 seconds 
========================================================================
Received Import Request.
  Time since last request: 0.754191 seconds.
  path: Assets/GameMain/Entities/DefaultArmor.prefab
  artifactKey: Guid(0992f89f84d762f478fd32f8225168b0) Importer(815301076,1909f56bfc062723c751e8b465ee728b)
Start importing Assets/GameMain/Entities/DefaultArmor.prefab using Guid(0992f89f84d762f478fd32f8225168b0) Importer(815301076,1909f56bfc062723c751e8b465ee728b)  -> (artifact id: '98df96c1b627c2c21154a3212738876f') in 0.002487 seconds 
========================================================================
Received Import Request.
  Time since last request: 0.459924 seconds.
  path: Assets/GameMain/Entities/EnemyBolt.prefab
  artifactKey: Guid(11e27c26ac87b40f0a62ec40d7261989) Importer(815301076,1909f56bfc062723c751e8b465ee728b)
Start importing Assets/GameMain/Entities/EnemyBolt.prefab using Guid(11e27c26ac87b40f0a62ec40d7261989) Importer(815301076,1909f56bfc062723c751e8b465ee728b)  -> (artifact id: '153b33e761ea11bbf3f4881fb074b8cc') in 0.067904 seconds 
========================================================================
Received Import Request.
  Time since last request: 0.460989 seconds.
  path: Assets/GameMain/Entities/EnemyExplosion.prefab
  artifactKey: Guid(160925a6fe2664f2a978566b819f0af0) Importer(815301076,1909f56bfc062723c751e8b465ee728b)
Start importing Assets/GameMain/Entities/EnemyExplosion.prefab using Guid(160925a6fe2664f2a978566b819f0af0) Importer(815301076,1909f56bfc062723c751e8b465ee728b)  -> (artifact id: '01bf373e7ad639a916ab8b1d865be57b') in 0.058021 seconds 
========================================================================
Received Prepare
Registering precompiled user dll's ...
Registered in 0.021746 seconds.
Begin MonoManager ReloadAssembly
Symbol file LoadedFromMemory doesn't match image F:\UnityProject\Own\Assess\Library\PackageCache\com.unity.visualscripting@1.7.8\Editor\VisualScripting.Core\Dependencies\YamlDotNet\Unity.VisualScripting.YamlDotNet.dll
Symbol file LoadedFromMemory doesn't match image F:\UnityProject\Own\Assess\Library\PackageCache\com.unity.visualscripting@1.7.8\Editor\VisualScripting.Core\Dependencies\DotNetZip\Unity.VisualScripting.IonicZip.dll
Native extension for WindowsStandalone target not found
Native extension for Android target not found
Native extension for WebGL target not found
Refreshing native plugins compatible for Editor in 0.45 ms, found 3 plugins.
Preloading 0 native plugins for Editor in 0.00 ms.
Mono: successfully reloaded assembly
- Completed reload, in  0.760 seconds
Domain Reload Profiling:
	ReloadAssembly (761ms)
		BeginReloadAssembly (89ms)
			ExecutionOrderSort (0ms)
			DisableScriptedObjects (3ms)
			BackupInstance (0ms)
			ReleaseScriptingObjects (0ms)
			CreateAndSetChildDomain (23ms)
		EndReloadAssembly (604ms)
			LoadAssemblies (67ms)
			RebuildTransferFunctionScriptingTraits (0ms)
			SetupTypeCache (151ms)
			ReleaseScriptCaches (1ms)
			RebuildScriptCaches (22ms)
			SetupLoadedEditorAssemblies (329ms)
				LogAssemblyErrors (0ms)
				InitializePlatformSupportModulesInManaged (13ms)
				SetLoadedEditorAssemblies (0ms)
				RefreshPlugins (0ms)
				BeforeProcessingInitializeOnLoad (40ms)
				ProcessInitializeOnLoadAttributes (172ms)
				ProcessInitializeOnLoadMethodAttributes (96ms)
				AfterProcessingInitializeOnLoad (8ms)
				EditorAssembliesLoaded (0ms)
			ExecutionOrderSort2 (0ms)
			AwakeInstancesAfterBackupRestoration (4ms)
Platform modules already initialized, skipping
Refreshing native plugins compatible for Editor in 2.65 ms, found 3 plugins.
Preloading 0 native plugins for Editor in 0.00 ms.
Unloading 4714 Unused Serialized files (Serialized files now loaded: 0)
Unloading 44 unused Assets / (28.3 KB). Loaded Objects now: 5434.
Memory consumption went from 173.8 MB to 173.7 MB.
Total: 9.421600 ms (FindLiveObjects: 0.181000 ms CreateObjectMapping: 0.063000 ms MarkObjects: 9.142100 ms  DeleteObjects: 0.034200 ms)

AssetImportParameters requested are different than current active one (requested -> active):
  custom:video-decoder-ogg-theora: a1e56fd34408186e4bbccfd4996cb3dc -> 
  custom:container-muxer-webm: aa71ff27fc2769a1b78a27578f13a17b -> 
  custom:container-demuxer-webm: 4f35f7cbe854078d1ac9338744f61a02 -> 
  custom:video-encoder-webm-vp8: eb34c28f22e8b96e1ab97ce403110664 -> 
  custom:audio-encoder-webm-vorbis: bf7c407c2cedff20999df2af8eb42d56 -> 
  custom:framework-win-MediaFoundation: 216162199b28c13a410421893ffa2e32 -> 
  custom:container-demuxer-ogg: 62fdf1f143b41e24485cea50d1cbac27 -> 
  custom:video-decoder-webm-vp8: 9c59270c3fd7afecdb556c50c9e8de78 -> 
  custom:audio-decoder-ogg-vorbis: bf7c407c2cedff20999df2af8eb42d56 -> 
========================================================================
Received Import Request.
  Time since last request: 564.569321 seconds.
  path: Assets/GameMain/Entities/PlayerEngine.prefab
  artifactKey: Guid(8cf749fdfa5edc3478d16893efeaa0eb) Importer(815301076,1909f56bfc062723c751e8b465ee728b)
Start importing Assets/GameMain/Entities/PlayerEngine.prefab using Guid(8cf749fdfa5edc3478d16893efeaa0eb) Importer(815301076,1909f56bfc062723c751e8b465ee728b)  -> (artifact id: '09098b93a2ae1bd3b89ae427c582be85') in 0.093404 seconds 
========================================================================
Received Import Request.
  Time since last request: 8.762393 seconds.
  path: Assets/Ugion/Scripts/Excel/UIFormVerify.xlsx
  artifactKey: Guid(439097cfa3d76934d8dd8155028385e4) Importer(815301076,1909f56bfc062723c751e8b465ee728b)
Start importing Assets/Ugion/Scripts/Excel/UIFormVerify.xlsx using Guid(439097cfa3d76934d8dd8155028385e4) Importer(815301076,1909f56bfc062723c751e8b465ee728b)  -> (artifact id: '2fcb50448fa7e9a7a7b736c8c88d12a6') in 0.001499 seconds 
========================================================================
Received Prepare
Registering precompiled user dll's ...
Registered in 0.020337 seconds.
Begin MonoManager ReloadAssembly
Symbol file LoadedFromMemory doesn't match image F:\UnityProject\Own\Assess\Library\PackageCache\com.unity.visualscripting@1.7.8\Editor\VisualScripting.Core\Dependencies\YamlDotNet\Unity.VisualScripting.YamlDotNet.dll
Symbol file LoadedFromMemory doesn't match image F:\UnityProject\Own\Assess\Library\PackageCache\com.unity.visualscripting@1.7.8\Editor\VisualScripting.Core\Dependencies\DotNetZip\Unity.VisualScripting.IonicZip.dll
Native extension for WindowsStandalone target not found
Native extension for Android target not found
Native extension for WebGL target not found
Refreshing native plugins compatible for Editor in 0.45 ms, found 3 plugins.
Preloading 0 native plugins for Editor in 0.00 ms.
Mono: successfully reloaded assembly
- Completed reload, in  0.759 seconds
Domain Reload Profiling:
	ReloadAssembly (760ms)
		BeginReloadAssembly (93ms)
			ExecutionOrderSort (0ms)
			DisableScriptedObjects (2ms)
			BackupInstance (0ms)
			ReleaseScriptingObjects (0ms)
			CreateAndSetChildDomain (25ms)
		EndReloadAssembly (595ms)
			LoadAssemblies (70ms)
			RebuildTransferFunctionScriptingTraits (0ms)
			SetupTypeCache (139ms)
			ReleaseScriptCaches (1ms)
			RebuildScriptCaches (21ms)
			SetupLoadedEditorAssemblies (338ms)
				LogAssemblyErrors (0ms)
				InitializePlatformSupportModulesInManaged (12ms)
				SetLoadedEditorAssemblies (0ms)
				RefreshPlugins (0ms)
				BeforeProcessingInitializeOnLoad (39ms)
				ProcessInitializeOnLoadAttributes (188ms)
				ProcessInitializeOnLoadMethodAttributes (88ms)
				AfterProcessingInitializeOnLoad (9ms)
				EditorAssembliesLoaded (0ms)
			ExecutionOrderSort2 (0ms)
			AwakeInstancesAfterBackupRestoration (3ms)
Platform modules already initialized, skipping
Refreshing native plugins compatible for Editor in 2.61 ms, found 3 plugins.
Preloading 0 native plugins for Editor in 0.00 ms.
Unloading 4714 Unused Serialized files (Serialized files now loaded: 0)
Unloading 44 unused Assets / (28.4 KB). Loaded Objects now: 5437.
Memory consumption went from 173.8 MB to 173.8 MB.
Total: 9.631400 ms (FindLiveObjects: 0.188000 ms CreateObjectMapping: 0.076100 ms MarkObjects: 9.348600 ms  DeleteObjects: 0.018000 ms)

AssetImportParameters requested are different than current active one (requested -> active):
  custom:video-decoder-ogg-theora: a1e56fd34408186e4bbccfd4996cb3dc -> 
  custom:container-muxer-webm: aa71ff27fc2769a1b78a27578f13a17b -> 
  custom:container-demuxer-webm: 4f35f7cbe854078d1ac9338744f61a02 -> 
  custom:video-encoder-webm-vp8: eb34c28f22e8b96e1ab97ce403110664 -> 
  custom:audio-encoder-webm-vorbis: bf7c407c2cedff20999df2af8eb42d56 -> 
  custom:framework-win-MediaFoundation: 216162199b28c13a410421893ffa2e32 -> 
  custom:container-demuxer-ogg: 62fdf1f143b41e24485cea50d1cbac27 -> 
  custom:video-decoder-webm-vp8: 9c59270c3fd7afecdb556c50c9e8de78 -> 
  custom:audio-decoder-ogg-vorbis: bf7c407c2cedff20999df2af8eb42d56 -> 
========================================================================
Received Prepare
Registering precompiled user dll's ...
Registered in 0.024396 seconds.
Begin MonoManager ReloadAssembly
Symbol file LoadedFromMemory doesn't match image F:\UnityProject\Own\Assess\Library\PackageCache\com.unity.visualscripting@1.7.8\Editor\VisualScripting.Core\Dependencies\YamlDotNet\Unity.VisualScripting.YamlDotNet.dll
Symbol file LoadedFromMemory doesn't match image F:\UnityProject\Own\Assess\Library\PackageCache\com.unity.visualscripting@1.7.8\Editor\VisualScripting.Core\Dependencies\DotNetZip\Unity.VisualScripting.IonicZip.dll
Native extension for WindowsStandalone target not found
Native extension for Android target not found
Native extension for WebGL target not found
Refreshing native plugins compatible for Editor in 0.48 ms, found 3 plugins.
Preloading 0 native plugins for Editor in 0.00 ms.
Mono: successfully reloaded assembly
- Completed reload, in  0.757 seconds
Domain Reload Profiling:
	ReloadAssembly (757ms)
		BeginReloadAssembly (91ms)
			ExecutionOrderSort (0ms)
			DisableScriptedObjects (3ms)
			BackupInstance (0ms)
			ReleaseScriptingObjects (0ms)
			CreateAndSetChildDomain (22ms)
		EndReloadAssembly (597ms)
			LoadAssemblies (70ms)
			RebuildTransferFunctionScriptingTraits (0ms)
			SetupTypeCache (147ms)
			ReleaseScriptCaches (1ms)
			RebuildScriptCaches (23ms)
			SetupLoadedEditorAssemblies (328ms)
				LogAssemblyErrors (0ms)
				InitializePlatformSupportModulesInManaged (13ms)
				SetLoadedEditorAssemblies (0ms)
				RefreshPlugins (1ms)
				BeforeProcessingInitializeOnLoad (39ms)
				ProcessInitializeOnLoadAttributes (186ms)
				ProcessInitializeOnLoadMethodAttributes (82ms)
				AfterProcessingInitializeOnLoad (8ms)
				EditorAssembliesLoaded (0ms)
			ExecutionOrderSort2 (0ms)
			AwakeInstancesAfterBackupRestoration (3ms)
Platform modules already initialized, skipping
Refreshing native plugins compatible for Editor in 3.37 ms, found 3 plugins.
Preloading 0 native plugins for Editor in 0.00 ms.
Unloading 4714 Unused Serialized files (Serialized files now loaded: 0)
Unloading 44 unused Assets / (28.4 KB). Loaded Objects now: 5440.
Memory consumption went from 173.8 MB to 173.8 MB.
Total: 9.371100 ms (FindLiveObjects: 0.184700 ms CreateObjectMapping: 0.061500 ms MarkObjects: 9.106400 ms  DeleteObjects: 0.017900 ms)

AssetImportParameters requested are different than current active one (requested -> active):
  custom:video-decoder-ogg-theora: a1e56fd34408186e4bbccfd4996cb3dc -> 
  custom:container-muxer-webm: aa71ff27fc2769a1b78a27578f13a17b -> 
  custom:container-demuxer-webm: 4f35f7cbe854078d1ac9338744f61a02 -> 
  custom:video-encoder-webm-vp8: eb34c28f22e8b96e1ab97ce403110664 -> 
  custom:audio-encoder-webm-vorbis: bf7c407c2cedff20999df2af8eb42d56 -> 
  custom:framework-win-MediaFoundation: 216162199b28c13a410421893ffa2e32 -> 
  custom:container-demuxer-ogg: 62fdf1f143b41e24485cea50d1cbac27 -> 
  custom:video-decoder-webm-vp8: 9c59270c3fd7afecdb556c50c9e8de78 -> 
  custom:audio-decoder-ogg-vorbis: bf7c407c2cedff20999df2af8eb42d56 -> 
========================================================================
Received Prepare
Registering precompiled user dll's ...
Registered in 0.022167 seconds.
Begin MonoManager ReloadAssembly
Symbol file LoadedFromMemory doesn't match image F:\UnityProject\Own\Assess\Library\PackageCache\com.unity.visualscripting@1.7.8\Editor\VisualScripting.Core\Dependencies\YamlDotNet\Unity.VisualScripting.YamlDotNet.dll
Symbol file LoadedFromMemory doesn't match image F:\UnityProject\Own\Assess\Library\PackageCache\com.unity.visualscripting@1.7.8\Editor\VisualScripting.Core\Dependencies\DotNetZip\Unity.VisualScripting.IonicZip.dll
Native extension for WindowsStandalone target not found
Native extension for Android target not found
Native extension for WebGL target not found
Refreshing native plugins compatible for Editor in 0.48 ms, found 3 plugins.
Preloading 0 native plugins for Editor in 0.00 ms.
Mono: successfully reloaded assembly
- Completed reload, in  0.790 seconds
Domain Reload Profiling:
	ReloadAssembly (791ms)
		BeginReloadAssembly (93ms)
			ExecutionOrderSort (0ms)
			DisableScriptedObjects (2ms)
			BackupInstance (0ms)
			ReleaseScriptingObjects (0ms)
			CreateAndSetChildDomain (24ms)
		EndReloadAssembly (624ms)
			LoadAssemblies (70ms)
			RebuildTransferFunctionScriptingTraits (0ms)
			SetupTypeCache (147ms)
			ReleaseScriptCaches (1ms)
			RebuildScriptCaches (23ms)
			SetupLoadedEditorAssemblies (333ms)
				LogAssemblyErrors (0ms)
				InitializePlatformSupportModulesInManaged (14ms)
				SetLoadedEditorAssemblies (0ms)
				RefreshPlugins (1ms)
				BeforeProcessingInitializeOnLoad (42ms)
				ProcessInitializeOnLoadAttributes (182ms)
				ProcessInitializeOnLoadMethodAttributes (84ms)
				AfterProcessingInitializeOnLoad (10ms)
				EditorAssembliesLoaded (0ms)
			ExecutionOrderSort2 (0ms)
			AwakeInstancesAfterBackupRestoration (4ms)
Platform modules already initialized, skipping
Refreshing native plugins compatible for Editor in 3.21 ms, found 3 plugins.
Preloading 0 native plugins for Editor in 0.00 ms.
Unloading 4714 Unused Serialized files (Serialized files now loaded: 0)
Unloading 44 unused Assets / (28.3 KB). Loaded Objects now: 5443.
Memory consumption went from 173.8 MB to 173.8 MB.
Total: 9.536200 ms (FindLiveObjects: 0.222700 ms CreateObjectMapping: 0.087800 ms MarkObjects: 9.205400 ms  DeleteObjects: 0.019000 ms)

AssetImportParameters requested are different than current active one (requested -> active):
  custom:video-decoder-ogg-theora: a1e56fd34408186e4bbccfd4996cb3dc -> 
  custom:container-muxer-webm: aa71ff27fc2769a1b78a27578f13a17b -> 
  custom:container-demuxer-webm: 4f35f7cbe854078d1ac9338744f61a02 -> 
  custom:video-encoder-webm-vp8: eb34c28f22e8b96e1ab97ce403110664 -> 
  custom:audio-encoder-webm-vorbis: bf7c407c2cedff20999df2af8eb42d56 -> 
  custom:framework-win-MediaFoundation: 216162199b28c13a410421893ffa2e32 -> 
  custom:container-demuxer-ogg: 62fdf1f143b41e24485cea50d1cbac27 -> 
  custom:video-decoder-webm-vp8: 9c59270c3fd7afecdb556c50c9e8de78 -> 
  custom:audio-decoder-ogg-vorbis: bf7c407c2cedff20999df2af8eb42d56 -> 
========================================================================
Received Prepare
Registering precompiled user dll's ...
Registered in 0.024616 seconds.
Begin MonoManager ReloadAssembly
Symbol file LoadedFromMemory doesn't match image F:\UnityProject\Own\Assess\Library\PackageCache\com.unity.visualscripting@1.7.8\Editor\VisualScripting.Core\Dependencies\YamlDotNet\Unity.VisualScripting.YamlDotNet.dll
Symbol file LoadedFromMemory doesn't match image F:\UnityProject\Own\Assess\Library\PackageCache\com.unity.visualscripting@1.7.8\Editor\VisualScripting.Core\Dependencies\DotNetZip\Unity.VisualScripting.IonicZip.dll
Native extension for WindowsStandalone target not found
Native extension for Android target not found
Native extension for WebGL target not found
Refreshing native plugins compatible for Editor in 0.48 ms, found 3 plugins.
Preloading 0 native plugins for Editor in 0.00 ms.
Mono: successfully reloaded assembly
- Completed reload, in  0.830 seconds
Domain Reload Profiling:
	ReloadAssembly (831ms)
		BeginReloadAssembly (89ms)
			ExecutionOrderSort (0ms)
			DisableScriptedObjects (3ms)
			BackupInstance (0ms)
			ReleaseScriptingObjects (0ms)
			CreateAndSetChildDomain (23ms)
		EndReloadAssembly (644ms)
			LoadAssemblies (86ms)
			RebuildTransferFunctionScriptingTraits (0ms)
			SetupTypeCache (149ms)
			ReleaseScriptCaches (1ms)
			RebuildScriptCaches (24ms)
			SetupLoadedEditorAssemblies (349ms)
				LogAssemblyErrors (0ms)
				InitializePlatformSupportModulesInManaged (14ms)
				SetLoadedEditorAssemblies (0ms)
				RefreshPlugins (1ms)
				BeforeProcessingInitializeOnLoad (43ms)
				ProcessInitializeOnLoadAttributes (188ms)
				ProcessInitializeOnLoadMethodAttributes (95ms)
				AfterProcessingInitializeOnLoad (9ms)
				EditorAssembliesLoaded (0ms)
			ExecutionOrderSort2 (0ms)
			AwakeInstancesAfterBackupRestoration (4ms)
Platform modules already initialized, skipping
Refreshing native plugins compatible for Editor in 9.60 ms, found 3 plugins.
Preloading 0 native plugins for Editor in 0.00 ms.
Unloading 4714 Unused Serialized files (Serialized files now loaded: 0)
Unloading 44 unused Assets / (28.4 KB). Loaded Objects now: 5446.
Memory consumption went from 173.8 MB to 173.8 MB.
Total: 13.190500 ms (FindLiveObjects: 0.207500 ms CreateObjectMapping: 0.065300 ms MarkObjects: 12.892100 ms  DeleteObjects: 0.024900 ms)

AssetImportParameters requested are different than current active one (requested -> active):
  custom:video-decoder-ogg-theora: a1e56fd34408186e4bbccfd4996cb3dc -> 
  custom:container-muxer-webm: aa71ff27fc2769a1b78a27578f13a17b -> 
  custom:container-demuxer-webm: 4f35f7cbe854078d1ac9338744f61a02 -> 
  custom:video-encoder-webm-vp8: eb34c28f22e8b96e1ab97ce403110664 -> 
  custom:audio-encoder-webm-vorbis: bf7c407c2cedff20999df2af8eb42d56 -> 
  custom:framework-win-MediaFoundation: 216162199b28c13a410421893ffa2e32 -> 
  custom:container-demuxer-ogg: 62fdf1f143b41e24485cea50d1cbac27 -> 
  custom:video-decoder-webm-vp8: 9c59270c3fd7afecdb556c50c9e8de78 -> 
  custom:audio-decoder-ogg-vorbis: bf7c407c2cedff20999df2af8eb42d56 -> 
========================================================================
Received Prepare
Registering precompiled user dll's ...
Registered in 0.023553 seconds.
Begin MonoManager ReloadAssembly
Symbol file LoadedFromMemory doesn't match image F:\UnityProject\Own\Assess\Library\PackageCache\com.unity.visualscripting@1.7.8\Editor\VisualScripting.Core\Dependencies\YamlDotNet\Unity.VisualScripting.YamlDotNet.dll
Symbol file LoadedFromMemory doesn't match image F:\UnityProject\Own\Assess\Library\PackageCache\com.unity.visualscripting@1.7.8\Editor\VisualScripting.Core\Dependencies\DotNetZip\Unity.VisualScripting.IonicZip.dll
Native extension for WindowsStandalone target not found
Native extension for Android target not found
Native extension for WebGL target not found
Refreshing native plugins compatible for Editor in 0.45 ms, found 3 plugins.
Preloading 0 native plugins for Editor in 0.00 ms.
Mono: successfully reloaded assembly
- Completed reload, in  0.756 seconds
Domain Reload Profiling:
	ReloadAssembly (757ms)
		BeginReloadAssembly (92ms)
			ExecutionOrderSort (0ms)
			DisableScriptedObjects (3ms)
			BackupInstance (0ms)
			ReleaseScriptingObjects (0ms)
			CreateAndSetChildDomain (23ms)
		EndReloadAssembly (589ms)
			LoadAssemblies (72ms)
			RebuildTransferFunctionScriptingTraits (0ms)
			SetupTypeCache (149ms)
			ReleaseScriptCaches (1ms)
			RebuildScriptCaches (22ms)
			SetupLoadedEditorAssemblies (318ms)
				LogAssemblyErrors (0ms)
				InitializePlatformSupportModulesInManaged (13ms)
				SetLoadedEditorAssemblies (0ms)
				RefreshPlugins (1ms)
				BeforeProcessingInitializeOnLoad (40ms)
				ProcessInitializeOnLoadAttributes (169ms)
				ProcessInitializeOnLoadMethodAttributes (86ms)
				AfterProcessingInitializeOnLoad (9ms)
				EditorAssembliesLoaded (0ms)
			ExecutionOrderSort2 (0ms)
			AwakeInstancesAfterBackupRestoration (4ms)
Platform modules already initialized, skipping
Refreshing native plugins compatible for Editor in 3.06 ms, found 3 plugins.
Preloading 0 native plugins for Editor in 0.00 ms.
Unloading 4714 Unused Serialized files (Serialized files now loaded: 0)
Unloading 44 unused Assets / (28.4 KB). Loaded Objects now: 5449.
Memory consumption went from 173.8 MB to 173.8 MB.
Total: 9.553800 ms (FindLiveObjects: 0.199300 ms CreateObjectMapping: 0.088500 ms MarkObjects: 9.246300 ms  DeleteObjects: 0.018700 ms)

AssetImportParameters requested are different than current active one (requested -> active):
  custom:video-decoder-ogg-theora: a1e56fd34408186e4bbccfd4996cb3dc -> 
  custom:container-muxer-webm: aa71ff27fc2769a1b78a27578f13a17b -> 
  custom:container-demuxer-webm: 4f35f7cbe854078d1ac9338744f61a02 -> 
  custom:video-encoder-webm-vp8: eb34c28f22e8b96e1ab97ce403110664 -> 
  custom:audio-encoder-webm-vorbis: bf7c407c2cedff20999df2af8eb42d56 -> 
  custom:framework-win-MediaFoundation: 216162199b28c13a410421893ffa2e32 -> 
  custom:container-demuxer-ogg: 62fdf1f143b41e24485cea50d1cbac27 -> 
  custom:video-decoder-webm-vp8: 9c59270c3fd7afecdb556c50c9e8de78 -> 
  custom:audio-decoder-ogg-vorbis: bf7c407c2cedff20999df2af8eb42d56 -> 
========================================================================
Received Prepare
Registering precompiled user dll's ...
Registered in 0.025389 seconds.
Begin MonoManager ReloadAssembly
Symbol file LoadedFromMemory doesn't match image F:\UnityProject\Own\Assess\Library\PackageCache\com.unity.visualscripting@1.7.8\Editor\VisualScripting.Core\Dependencies\YamlDotNet\Unity.VisualScripting.YamlDotNet.dll
Symbol file LoadedFromMemory doesn't match image F:\UnityProject\Own\Assess\Library\PackageCache\com.unity.visualscripting@1.7.8\Editor\VisualScripting.Core\Dependencies\DotNetZip\Unity.VisualScripting.IonicZip.dll
Native extension for WindowsStandalone target not found
Native extension for Android target not found
Native extension for WebGL target not found
Refreshing native plugins compatible for Editor in 0.46 ms, found 3 plugins.
Preloading 0 native plugins for Editor in 0.00 ms.
Mono: successfully reloaded assembly
- Completed reload, in  0.806 seconds
Domain Reload Profiling:
	ReloadAssembly (807ms)
		BeginReloadAssembly (93ms)
			ExecutionOrderSort (0ms)
			DisableScriptedObjects (3ms)
			BackupInstance (0ms)
			ReleaseScriptingObjects (0ms)
			CreateAndSetChildDomain (25ms)
		EndReloadAssembly (639ms)
			LoadAssemblies (70ms)
			RebuildTransferFunctionScriptingTraits (0ms)
			SetupTypeCache (149ms)
			ReleaseScriptCaches (1ms)
			RebuildScriptCaches (24ms)
			SetupLoadedEditorAssemblies (361ms)
				LogAssemblyErrors (0ms)
				InitializePlatformSupportModulesInManaged (14ms)
				SetLoadedEditorAssemblies (0ms)
				RefreshPlugins (0ms)
				BeforeProcessingInitializeOnLoad (43ms)
				ProcessInitializeOnLoadAttributes (193ms)
				ProcessInitializeOnLoadMethodAttributes (100ms)
				AfterProcessingInitializeOnLoad (10ms)
				EditorAssembliesLoaded (0ms)
			ExecutionOrderSort2 (0ms)
			AwakeInstancesAfterBackupRestoration (4ms)
Platform modules already initialized, skipping
Refreshing native plugins compatible for Editor in 3.15 ms, found 3 plugins.
Preloading 0 native plugins for Editor in 0.00 ms.
Unloading 4714 Unused Serialized files (Serialized files now loaded: 0)
Unloading 44 unused Assets / (28.4 KB). Loaded Objects now: 5452.
Memory consumption went from 173.8 MB to 173.8 MB.
Total: 9.901400 ms (FindLiveObjects: 0.209500 ms CreateObjectMapping: 0.083800 ms MarkObjects: 9.587900 ms  DeleteObjects: 0.019300 ms)

AssetImportParameters requested are different than current active one (requested -> active):
  custom:video-decoder-ogg-theora: a1e56fd34408186e4bbccfd4996cb3dc -> 
  custom:container-muxer-webm: aa71ff27fc2769a1b78a27578f13a17b -> 
  custom:container-demuxer-webm: 4f35f7cbe854078d1ac9338744f61a02 -> 
  custom:video-encoder-webm-vp8: eb34c28f22e8b96e1ab97ce403110664 -> 
  custom:audio-encoder-webm-vorbis: bf7c407c2cedff20999df2af8eb42d56 -> 
  custom:framework-win-MediaFoundation: 216162199b28c13a410421893ffa2e32 -> 
  custom:container-demuxer-ogg: 62fdf1f143b41e24485cea50d1cbac27 -> 
  custom:video-decoder-webm-vp8: 9c59270c3fd7afecdb556c50c9e8de78 -> 
  custom:audio-decoder-ogg-vorbis: bf7c407c2cedff20999df2af8eb42d56 -> 
========================================================================
Received Prepare
Registering precompiled user dll's ...
Registered in 0.024227 seconds.
Begin MonoManager ReloadAssembly
Symbol file LoadedFromMemory doesn't match image F:\UnityProject\Own\Assess\Library\PackageCache\com.unity.visualscripting@1.7.8\Editor\VisualScripting.Core\Dependencies\YamlDotNet\Unity.VisualScripting.YamlDotNet.dll
Symbol file LoadedFromMemory doesn't match image F:\UnityProject\Own\Assess\Library\PackageCache\com.unity.visualscripting@1.7.8\Editor\VisualScripting.Core\Dependencies\DotNetZip\Unity.VisualScripting.IonicZip.dll
Native extension for WindowsStandalone target not found
Native extension for Android target not found
Native extension for WebGL target not found
Refreshing native plugins compatible for Editor in 0.69 ms, found 3 plugins.
Preloading 0 native plugins for Editor in 0.00 ms.
Mono: successfully reloaded assembly
- Completed reload, in  0.798 seconds
Domain Reload Profiling:
	ReloadAssembly (798ms)
		BeginReloadAssembly (93ms)
			ExecutionOrderSort (0ms)
			DisableScriptedObjects (3ms)
			BackupInstance (0ms)
			ReleaseScriptingObjects (0ms)
			CreateAndSetChildDomain (24ms)
		EndReloadAssembly (628ms)
			LoadAssemblies (70ms)
			RebuildTransferFunctionScriptingTraits (0ms)
			SetupTypeCache (149ms)
			ReleaseScriptCaches (1ms)
			RebuildScriptCaches (24ms)
			SetupLoadedEditorAssemblies (349ms)
				LogAssemblyErrors (0ms)
				InitializePlatformSupportModulesInManaged (14ms)
				SetLoadedEditorAssemblies (0ms)
				RefreshPlugins (1ms)
				BeforeProcessingInitializeOnLoad (43ms)
				ProcessInitializeOnLoadAttributes (190ms)
				ProcessInitializeOnLoadMethodAttributes (89ms)
				AfterProcessingInitializeOnLoad (11ms)
				EditorAssembliesLoaded (0ms)
			ExecutionOrderSort2 (0ms)
			AwakeInstancesAfterBackupRestoration (4ms)
Platform modules already initialized, skipping
Refreshing native plugins compatible for Editor in 3.41 ms, found 3 plugins.
Preloading 0 native plugins for Editor in 0.00 ms.
Unloading 4714 Unused Serialized files (Serialized files now loaded: 0)
Unloading 44 unused Assets / (28.4 KB). Loaded Objects now: 5455.
Memory consumption went from 173.8 MB to 173.8 MB.
Total: 9.595100 ms (FindLiveObjects: 0.185300 ms CreateObjectMapping: 0.064500 ms MarkObjects: 9.325000 ms  DeleteObjects: 0.019600 ms)

AssetImportParameters requested are different than current active one (requested -> active):
  custom:video-decoder-ogg-theora: a1e56fd34408186e4bbccfd4996cb3dc -> 
  custom:container-muxer-webm: aa71ff27fc2769a1b78a27578f13a17b -> 
  custom:container-demuxer-webm: 4f35f7cbe854078d1ac9338744f61a02 -> 
  custom:video-encoder-webm-vp8: eb34c28f22e8b96e1ab97ce403110664 -> 
  custom:audio-encoder-webm-vorbis: bf7c407c2cedff20999df2af8eb42d56 -> 
  custom:framework-win-MediaFoundation: 216162199b28c13a410421893ffa2e32 -> 
  custom:container-demuxer-ogg: 62fdf1f143b41e24485cea50d1cbac27 -> 
  custom:video-decoder-webm-vp8: 9c59270c3fd7afecdb556c50c9e8de78 -> 
  custom:audio-decoder-ogg-vorbis: bf7c407c2cedff20999df2af8eb42d56 -> 
========================================================================
Received Prepare
Registering precompiled user dll's ...
Registered in 0.020982 seconds.
Begin MonoManager ReloadAssembly
Symbol file LoadedFromMemory doesn't match image F:\UnityProject\Own\Assess\Library\PackageCache\com.unity.visualscripting@1.7.8\Editor\VisualScripting.Core\Dependencies\YamlDotNet\Unity.VisualScripting.YamlDotNet.dll
Symbol file LoadedFromMemory doesn't match image F:\UnityProject\Own\Assess\Library\PackageCache\com.unity.visualscripting@1.7.8\Editor\VisualScripting.Core\Dependencies\DotNetZip\Unity.VisualScripting.IonicZip.dll
Native extension for WindowsStandalone target not found
Native extension for Android target not found
Native extension for WebGL target not found
Refreshing native plugins compatible for Editor in 0.74 ms, found 3 plugins.
Preloading 0 native plugins for Editor in 0.00 ms.
Mono: successfully reloaded assembly
- Completed reload, in  0.786 seconds
Domain Reload Profiling:
	ReloadAssembly (787ms)
		BeginReloadAssembly (88ms)
			ExecutionOrderSort (0ms)
			DisableScriptedObjects (2ms)
			BackupInstance (0ms)
			ReleaseScriptingObjects (0ms)
			CreateAndSetChildDomain (24ms)
		EndReloadAssembly (626ms)
			LoadAssemblies (67ms)
			RebuildTransferFunctionScriptingTraits (0ms)
			SetupTypeCache (143ms)
			ReleaseScriptCaches (1ms)
			RebuildScriptCaches (23ms)
			SetupLoadedEditorAssemblies (356ms)
				LogAssemblyErrors (0ms)
				InitializePlatformSupportModulesInManaged (16ms)
				SetLoadedEditorAssemblies (0ms)
				RefreshPlugins (1ms)
				BeforeProcessingInitializeOnLoad (56ms)
				ProcessInitializeOnLoadAttributes (181ms)
				ProcessInitializeOnLoadMethodAttributes (93ms)
				AfterProcessingInitializeOnLoad (9ms)
				EditorAssembliesLoaded (0ms)
			ExecutionOrderSort2 (0ms)
			AwakeInstancesAfterBackupRestoration (5ms)
Platform modules already initialized, skipping
Refreshing native plugins compatible for Editor in 2.90 ms, found 3 plugins.
Preloading 0 native plugins for Editor in 0.00 ms.
Unloading 4714 Unused Serialized files (Serialized files now loaded: 0)
Unloading 44 unused Assets / (28.4 KB). Loaded Objects now: 5458.
Memory consumption went from 173.8 MB to 173.8 MB.
Total: 9.668200 ms (FindLiveObjects: 0.232000 ms CreateObjectMapping: 0.092300 ms MarkObjects: 9.323000 ms  DeleteObjects: 0.020300 ms)

AssetImportParameters requested are different than current active one (requested -> active):
  custom:video-decoder-ogg-theora: a1e56fd34408186e4bbccfd4996cb3dc -> 
  custom:container-muxer-webm: aa71ff27fc2769a1b78a27578f13a17b -> 
  custom:container-demuxer-webm: 4f35f7cbe854078d1ac9338744f61a02 -> 
  custom:video-encoder-webm-vp8: eb34c28f22e8b96e1ab97ce403110664 -> 
  custom:audio-encoder-webm-vorbis: bf7c407c2cedff20999df2af8eb42d56 -> 
  custom:framework-win-MediaFoundation: 216162199b28c13a410421893ffa2e32 -> 
  custom:container-demuxer-ogg: 62fdf1f143b41e24485cea50d1cbac27 -> 
  custom:video-decoder-webm-vp8: 9c59270c3fd7afecdb556c50c9e8de78 -> 
  custom:audio-decoder-ogg-vorbis: bf7c407c2cedff20999df2af8eb42d56 -> 
========================================================================
Received Prepare
Registering precompiled user dll's ...
Registered in 0.025815 seconds.
Begin MonoManager ReloadAssembly
Symbol file LoadedFromMemory doesn't match image F:\UnityProject\Own\Assess\Library\PackageCache\com.unity.visualscripting@1.7.8\Editor\VisualScripting.Core\Dependencies\YamlDotNet\Unity.VisualScripting.YamlDotNet.dll
Symbol file LoadedFromMemory doesn't match image F:\UnityProject\Own\Assess\Library\PackageCache\com.unity.visualscripting@1.7.8\Editor\VisualScripting.Core\Dependencies\DotNetZip\Unity.VisualScripting.IonicZip.dll
Native extension for WindowsStandalone target not found
Native extension for Android target not found
Native extension for WebGL target not found
Refreshing native plugins compatible for Editor in 0.48 ms, found 3 plugins.
Preloading 0 native plugins for Editor in 0.00 ms.
Mono: successfully reloaded assembly
- Completed reload, in  0.775 seconds
Domain Reload Profiling:
	ReloadAssembly (775ms)
		BeginReloadAssembly (90ms)
			ExecutionOrderSort (0ms)
			DisableScriptedObjects (3ms)
			BackupInstance (0ms)
			ReleaseScriptingObjects (0ms)
			CreateAndSetChildDomain (24ms)
		EndReloadAssembly (611ms)
			LoadAssemblies (68ms)
			RebuildTransferFunctionScriptingTraits (0ms)
			SetupTypeCache (149ms)
			ReleaseScriptCaches (1ms)
			RebuildScriptCaches (23ms)
			SetupLoadedEditorAssemblies (335ms)
				LogAssemblyErrors (0ms)
				InitializePlatformSupportModulesInManaged (13ms)
				SetLoadedEditorAssemblies (0ms)
				RefreshPlugins (1ms)
				BeforeProcessingInitializeOnLoad (40ms)
				ProcessInitializeOnLoadAttributes (190ms)
				ProcessInitializeOnLoadMethodAttributes (83ms)
				AfterProcessingInitializeOnLoad (9ms)
				EditorAssembliesLoaded (0ms)
			ExecutionOrderSort2 (0ms)
			AwakeInstancesAfterBackupRestoration (5ms)
Platform modules already initialized, skipping
Refreshing native plugins compatible for Editor in 3.46 ms, found 3 plugins.
Preloading 0 native plugins for Editor in 0.00 ms.
Unloading 4714 Unused Serialized files (Serialized files now loaded: 0)
Unloading 44 unused Assets / (28.4 KB). Loaded Objects now: 5461.
Memory consumption went from 173.8 MB to 173.8 MB.
Total: 9.745400 ms (FindLiveObjects: 0.203900 ms CreateObjectMapping: 0.065300 ms MarkObjects: 9.437500 ms  DeleteObjects: 0.037500 ms)

AssetImportParameters requested are different than current active one (requested -> active):
  custom:video-decoder-ogg-theora: a1e56fd34408186e4bbccfd4996cb3dc -> 
  custom:container-muxer-webm: aa71ff27fc2769a1b78a27578f13a17b -> 
  custom:container-demuxer-webm: 4f35f7cbe854078d1ac9338744f61a02 -> 
  custom:video-encoder-webm-vp8: eb34c28f22e8b96e1ab97ce403110664 -> 
  custom:audio-encoder-webm-vorbis: bf7c407c2cedff20999df2af8eb42d56 -> 
  custom:framework-win-MediaFoundation: 216162199b28c13a410421893ffa2e32 -> 
  custom:container-demuxer-ogg: 62fdf1f143b41e24485cea50d1cbac27 -> 
  custom:video-decoder-webm-vp8: 9c59270c3fd7afecdb556c50c9e8de78 -> 
  custom:audio-decoder-ogg-vorbis: bf7c407c2cedff20999df2af8eb42d56 -> 
========================================================================
Received Prepare
Registering precompiled user dll's ...
Registered in 0.026031 seconds.
Begin MonoManager ReloadAssembly
Symbol file LoadedFromMemory doesn't match image F:\UnityProject\Own\Assess\Library\PackageCache\com.unity.visualscripting@1.7.8\Editor\VisualScripting.Core\Dependencies\YamlDotNet\Unity.VisualScripting.YamlDotNet.dll
Symbol file LoadedFromMemory doesn't match image F:\UnityProject\Own\Assess\Library\PackageCache\com.unity.visualscripting@1.7.8\Editor\VisualScripting.Core\Dependencies\DotNetZip\Unity.VisualScripting.IonicZip.dll
Native extension for WindowsStandalone target not found
Native extension for Android target not found
Native extension for WebGL target not found
Refreshing native plugins compatible for Editor in 0.45 ms, found 3 plugins.
Preloading 0 native plugins for Editor in 0.00 ms.
Mono: successfully reloaded assembly
- Completed reload, in  0.871 seconds
Domain Reload Profiling:
	ReloadAssembly (871ms)
		BeginReloadAssembly (100ms)
			ExecutionOrderSort (0ms)
			DisableScriptedObjects (3ms)
			BackupInstance (0ms)
			ReleaseScriptingObjects (0ms)
			CreateAndSetChildDomain (30ms)
		EndReloadAssembly (702ms)
			LoadAssemblies (65ms)
			RebuildTransferFunctionScriptingTraits (0ms)
			SetupTypeCache (156ms)
			ReleaseScriptCaches (1ms)
			RebuildScriptCaches (23ms)
			SetupLoadedEditorAssemblies (421ms)
				LogAssemblyErrors (0ms)
				InitializePlatformSupportModulesInManaged (14ms)
				SetLoadedEditorAssemblies (0ms)
				RefreshPlugins (0ms)
				BeforeProcessingInitializeOnLoad (42ms)
				ProcessInitializeOnLoadAttributes (258ms)
				ProcessInitializeOnLoadMethodAttributes (97ms)
				AfterProcessingInitializeOnLoad (9ms)
				EditorAssembliesLoaded (0ms)
			ExecutionOrderSort2 (0ms)
			AwakeInstancesAfterBackupRestoration (4ms)
Platform modules already initialized, skipping
Refreshing native plugins compatible for Editor in 3.10 ms, found 3 plugins.
Preloading 0 native plugins for Editor in 0.00 ms.
Unloading 4714 Unused Serialized files (Serialized files now loaded: 0)
Unloading 44 unused Assets / (28.4 KB). Loaded Objects now: 5464.
Memory consumption went from 173.9 MB to 173.8 MB.
Total: 16.105100 ms (FindLiveObjects: 0.244700 ms CreateObjectMapping: 0.105700 ms MarkObjects: 15.716000 ms  DeleteObjects: 0.037500 ms)

AssetImportParameters requested are different than current active one (requested -> active):
  custom:video-decoder-ogg-theora: a1e56fd34408186e4bbccfd4996cb3dc -> 
  custom:container-muxer-webm: aa71ff27fc2769a1b78a27578f13a17b -> 
  custom:container-demuxer-webm: 4f35f7cbe854078d1ac9338744f61a02 -> 
  custom:video-encoder-webm-vp8: eb34c28f22e8b96e1ab97ce403110664 -> 
  custom:audio-encoder-webm-vorbis: bf7c407c2cedff20999df2af8eb42d56 -> 
  custom:framework-win-MediaFoundation: 216162199b28c13a410421893ffa2e32 -> 
  custom:container-demuxer-ogg: 62fdf1f143b41e24485cea50d1cbac27 -> 
  custom:video-decoder-webm-vp8: 9c59270c3fd7afecdb556c50c9e8de78 -> 
  custom:audio-decoder-ogg-vorbis: bf7c407c2cedff20999df2af8eb42d56 -> 
========================================================================
Received Prepare
Registering precompiled user dll's ...
Registered in 0.025390 seconds.
Begin MonoManager ReloadAssembly
Symbol file LoadedFromMemory doesn't match image F:\UnityProject\Own\Assess\Library\PackageCache\com.unity.visualscripting@1.7.8\Editor\VisualScripting.Core\Dependencies\YamlDotNet\Unity.VisualScripting.YamlDotNet.dll
Symbol file LoadedFromMemory doesn't match image F:\UnityProject\Own\Assess\Library\PackageCache\com.unity.visualscripting@1.7.8\Editor\VisualScripting.Core\Dependencies\DotNetZip\Unity.VisualScripting.IonicZip.dll
Native extension for WindowsStandalone target not found
Native extension for Android target not found
Native extension for WebGL target not found
Refreshing native plugins compatible for Editor in 0.47 ms, found 3 plugins.
Preloading 0 native plugins for Editor in 0.00 ms.
Mono: successfully reloaded assembly
- Completed reload, in  0.826 seconds
Domain Reload Profiling:
	ReloadAssembly (826ms)
		BeginReloadAssembly (106ms)
			ExecutionOrderSort (0ms)
			DisableScriptedObjects (3ms)
			BackupInstance (0ms)
			ReleaseScriptingObjects (0ms)
			CreateAndSetChildDomain (26ms)
		EndReloadAssembly (628ms)
			LoadAssemblies (80ms)
			RebuildTransferFunctionScriptingTraits (0ms)
			SetupTypeCache (154ms)
			ReleaseScriptCaches (1ms)
			RebuildScriptCaches (23ms)
			SetupLoadedEditorAssemblies (351ms)
				LogAssemblyErrors (0ms)
				InitializePlatformSupportModulesInManaged (14ms)
				SetLoadedEditorAssemblies (0ms)
				RefreshPlugins (1ms)
				BeforeProcessingInitializeOnLoad (41ms)
				ProcessInitializeOnLoadAttributes (196ms)
				ProcessInitializeOnLoadMethodAttributes (89ms)
				AfterProcessingInitializeOnLoad (10ms)
				EditorAssembliesLoaded (0ms)
			ExecutionOrderSort2 (0ms)
			AwakeInstancesAfterBackupRestoration (4ms)
Platform modules already initialized, skipping
Refreshing native plugins compatible for Editor in 2.70 ms, found 3 plugins.
Preloading 0 native plugins for Editor in 0.00 ms.
Unloading 4714 Unused Serialized files (Serialized files now loaded: 0)
Unloading 44 unused Assets / (28.4 KB). Loaded Objects now: 5467.
Memory consumption went from 173.9 MB to 173.8 MB.
Total: 9.804000 ms (FindLiveObjects: 0.191900 ms CreateObjectMapping: 0.076900 ms MarkObjects: 9.517700 ms  DeleteObjects: 0.017100 ms)

AssetImportParameters requested are different than current active one (requested -> active):
  custom:video-decoder-ogg-theora: a1e56fd34408186e4bbccfd4996cb3dc -> 
  custom:container-muxer-webm: aa71ff27fc2769a1b78a27578f13a17b -> 
  custom:container-demuxer-webm: 4f35f7cbe854078d1ac9338744f61a02 -> 
  custom:video-encoder-webm-vp8: eb34c28f22e8b96e1ab97ce403110664 -> 
  custom:audio-encoder-webm-vorbis: bf7c407c2cedff20999df2af8eb42d56 -> 
  custom:framework-win-MediaFoundation: 216162199b28c13a410421893ffa2e32 -> 
  custom:container-demuxer-ogg: 62fdf1f143b41e24485cea50d1cbac27 -> 
  custom:video-decoder-webm-vp8: 9c59270c3fd7afecdb556c50c9e8de78 -> 
  custom:audio-decoder-ogg-vorbis: bf7c407c2cedff20999df2af8eb42d56 -> 
========================================================================
Received Import Request.
  Time since last request: 284.308905 seconds.
  path: Assets/Ugion/Scripts/Utility/UgionAssetUtility.cs
  artifactKey: Guid(9624ac8fa87f16741a8fcd3366f80dee) Importer(815301076,1909f56bfc062723c751e8b465ee728b)
Start importing Assets/Ugion/Scripts/Utility/UgionAssetUtility.cs using Guid(9624ac8fa87f16741a8fcd3366f80dee) Importer(815301076,1909f56bfc062723c751e8b465ee728b)  -> (artifact id: '13bf9d15f624156c79d02ba8f76f8d88') in 0.004134 seconds 
========================================================================
Received Import Request.
  Time since last request: 23.249889 seconds.
  path: Assets/Ugion/Scripts/Utility/UIExtensions.cs
  artifactKey: Guid(6d83789d121760f479880bf211d0909a) Importer(815301076,1909f56bfc062723c751e8b465ee728b)
Start importing Assets/Ugion/Scripts/Utility/UIExtensions.cs using Guid(6d83789d121760f479880bf211d0909a) Importer(815301076,1909f56bfc062723c751e8b465ee728b)  -> (artifact id: '9f3860baf438c3f1a088f695a7253213') in 0.001394 seconds 
========================================================================
Received Prepare
Registering precompiled user dll's ...
Registered in 0.022840 seconds.
Begin MonoManager ReloadAssembly
Symbol file LoadedFromMemory doesn't match image F:\UnityProject\Own\Assess\Library\PackageCache\com.unity.visualscripting@1.7.8\Editor\VisualScripting.Core\Dependencies\YamlDotNet\Unity.VisualScripting.YamlDotNet.dll
Symbol file LoadedFromMemory doesn't match image F:\UnityProject\Own\Assess\Library\PackageCache\com.unity.visualscripting@1.7.8\Editor\VisualScripting.Core\Dependencies\DotNetZip\Unity.VisualScripting.IonicZip.dll
Native extension for WindowsStandalone target not found
Native extension for Android target not found
Native extension for WebGL target not found
Refreshing native plugins compatible for Editor in 0.48 ms, found 3 plugins.
Preloading 0 native plugins for Editor in 0.00 ms.
Mono: successfully reloaded assembly
- Completed reload, in  0.757 seconds
Domain Reload Profiling:
	ReloadAssembly (758ms)
		BeginReloadAssembly (91ms)
			ExecutionOrderSort (0ms)
			DisableScriptedObjects (3ms)
			BackupInstance (0ms)
			ReleaseScriptingObjects (0ms)
			CreateAndSetChildDomain (23ms)
		EndReloadAssembly (592ms)
			LoadAssemblies (67ms)
			RebuildTransferFunctionScriptingTraits (0ms)
			SetupTypeCache (140ms)
			ReleaseScriptCaches (1ms)
			RebuildScriptCaches (22ms)
			SetupLoadedEditorAssemblies (332ms)
				LogAssemblyErrors (0ms)
				InitializePlatformSupportModulesInManaged (13ms)
				SetLoadedEditorAssemblies (0ms)
				RefreshPlugins (1ms)
				BeforeProcessingInitializeOnLoad (41ms)
				ProcessInitializeOnLoadAttributes (177ms)
				ProcessInitializeOnLoadMethodAttributes (89ms)
				AfterProcessingInitializeOnLoad (11ms)
				EditorAssembliesLoaded (0ms)
			ExecutionOrderSort2 (0ms)
			AwakeInstancesAfterBackupRestoration (5ms)
Platform modules already initialized, skipping
Refreshing native plugins compatible for Editor in 2.68 ms, found 3 plugins.
Preloading 0 native plugins for Editor in 0.00 ms.
Unloading 4715 Unused Serialized files (Serialized files now loaded: 0)
Unloading 44 unused Assets / (28.4 KB). Loaded Objects now: 5471.
Memory consumption went from 173.9 MB to 173.9 MB.
Total: 9.317000 ms (FindLiveObjects: 0.170500 ms CreateObjectMapping: 0.052700 ms MarkObjects: 9.076300 ms  DeleteObjects: 0.016700 ms)

AssetImportParameters requested are different than current active one (requested -> active):
  custom:video-decoder-ogg-theora: a1e56fd34408186e4bbccfd4996cb3dc -> 
  custom:container-muxer-webm: aa71ff27fc2769a1b78a27578f13a17b -> 
  custom:container-demuxer-webm: 4f35f7cbe854078d1ac9338744f61a02 -> 
  custom:video-encoder-webm-vp8: eb34c28f22e8b96e1ab97ce403110664 -> 
  custom:audio-encoder-webm-vorbis: bf7c407c2cedff20999df2af8eb42d56 -> 
  custom:framework-win-MediaFoundation: 216162199b28c13a410421893ffa2e32 -> 
  custom:container-demuxer-ogg: 62fdf1f143b41e24485cea50d1cbac27 -> 
  custom:video-decoder-webm-vp8: 9c59270c3fd7afecdb556c50c9e8de78 -> 
  custom:audio-decoder-ogg-vorbis: bf7c407c2cedff20999df2af8eb42d56 -> 
========================================================================
Received Prepare
Registering precompiled user dll's ...
Registered in 0.020948 seconds.
Begin MonoManager ReloadAssembly
Symbol file LoadedFromMemory doesn't match image F:\UnityProject\Own\Assess\Library\PackageCache\com.unity.visualscripting@1.7.8\Editor\VisualScripting.Core\Dependencies\YamlDotNet\Unity.VisualScripting.YamlDotNet.dll
Symbol file LoadedFromMemory doesn't match image F:\UnityProject\Own\Assess\Library\PackageCache\com.unity.visualscripting@1.7.8\Editor\VisualScripting.Core\Dependencies\DotNetZip\Unity.VisualScripting.IonicZip.dll
Native extension for WindowsStandalone target not found
Native extension for Android target not found
Native extension for WebGL target not found
Refreshing native plugins compatible for Editor in 0.44 ms, found 3 plugins.
Preloading 0 native plugins for Editor in 0.00 ms.
Mono: successfully reloaded assembly
- Completed reload, in  0.765 seconds
Domain Reload Profiling:
	ReloadAssembly (765ms)
		BeginReloadAssembly (95ms)
			ExecutionOrderSort (0ms)
			DisableScriptedObjects (3ms)
			BackupInstance (0ms)
			ReleaseScriptingObjects (0ms)
			CreateAndSetChildDomain (27ms)
		EndReloadAssembly (594ms)
			LoadAssemblies (70ms)
			RebuildTransferFunctionScriptingTraits (0ms)
			SetupTypeCache (152ms)
			ReleaseScriptCaches (1ms)
			RebuildScriptCaches (22ms)
			SetupLoadedEditorAssemblies (322ms)
				LogAssemblyErrors (0ms)
				InitializePlatformSupportModulesInManaged (13ms)
				SetLoadedEditorAssemblies (0ms)
				RefreshPlugins (0ms)
				BeforeProcessingInitializeOnLoad (39ms)
				ProcessInitializeOnLoadAttributes (175ms)
				ProcessInitializeOnLoadMethodAttributes (85ms)
				AfterProcessingInitializeOnLoad (8ms)
				EditorAssembliesLoaded (0ms)
			ExecutionOrderSort2 (0ms)
			AwakeInstancesAfterBackupRestoration (4ms)
Platform modules already initialized, skipping
Refreshing native plugins compatible for Editor in 2.88 ms, found 3 plugins.
Preloading 0 native plugins for Editor in 0.00 ms.
Unloading 4715 Unused Serialized files (Serialized files now loaded: 0)
Unloading 44 unused Assets / (28.3 KB). Loaded Objects now: 5474.
Memory consumption went from 173.9 MB to 173.9 MB.
Total: 10.333100 ms (FindLiveObjects: 0.189500 ms CreateObjectMapping: 0.062900 ms MarkObjects: 10.058100 ms  DeleteObjects: 0.021300 ms)

AssetImportParameters requested are different than current active one (requested -> active):
  custom:video-decoder-ogg-theora: a1e56fd34408186e4bbccfd4996cb3dc -> 
  custom:container-muxer-webm: aa71ff27fc2769a1b78a27578f13a17b -> 
  custom:container-demuxer-webm: 4f35f7cbe854078d1ac9338744f61a02 -> 
  custom:video-encoder-webm-vp8: eb34c28f22e8b96e1ab97ce403110664 -> 
  custom:audio-encoder-webm-vorbis: bf7c407c2cedff20999df2af8eb42d56 -> 
  custom:framework-win-MediaFoundation: 216162199b28c13a410421893ffa2e32 -> 
  custom:container-demuxer-ogg: 62fdf1f143b41e24485cea50d1cbac27 -> 
  custom:video-decoder-webm-vp8: 9c59270c3fd7afecdb556c50c9e8de78 -> 
  custom:audio-decoder-ogg-vorbis: bf7c407c2cedff20999df2af8eb42d56 -> 
========================================================================
Received Prepare
Registering precompiled user dll's ...
Registered in 0.018623 seconds.
Begin MonoManager ReloadAssembly
Symbol file LoadedFromMemory doesn't match image F:\UnityProject\Own\Assess\Library\PackageCache\com.unity.visualscripting@1.7.8\Editor\VisualScripting.Core\Dependencies\YamlDotNet\Unity.VisualScripting.YamlDotNet.dll
Symbol file LoadedFromMemory doesn't match image F:\UnityProject\Own\Assess\Library\PackageCache\com.unity.visualscripting@1.7.8\Editor\VisualScripting.Core\Dependencies\DotNetZip\Unity.VisualScripting.IonicZip.dll
Native extension for WindowsStandalone target not found
Native extension for Android target not found
Native extension for WebGL target not found
Refreshing native plugins compatible for Editor in 0.47 ms, found 3 plugins.
Preloading 0 native plugins for Editor in 0.00 ms.
Mono: successfully reloaded assembly
- Completed reload, in  0.801 seconds
Domain Reload Profiling:
	ReloadAssembly (802ms)
		BeginReloadAssembly (89ms)
			ExecutionOrderSort (0ms)
			DisableScriptedObjects (3ms)
			BackupInstance (0ms)
			ReleaseScriptingObjects (0ms)
			CreateAndSetChildDomain (23ms)
		EndReloadAssembly (640ms)
			LoadAssemblies (65ms)
			RebuildTransferFunctionScriptingTraits (0ms)
			SetupTypeCache (147ms)
			ReleaseScriptCaches (1ms)
			RebuildScriptCaches (24ms)
			SetupLoadedEditorAssemblies (369ms)
				LogAssemblyErrors (0ms)
				InitializePlatformSupportModulesInManaged (14ms)
				SetLoadedEditorAssemblies (0ms)
				RefreshPlugins (1ms)
				BeforeProcessingInitializeOnLoad (70ms)
				ProcessInitializeOnLoadAttributes (193ms)
				ProcessInitializeOnLoadMethodAttributes (83ms)
				AfterProcessingInitializeOnLoad (8ms)
				EditorAssembliesLoaded (0ms)
			ExecutionOrderSort2 (0ms)
			AwakeInstancesAfterBackupRestoration (4ms)
Platform modules already initialized, skipping
Refreshing native plugins compatible for Editor in 2.62 ms, found 3 plugins.
Preloading 0 native plugins for Editor in 0.00 ms.
Unloading 4715 Unused Serialized files (Serialized files now loaded: 0)
Unloading 44 unused Assets / (28.4 KB). Loaded Objects now: 5477.
Memory consumption went from 173.9 MB to 173.9 MB.
Total: 10.442200 ms (FindLiveObjects: 0.235300 ms CreateObjectMapping: 0.084900 ms MarkObjects: 10.091200 ms  DeleteObjects: 0.029800 ms)

AssetImportParameters requested are different than current active one (requested -> active):
  custom:video-decoder-ogg-theora: a1e56fd34408186e4bbccfd4996cb3dc -> 
  custom:container-muxer-webm: aa71ff27fc2769a1b78a27578f13a17b -> 
  custom:container-demuxer-webm: 4f35f7cbe854078d1ac9338744f61a02 -> 
  custom:video-encoder-webm-vp8: eb34c28f22e8b96e1ab97ce403110664 -> 
  custom:audio-encoder-webm-vorbis: bf7c407c2cedff20999df2af8eb42d56 -> 
  custom:framework-win-MediaFoundation: 216162199b28c13a410421893ffa2e32 -> 
  custom:container-demuxer-ogg: 62fdf1f143b41e24485cea50d1cbac27 -> 
  custom:video-decoder-webm-vp8: 9c59270c3fd7afecdb556c50c9e8de78 -> 
  custom:audio-decoder-ogg-vorbis: bf7c407c2cedff20999df2af8eb42d56 -> 
========================================================================
Received Import Request.
  Time since last request: 442.313844 seconds.
  path: Assets/GameMain/Scripts/DataTable/DRUIForm.cs
  artifactKey: Guid(f28db9f996bc3d04eb73541b1f8b1036) Importer(815301076,1909f56bfc062723c751e8b465ee728b)
Start importing Assets/GameMain/Scripts/DataTable/DRUIForm.cs using Guid(f28db9f996bc3d04eb73541b1f8b1036) Importer(815301076,1909f56bfc062723c751e8b465ee728b)  -> (artifact id: '1988c275ebc38cf0dbe87678ee8a9385') in 0.004163 seconds 
========================================================================
Received Import Request.
  Time since last request: 1425.844677 seconds.
  path: Assets/Plugins/ExcelImporter/Example/Excels
  artifactKey: Guid(82a5b2236f5a84bd690736ac576f3912) Importer(815301076,1909f56bfc062723c751e8b465ee728b)
Start importing Assets/Plugins/ExcelImporter/Example/Excels using Guid(82a5b2236f5a84bd690736ac576f3912) Importer(815301076,1909f56bfc062723c751e8b465ee728b)  -> (artifact id: '283a46c88e0987d2f1c1f52529da6e8e') in 0.004896 seconds 
========================================================================
Received Import Request.
  Time since last request: 6.397183 seconds.
  path: Assets/Plugins/ExcelImporter/Example/Scripts/ExcelAsset
  artifactKey: Guid(167d0f5f65b024d11996baed67f7729c) Importer(815301076,1909f56bfc062723c751e8b465ee728b)
Start importing Assets/Plugins/ExcelImporter/Example/Scripts/ExcelAsset using Guid(167d0f5f65b024d11996baed67f7729c) Importer(815301076,1909f56bfc062723c751e8b465ee728b)  -> (artifact id: 'a5149ad67fb53a75576c6e0cde7a89a7') in 0.002363 seconds 
========================================================================
Received Import Request.
  Time since last request: 0.695450 seconds.
  path: Assets/Plugins/ExcelImporter
  artifactKey: Guid(5b0188276c7068243a91e37bee071b06) Importer(815301076,1909f56bfc062723c751e8b465ee728b)
Start importing Assets/Plugins/ExcelImporter using Guid(5b0188276c7068243a91e37bee071b06) Importer(815301076,1909f56bfc062723c751e8b465ee728b)  -> (artifact id: 'bd34546070686432497ff0726a91a0bc') in 0.008885 seconds 
========================================================================
Received Import Request.
  Time since last request: 12.221805 seconds.
  path: Assets/GameMain/DataTables/Excels
  artifactKey: Guid(35e6fbb0b30f95446a0062ab1ee015ff) Importer(815301076,1909f56bfc062723c751e8b465ee728b)
Start importing Assets/GameMain/DataTables/Excels using Guid(35e6fbb0b30f95446a0062ab1ee015ff) Importer(815301076,1909f56bfc062723c751e8b465ee728b)  -> (artifact id: '4aa23dfe6c29ec058b04c0db94dac2e8') in 0.463028 seconds 
========================================================================
Received Import Request.
  Time since last request: 2295.451875 seconds.
  path: Assets/GameMain/DataTables/Scene.bytes
  artifactKey: Guid(fdb5edd099d06b045af609ba3172400a) Importer(815301076,1909f56bfc062723c751e8b465ee728b)
Start importing Assets/GameMain/DataTables/Scene.bytes using Guid(fdb5edd099d06b045af609ba3172400a) Importer(815301076,1909f56bfc062723c751e8b465ee728b)  -> (artifact id: 'c6858d401bd85ce48ddff69c1ef0130d') in 0.011715 seconds 
========================================================================
Received Import Request.
  Time since last request: 866.508144 seconds.
  path: Assets/GameMain/DataTables/Excels/UISoundConfig.xlsx
  artifactKey: Guid(1e98599df2bd0d2428c9641c06a9138e) Importer(815301076,1909f56bfc062723c751e8b465ee728b)
Start importing Assets/GameMain/DataTables/Excels/UISoundConfig.xlsx using Guid(1e98599df2bd0d2428c9641c06a9138e) Importer(815301076,1909f56bfc062723c751e8b465ee728b)  -> (artifact id: 'c1f5a33d9172fe3c24fb63647688b382') in 0.002384 seconds 
========================================================================
Received Import Request.
  Time since last request: 4.587693 seconds.
  path: Assets/GameMain/DataTables/Excels/UIFormConfig.xlsx
  artifactKey: Guid(def03b60a3d9978498832a80dcad965a) Importer(815301076,1909f56bfc062723c751e8b465ee728b)
Start importing Assets/GameMain/DataTables/Excels/UIFormConfig.xlsx using Guid(def03b60a3d9978498832a80dcad965a) Importer(815301076,1909f56bfc062723c751e8b465ee728b)  -> (artifact id: '82c8200e494380e6a09976ec6963e205') in 0.002193 seconds 
========================================================================
Received Prepare
Registering precompiled user dll's ...
Registered in 0.018018 seconds.
Begin MonoManager ReloadAssembly
Symbol file LoadedFromMemory doesn't match image F:\UnityProject\Own\Assess\Library\PackageCache\com.unity.visualscripting@1.7.8\Editor\VisualScripting.Core\Dependencies\YamlDotNet\Unity.VisualScripting.YamlDotNet.dll
Symbol file LoadedFromMemory doesn't match image F:\UnityProject\Own\Assess\Library\PackageCache\com.unity.visualscripting@1.7.8\Editor\VisualScripting.Core\Dependencies\DotNetZip\Unity.VisualScripting.IonicZip.dll
Native extension for WindowsStandalone target not found
Native extension for Android target not found
Native extension for WebGL target not found
Refreshing native plugins compatible for Editor in 0.46 ms, found 3 plugins.
Preloading 0 native plugins for Editor in 0.00 ms.
Mono: successfully reloaded assembly
- Completed reload, in  0.795 seconds
Domain Reload Profiling:
	ReloadAssembly (795ms)
		BeginReloadAssembly (116ms)
			ExecutionOrderSort (0ms)
			DisableScriptedObjects (3ms)
			BackupInstance (0ms)
			ReleaseScriptingObjects (0ms)
			CreateAndSetChildDomain (28ms)
		EndReloadAssembly (610ms)
			LoadAssemblies (72ms)
			RebuildTransferFunctionScriptingTraits (0ms)
			SetupTypeCache (145ms)
			ReleaseScriptCaches (1ms)
			RebuildScriptCaches (21ms)
			SetupLoadedEditorAssemblies (347ms)
				LogAssemblyErrors (0ms)
				InitializePlatformSupportModulesInManaged (13ms)
				SetLoadedEditorAssemblies (0ms)
				RefreshPlugins (0ms)
				BeforeProcessingInitializeOnLoad (39ms)
				ProcessInitializeOnLoadAttributes (184ms)
				ProcessInitializeOnLoadMethodAttributes (102ms)
				AfterProcessingInitializeOnLoad (8ms)
				EditorAssembliesLoaded (0ms)
			ExecutionOrderSort2 (0ms)
			AwakeInstancesAfterBackupRestoration (4ms)
Platform modules already initialized, skipping
Refreshing native plugins compatible for Editor in 3.14 ms, found 3 plugins.
Preloading 0 native plugins for Editor in 0.00 ms.
Unloading 4715 Unused Serialized files (Serialized files now loaded: 0)
Unloading 44 unused Assets / (28.3 KB). Loaded Objects now: 5480.
Memory consumption went from 173.9 MB to 173.9 MB.
Total: 9.670200 ms (FindLiveObjects: 0.203600 ms CreateObjectMapping: 0.076200 ms MarkObjects: 9.368600 ms  DeleteObjects: 0.020900 ms)

AssetImportParameters requested are different than current active one (requested -> active):
  custom:video-decoder-ogg-theora: a1e56fd34408186e4bbccfd4996cb3dc -> 
  custom:container-muxer-webm: aa71ff27fc2769a1b78a27578f13a17b -> 
  custom:container-demuxer-webm: 4f35f7cbe854078d1ac9338744f61a02 -> 
  custom:video-encoder-webm-vp8: eb34c28f22e8b96e1ab97ce403110664 -> 
  custom:audio-encoder-webm-vorbis: bf7c407c2cedff20999df2af8eb42d56 -> 
  custom:framework-win-MediaFoundation: 216162199b28c13a410421893ffa2e32 -> 
  custom:container-demuxer-ogg: 62fdf1f143b41e24485cea50d1cbac27 -> 
  custom:video-decoder-webm-vp8: 9c59270c3fd7afecdb556c50c9e8de78 -> 
  custom:audio-decoder-ogg-vorbis: bf7c407c2cedff20999df2af8eb42d56 -> 
========================================================================
Received Prepare
Registering precompiled user dll's ...
Registered in 0.019646 seconds.
Begin MonoManager ReloadAssembly
Symbol file LoadedFromMemory doesn't match image F:\UnityProject\Own\Assess\Library\PackageCache\com.unity.visualscripting@1.7.8\Editor\VisualScripting.Core\Dependencies\YamlDotNet\Unity.VisualScripting.YamlDotNet.dll
Symbol file LoadedFromMemory doesn't match image F:\UnityProject\Own\Assess\Library\PackageCache\com.unity.visualscripting@1.7.8\Editor\VisualScripting.Core\Dependencies\DotNetZip\Unity.VisualScripting.IonicZip.dll
Native extension for WindowsStandalone target not found
Native extension for Android target not found
Native extension for WebGL target not found
Refreshing native plugins compatible for Editor in 0.45 ms, found 3 plugins.
Preloading 0 native plugins for Editor in 0.00 ms.
Mono: successfully reloaded assembly
- Completed reload, in  0.727 seconds
Domain Reload Profiling:
	ReloadAssembly (728ms)
		BeginReloadAssembly (83ms)
			ExecutionOrderSort (0ms)
			DisableScriptedObjects (3ms)
			BackupInstance (0ms)
			ReleaseScriptingObjects (0ms)
			CreateAndSetChildDomain (22ms)
		EndReloadAssembly (578ms)
			LoadAssemblies (57ms)
			RebuildTransferFunctionScriptingTraits (0ms)
			SetupTypeCache (141ms)
			ReleaseScriptCaches (1ms)
			RebuildScriptCaches (22ms)
			SetupLoadedEditorAssemblies (326ms)
				LogAssemblyErrors (0ms)
				InitializePlatformSupportModulesInManaged (14ms)
				SetLoadedEditorAssemblies (0ms)
				RefreshPlugins (0ms)
				BeforeProcessingInitializeOnLoad (38ms)
				ProcessInitializeOnLoadAttributes (184ms)
				ProcessInitializeOnLoadMethodAttributes (82ms)
				AfterProcessingInitializeOnLoad (7ms)
				EditorAssembliesLoaded (0ms)
			ExecutionOrderSort2 (0ms)
			AwakeInstancesAfterBackupRestoration (3ms)
Platform modules already initialized, skipping
Refreshing native plugins compatible for Editor in 2.68 ms, found 3 plugins.
Preloading 0 native plugins for Editor in 0.00 ms.
Unloading 4715 Unused Serialized files (Serialized files now loaded: 0)
Unloading 44 unused Assets / (28.3 KB). Loaded Objects now: 5483.
Memory consumption went from 173.9 MB to 173.9 MB.
Total: 9.378700 ms (FindLiveObjects: 0.180500 ms CreateObjectMapping: 0.053200 ms MarkObjects: 9.127400 ms  DeleteObjects: 0.017000 ms)

AssetImportParameters requested are different than current active one (requested -> active):
  custom:video-decoder-ogg-theora: a1e56fd34408186e4bbccfd4996cb3dc -> 
  custom:container-muxer-webm: aa71ff27fc2769a1b78a27578f13a17b -> 
  custom:container-demuxer-webm: 4f35f7cbe854078d1ac9338744f61a02 -> 
  custom:video-encoder-webm-vp8: eb34c28f22e8b96e1ab97ce403110664 -> 
  custom:audio-encoder-webm-vorbis: bf7c407c2cedff20999df2af8eb42d56 -> 
  custom:framework-win-MediaFoundation: 216162199b28c13a410421893ffa2e32 -> 
  custom:container-demuxer-ogg: 62fdf1f143b41e24485cea50d1cbac27 -> 
  custom:video-decoder-webm-vp8: 9c59270c3fd7afecdb556c50c9e8de78 -> 
  custom:audio-decoder-ogg-vorbis: bf7c407c2cedff20999df2af8eb42d56 -> 
========================================================================
Received Prepare
Registering precompiled user dll's ...
Registered in 0.019137 seconds.
Begin MonoManager ReloadAssembly
Symbol file LoadedFromMemory doesn't match image F:\UnityProject\Own\Assess\Library\PackageCache\com.unity.visualscripting@1.7.8\Editor\VisualScripting.Core\Dependencies\YamlDotNet\Unity.VisualScripting.YamlDotNet.dll
Symbol file LoadedFromMemory doesn't match image F:\UnityProject\Own\Assess\Library\PackageCache\com.unity.visualscripting@1.7.8\Editor\VisualScripting.Core\Dependencies\DotNetZip\Unity.VisualScripting.IonicZip.dll
Native extension for WindowsStandalone target not found
Native extension for Android target not found
Native extension for WebGL target not found
Refreshing native plugins compatible for Editor in 0.47 ms, found 3 plugins.
Preloading 0 native plugins for Editor in 0.00 ms.
Mono: successfully reloaded assembly
- Completed reload, in  0.722 seconds
Domain Reload Profiling:
	ReloadAssembly (722ms)
		BeginReloadAssembly (83ms)
			ExecutionOrderSort (0ms)
			DisableScriptedObjects (3ms)
			BackupInstance (0ms)
			ReleaseScriptingObjects (0ms)
			CreateAndSetChildDomain (24ms)
		EndReloadAssembly (574ms)
			LoadAssemblies (56ms)
			RebuildTransferFunctionScriptingTraits (0ms)
			SetupTypeCache (142ms)
			ReleaseScriptCaches (1ms)
			RebuildScriptCaches (21ms)
			SetupLoadedEditorAssemblies (322ms)
				LogAssemblyErrors (0ms)
				InitializePlatformSupportModulesInManaged (12ms)
				SetLoadedEditorAssemblies (0ms)
				RefreshPlugins (1ms)
				BeforeProcessingInitializeOnLoad (38ms)
				ProcessInitializeOnLoadAttributes (182ms)
				ProcessInitializeOnLoadMethodAttributes (81ms)
				AfterProcessingInitializeOnLoad (7ms)
				EditorAssembliesLoaded (0ms)
			ExecutionOrderSort2 (0ms)
			AwakeInstancesAfterBackupRestoration (3ms)
Platform modules already initialized, skipping
Refreshing native plugins compatible for Editor in 2.75 ms, found 3 plugins.
Preloading 0 native plugins for Editor in 0.00 ms.
Unloading 4715 Unused Serialized files (Serialized files now loaded: 0)
Unloading 44 unused Assets / (28.3 KB). Loaded Objects now: 5486.
Memory consumption went from 173.9 MB to 173.9 MB.
Total: 9.357500 ms (FindLiveObjects: 0.193500 ms CreateObjectMapping: 0.063500 ms MarkObjects: 9.081600 ms  DeleteObjects: 0.018000 ms)

AssetImportParameters requested are different than current active one (requested -> active):
  custom:video-decoder-ogg-theora: a1e56fd34408186e4bbccfd4996cb3dc -> 
  custom:container-muxer-webm: aa71ff27fc2769a1b78a27578f13a17b -> 
  custom:container-demuxer-webm: 4f35f7cbe854078d1ac9338744f61a02 -> 
  custom:video-encoder-webm-vp8: eb34c28f22e8b96e1ab97ce403110664 -> 
  custom:audio-encoder-webm-vorbis: bf7c407c2cedff20999df2af8eb42d56 -> 
  custom:framework-win-MediaFoundation: 216162199b28c13a410421893ffa2e32 -> 
  custom:container-demuxer-ogg: 62fdf1f143b41e24485cea50d1cbac27 -> 
  custom:video-decoder-webm-vp8: 9c59270c3fd7afecdb556c50c9e8de78 -> 
  custom:audio-decoder-ogg-vorbis: bf7c407c2cedff20999df2af8eb42d56 -> 
========================================================================
Received Import Request.
  Time since last request: 307.305299 seconds.
  path: Assets/GameMain/DataTables/Excels/EntityConfig.xlsx
  artifactKey: Guid(2d4a50eaf5524734f8541cad6df3320e) Importer(815301076,1909f56bfc062723c751e8b465ee728b)
Start importing Assets/GameMain/DataTables/Excels/EntityConfig.xlsx using Guid(2d4a50eaf5524734f8541cad6df3320e) Importer(815301076,1909f56bfc062723c751e8b465ee728b)  -> (artifact id: 'cd19a2e300292a39728b9a08d44d8087') in 0.007823 seconds 
========================================================================
Received Import Request.
  Time since last request: 17.127161 seconds.
  path: Assets/GameMain/DataTables/Excels/Entity.xlsx
  artifactKey: Guid(2d4a50eaf5524734f8541cad6df3320e) Importer(815301076,1909f56bfc062723c751e8b465ee728b)
Start importing Assets/GameMain/DataTables/Excels/Entity.xlsx using Guid(2d4a50eaf5524734f8541cad6df3320e) Importer(815301076,1909f56bfc062723c751e8b465ee728b)  -> (artifact id: 'b748a8a2518659ca8aa9f5c7b84e5493') in 0.001345 seconds 
========================================================================
Received Import Request.
  Time since last request: 0.394358 seconds.
  path: Assets/GameMain/DataTables/Excels/SceneConfig.xlsx
  artifactKey: Guid(b3b1607150605a949b361d146d7c9f78) Importer(815301076,1909f56bfc062723c751e8b465ee728b)
Start importing Assets/GameMain/DataTables/Excels/SceneConfig.xlsx using Guid(b3b1607150605a949b361d146d7c9f78) Importer(815301076,1909f56bfc062723c751e8b465ee728b)  -> (artifact id: 'e47fb1116af08e466ac059d814471574') in 0.002257 seconds 
========================================================================
Received Import Request.
  Time since last request: 2.610155 seconds.
  path: Assets/GameMain/DataTables/Excels/Scene.xlsx
  artifactKey: Guid(b3b1607150605a949b361d146d7c9f78) Importer(815301076,1909f56bfc062723c751e8b465ee728b)
Start importing Assets/GameMain/DataTables/Excels/Scene.xlsx using Guid(b3b1607150605a949b361d146d7c9f78) Importer(815301076,1909f56bfc062723c751e8b465ee728b)  -> (artifact id: 'c3076e1f5600b825ec04f37fd67c4979') in 0.001432 seconds 
========================================================================
Received Import Request.
  Time since last request: 6.124610 seconds.
  path: Assets/GameMain/DataTables/Excels/SoundConfig.xlsx
  artifactKey: Guid(144abe834adeb8a4eba17bc791f0f8b9) Importer(815301076,1909f56bfc062723c751e8b465ee728b)
Start importing Assets/GameMain/DataTables/Excels/SoundConfig.xlsx using Guid(144abe834adeb8a4eba17bc791f0f8b9) Importer(815301076,1909f56bfc062723c751e8b465ee728b)  -> (artifact id: '281f4f087aa31ce126c36dc5146457ef') in 0.001397 seconds 
========================================================================
Received Import Request.
  Time since last request: 2.812300 seconds.
  path: Assets/GameMain/DataTables/Excels/Sound.xlsx
  artifactKey: Guid(144abe834adeb8a4eba17bc791f0f8b9) Importer(815301076,1909f56bfc062723c751e8b465ee728b)
Start importing Assets/GameMain/DataTables/Excels/Sound.xlsx using Guid(144abe834adeb8a4eba17bc791f0f8b9) Importer(815301076,1909f56bfc062723c751e8b465ee728b)  -> (artifact id: 'c5432413eab54cb2a52ef6b14ab0cb8e') in 0.016595 seconds 
========================================================================
Received Import Request.
  Time since last request: 3.122098 seconds.
  path: Assets/GameMain/DataTables/Excels/UIForm.xlsx
  artifactKey: Guid(def03b60a3d9978498832a80dcad965a) Importer(815301076,1909f56bfc062723c751e8b465ee728b)
Start importing Assets/GameMain/DataTables/Excels/UIForm.xlsx using Guid(def03b60a3d9978498832a80dcad965a) Importer(815301076,1909f56bfc062723c751e8b465ee728b)  -> (artifact id: '1d641a1782ef30877463904b6e99e361') in 0.001314 seconds 
========================================================================
Received Import Request.
  Time since last request: 2.968240 seconds.
  path: Assets/GameMain/DataTables/Excels/UISound.xlsx
  artifactKey: Guid(1e98599df2bd0d2428c9641c06a9138e) Importer(815301076,1909f56bfc062723c751e8b465ee728b)
Start importing Assets/GameMain/DataTables/Excels/UISound.xlsx using Guid(1e98599df2bd0d2428c9641c06a9138e) Importer(815301076,1909f56bfc062723c751e8b465ee728b)  -> (artifact id: 'd02f0557e9c09818ab0324091ad233be') in 0.001365 seconds 
========================================================================
Received Prepare
Registering precompiled user dll's ...
Registered in 0.018142 seconds.
Begin MonoManager ReloadAssembly
Symbol file LoadedFromMemory doesn't match image F:\UnityProject\Own\Assess\Library\PackageCache\com.unity.visualscripting@1.7.8\Editor\VisualScripting.Core\Dependencies\YamlDotNet\Unity.VisualScripting.YamlDotNet.dll
Symbol file LoadedFromMemory doesn't match image F:\UnityProject\Own\Assess\Library\PackageCache\com.unity.visualscripting@1.7.8\Editor\VisualScripting.Core\Dependencies\DotNetZip\Unity.VisualScripting.IonicZip.dll
Native extension for WindowsStandalone target not found
Native extension for Android target not found
Native extension for WebGL target not found
Refreshing native plugins compatible for Editor in 0.45 ms, found 3 plugins.
Preloading 0 native plugins for Editor in 0.00 ms.
Mono: successfully reloaded assembly
- Completed reload, in  0.728 seconds
Domain Reload Profiling:
	ReloadAssembly (728ms)
		BeginReloadAssembly (84ms)
			ExecutionOrderSort (0ms)
			DisableScriptedObjects (3ms)
			BackupInstance (0ms)
			ReleaseScriptingObjects (0ms)
			CreateAndSetChildDomain (24ms)
		EndReloadAssembly (581ms)
			LoadAssemblies (61ms)
			RebuildTransferFunctionScriptingTraits (0ms)
			SetupTypeCache (140ms)
			ReleaseScriptCaches (1ms)
			RebuildScriptCaches (22ms)
			SetupLoadedEditorAssemblies (324ms)
				LogAssemblyErrors (0ms)
				InitializePlatformSupportModulesInManaged (13ms)
				SetLoadedEditorAssemblies (0ms)
				RefreshPlugins (0ms)
				BeforeProcessingInitializeOnLoad (39ms)
				ProcessInitializeOnLoadAttributes (176ms)
				ProcessInitializeOnLoadMethodAttributes (88ms)
				AfterProcessingInitializeOnLoad (8ms)
				EditorAssembliesLoaded (0ms)
			ExecutionOrderSort2 (0ms)
			AwakeInstancesAfterBackupRestoration (4ms)
Platform modules already initialized, skipping
Refreshing native plugins compatible for Editor in 2.68 ms, found 3 plugins.
Preloading 0 native plugins for Editor in 0.00 ms.
Unloading 4715 Unused Serialized files (Serialized files now loaded: 0)
Unloading 44 unused Assets / (28.3 KB). Loaded Objects now: 5489.
Memory consumption went from 174.0 MB to 174.0 MB.
Total: 9.332400 ms (FindLiveObjects: 0.178800 ms CreateObjectMapping: 0.063800 ms MarkObjects: 9.072600 ms  DeleteObjects: 0.016500 ms)

AssetImportParameters requested are different than current active one (requested -> active):
  custom:video-decoder-ogg-theora: a1e56fd34408186e4bbccfd4996cb3dc -> 
  custom:container-muxer-webm: aa71ff27fc2769a1b78a27578f13a17b -> 
  custom:container-demuxer-webm: 4f35f7cbe854078d1ac9338744f61a02 -> 
  custom:video-encoder-webm-vp8: eb34c28f22e8b96e1ab97ce403110664 -> 
  custom:audio-encoder-webm-vorbis: bf7c407c2cedff20999df2af8eb42d56 -> 
  custom:framework-win-MediaFoundation: 216162199b28c13a410421893ffa2e32 -> 
  custom:container-demuxer-ogg: 62fdf1f143b41e24485cea50d1cbac27 -> 
  custom:video-decoder-webm-vp8: 9c59270c3fd7afecdb556c50c9e8de78 -> 
  custom:audio-decoder-ogg-vorbis: bf7c407c2cedff20999df2af8eb42d56 -> 
========================================================================
Received Prepare
Registering precompiled user dll's ...
Registered in 0.019545 seconds.
Begin MonoManager ReloadAssembly
Symbol file LoadedFromMemory doesn't match image F:\UnityProject\Own\Assess\Library\PackageCache\com.unity.visualscripting@1.7.8\Editor\VisualScripting.Core\Dependencies\YamlDotNet\Unity.VisualScripting.YamlDotNet.dll
Symbol file LoadedFromMemory doesn't match image F:\UnityProject\Own\Assess\Library\PackageCache\com.unity.visualscripting@1.7.8\Editor\VisualScripting.Core\Dependencies\DotNetZip\Unity.VisualScripting.IonicZip.dll
Native extension for WindowsStandalone target not found
Native extension for Android target not found
Native extension for WebGL target not found
Refreshing native plugins compatible for Editor in 0.59 ms, found 3 plugins.
Preloading 0 native plugins for Editor in 0.00 ms.
Mono: successfully reloaded assembly
- Completed reload, in  0.749 seconds
Domain Reload Profiling:
	ReloadAssembly (749ms)
		BeginReloadAssembly (86ms)
			ExecutionOrderSort (0ms)
			DisableScriptedObjects (2ms)
			BackupInstance (0ms)
			ReleaseScriptingObjects (0ms)
			CreateAndSetChildDomain (22ms)
		EndReloadAssembly (590ms)
			LoadAssemblies (62ms)
			RebuildTransferFunctionScriptingTraits (0ms)
			SetupTypeCache (151ms)
			ReleaseScriptCaches (1ms)
			RebuildScriptCaches (25ms)
			SetupLoadedEditorAssemblies (318ms)
				LogAssemblyErrors (0ms)
				InitializePlatformSupportModulesInManaged (14ms)
				SetLoadedEditorAssemblies (0ms)
				RefreshPlugins (1ms)
				BeforeProcessingInitializeOnLoad (39ms)
				ProcessInitializeOnLoadAttributes (175ms)
				ProcessInitializeOnLoadMethodAttributes (82ms)
				AfterProcessingInitializeOnLoad (7ms)
				EditorAssembliesLoaded (0ms)
			ExecutionOrderSort2 (0ms)
			AwakeInstancesAfterBackupRestoration (4ms)
Platform modules already initialized, skipping
Refreshing native plugins compatible for Editor in 2.80 ms, found 3 plugins.
Preloading 0 native plugins for Editor in 0.00 ms.
Unloading 4715 Unused Serialized files (Serialized files now loaded: 0)
Unloading 44 unused Assets / (28.3 KB). Loaded Objects now: 5492.
Memory consumption went from 174.0 MB to 174.0 MB.
Total: 9.597400 ms (FindLiveObjects: 0.178000 ms CreateObjectMapping: 0.063600 ms MarkObjects: 9.333300 ms  DeleteObjects: 0.021800 ms)

AssetImportParameters requested are different than current active one (requested -> active):
  custom:video-decoder-ogg-theora: a1e56fd34408186e4bbccfd4996cb3dc -> 
  custom:container-muxer-webm: aa71ff27fc2769a1b78a27578f13a17b -> 
  custom:container-demuxer-webm: 4f35f7cbe854078d1ac9338744f61a02 -> 
  custom:video-encoder-webm-vp8: eb34c28f22e8b96e1ab97ce403110664 -> 
  custom:audio-encoder-webm-vorbis: bf7c407c2cedff20999df2af8eb42d56 -> 
  custom:framework-win-MediaFoundation: 216162199b28c13a410421893ffa2e32 -> 
  custom:container-demuxer-ogg: 62fdf1f143b41e24485cea50d1cbac27 -> 
  custom:video-decoder-webm-vp8: 9c59270c3fd7afecdb556c50c9e8de78 -> 
  custom:audio-decoder-ogg-vorbis: bf7c407c2cedff20999df2af8eb42d56 -> 
========================================================================
Received Prepare
Registering precompiled user dll's ...
Registered in 0.020870 seconds.
Begin MonoManager ReloadAssembly
Symbol file LoadedFromMemory doesn't match image F:\UnityProject\Own\Assess\Library\PackageCache\com.unity.visualscripting@1.7.8\Editor\VisualScripting.Core\Dependencies\YamlDotNet\Unity.VisualScripting.YamlDotNet.dll
Symbol file LoadedFromMemory doesn't match image F:\UnityProject\Own\Assess\Library\PackageCache\com.unity.visualscripting@1.7.8\Editor\VisualScripting.Core\Dependencies\DotNetZip\Unity.VisualScripting.IonicZip.dll
Native extension for WindowsStandalone target not found
Native extension for Android target not found
Native extension for WebGL target not found
Refreshing native plugins compatible for Editor in 0.45 ms, found 3 plugins.
Preloading 0 native plugins for Editor in 0.00 ms.
Mono: successfully reloaded assembly
- Completed reload, in  0.731 seconds
Domain Reload Profiling:
	ReloadAssembly (731ms)
		BeginReloadAssembly (87ms)
			ExecutionOrderSort (0ms)
			DisableScriptedObjects (3ms)
			BackupInstance (0ms)
			ReleaseScriptingObjects (0ms)
			CreateAndSetChildDomain (25ms)
		EndReloadAssembly (579ms)
			LoadAssemblies (61ms)
			RebuildTransferFunctionScriptingTraits (0ms)
			SetupTypeCache (140ms)
			ReleaseScriptCaches (1ms)
			RebuildScriptCaches (22ms)
			SetupLoadedEditorAssemblies (324ms)
				LogAssemblyErrors (0ms)
				InitializePlatformSupportModulesInManaged (13ms)
				SetLoadedEditorAssemblies (0ms)
				RefreshPlugins (0ms)
				BeforeProcessingInitializeOnLoad (40ms)
				ProcessInitializeOnLoadAttributes (178ms)
				ProcessInitializeOnLoadMethodAttributes (86ms)
				AfterProcessingInitializeOnLoad (7ms)
				EditorAssembliesLoaded (0ms)
			ExecutionOrderSort2 (0ms)
			AwakeInstancesAfterBackupRestoration (4ms)
Platform modules already initialized, skipping
Refreshing native plugins compatible for Editor in 2.62 ms, found 3 plugins.
Preloading 0 native plugins for Editor in 0.00 ms.
Unloading 4715 Unused Serialized files (Serialized files now loaded: 0)
Unloading 44 unused Assets / (28.4 KB). Loaded Objects now: 5495.
Memory consumption went from 174.0 MB to 174.0 MB.
Total: 9.590400 ms (FindLiveObjects: 0.176600 ms CreateObjectMapping: 0.055200 ms MarkObjects: 9.338400 ms  DeleteObjects: 0.019400 ms)

AssetImportParameters requested are different than current active one (requested -> active):
  custom:video-decoder-ogg-theora: a1e56fd34408186e4bbccfd4996cb3dc -> 
  custom:container-muxer-webm: aa71ff27fc2769a1b78a27578f13a17b -> 
  custom:container-demuxer-webm: 4f35f7cbe854078d1ac9338744f61a02 -> 
  custom:video-encoder-webm-vp8: eb34c28f22e8b96e1ab97ce403110664 -> 
  custom:audio-encoder-webm-vorbis: bf7c407c2cedff20999df2af8eb42d56 -> 
  custom:framework-win-MediaFoundation: 216162199b28c13a410421893ffa2e32 -> 
  custom:container-demuxer-ogg: 62fdf1f143b41e24485cea50d1cbac27 -> 
  custom:video-decoder-webm-vp8: 9c59270c3fd7afecdb556c50c9e8de78 -> 
  custom:audio-decoder-ogg-vorbis: bf7c407c2cedff20999df2af8eb42d56 -> 
========================================================================
Received Prepare
Registering precompiled user dll's ...
Registered in 0.019317 seconds.
Begin MonoManager ReloadAssembly
Symbol file LoadedFromMemory doesn't match image F:\UnityProject\Own\Assess\Library\PackageCache\com.unity.visualscripting@1.7.8\Editor\VisualScripting.Core\Dependencies\YamlDotNet\Unity.VisualScripting.YamlDotNet.dll
Symbol file LoadedFromMemory doesn't match image F:\UnityProject\Own\Assess\Library\PackageCache\com.unity.visualscripting@1.7.8\Editor\VisualScripting.Core\Dependencies\DotNetZip\Unity.VisualScripting.IonicZip.dll
Native extension for WindowsStandalone target not found
Native extension for Android target not found
Native extension for WebGL target not found
Refreshing native plugins compatible for Editor in 0.46 ms, found 3 plugins.
Preloading 0 native plugins for Editor in 0.00 ms.
Mono: successfully reloaded assembly
- Completed reload, in  0.723 seconds
Domain Reload Profiling:
	ReloadAssembly (723ms)
		BeginReloadAssembly (83ms)
			ExecutionOrderSort (0ms)
			DisableScriptedObjects (3ms)
			BackupInstance (0ms)
			ReleaseScriptingObjects (0ms)
			CreateAndSetChildDomain (23ms)
		EndReloadAssembly (575ms)
			LoadAssemblies (56ms)
			RebuildTransferFunctionScriptingTraits (0ms)
			SetupTypeCache (139ms)
			ReleaseScriptCaches (1ms)
			RebuildScriptCaches (22ms)
			SetupLoadedEditorAssemblies (325ms)
				LogAssemblyErrors (0ms)
				InitializePlatformSupportModulesInManaged (13ms)
				SetLoadedEditorAssemblies (0ms)
				RefreshPlugins (0ms)
				BeforeProcessingInitializeOnLoad (38ms)
				ProcessInitializeOnLoadAttributes (181ms)
				ProcessInitializeOnLoadMethodAttributes (84ms)
				AfterProcessingInitializeOnLoad (7ms)
				EditorAssembliesLoaded (0ms)
			ExecutionOrderSort2 (0ms)
			AwakeInstancesAfterBackupRestoration (4ms)
Platform modules already initialized, skipping
Refreshing native plugins compatible for Editor in 2.91 ms, found 3 plugins.
Preloading 0 native plugins for Editor in 0.00 ms.
Unloading 4715 Unused Serialized files (Serialized files now loaded: 0)
Unloading 44 unused Assets / (28.4 KB). Loaded Objects now: 5498.
Memory consumption went from 174.0 MB to 174.0 MB.
Total: 9.637700 ms (FindLiveObjects: 0.196000 ms CreateObjectMapping: 0.064500 ms MarkObjects: 9.356800 ms  DeleteObjects: 0.019600 ms)

AssetImportParameters requested are different than current active one (requested -> active):
  custom:video-decoder-ogg-theora: a1e56fd34408186e4bbccfd4996cb3dc -> 
  custom:container-muxer-webm: aa71ff27fc2769a1b78a27578f13a17b -> 
  custom:container-demuxer-webm: 4f35f7cbe854078d1ac9338744f61a02 -> 
  custom:video-encoder-webm-vp8: eb34c28f22e8b96e1ab97ce403110664 -> 
  custom:audio-encoder-webm-vorbis: bf7c407c2cedff20999df2af8eb42d56 -> 
  custom:framework-win-MediaFoundation: 216162199b28c13a410421893ffa2e32 -> 
  custom:container-demuxer-ogg: 62fdf1f143b41e24485cea50d1cbac27 -> 
  custom:video-decoder-webm-vp8: 9c59270c3fd7afecdb556c50c9e8de78 -> 
  custom:audio-decoder-ogg-vorbis: bf7c407c2cedff20999df2af8eb42d56 -> 
========================================================================
Received Prepare
Registering precompiled user dll's ...
Registered in 0.018311 seconds.
Begin MonoManager ReloadAssembly
Symbol file LoadedFromMemory doesn't match image F:\UnityProject\Own\Assess\Library\PackageCache\com.unity.visualscripting@1.7.8\Editor\VisualScripting.Core\Dependencies\YamlDotNet\Unity.VisualScripting.YamlDotNet.dll
Symbol file LoadedFromMemory doesn't match image F:\UnityProject\Own\Assess\Library\PackageCache\com.unity.visualscripting@1.7.8\Editor\VisualScripting.Core\Dependencies\DotNetZip\Unity.VisualScripting.IonicZip.dll
Native extension for WindowsStandalone target not found
Native extension for Android target not found
Native extension for WebGL target not found
Refreshing native plugins compatible for Editor in 0.46 ms, found 3 plugins.
Preloading 0 native plugins for Editor in 0.00 ms.
Mono: successfully reloaded assembly
- Completed reload, in  0.782 seconds
Domain Reload Profiling:
	ReloadAssembly (782ms)
		BeginReloadAssembly (86ms)
			ExecutionOrderSort (0ms)
			DisableScriptedObjects (3ms)
			BackupInstance (0ms)
			ReleaseScriptingObjects (0ms)
			CreateAndSetChildDomain (24ms)
		EndReloadAssembly (624ms)
			LoadAssemblies (63ms)
			RebuildTransferFunctionScriptingTraits (0ms)
			SetupTypeCache (165ms)
			ReleaseScriptCaches (1ms)
			RebuildScriptCaches (22ms)
			SetupLoadedEditorAssemblies (343ms)
				LogAssemblyErrors (0ms)
				InitializePlatformSupportModulesInManaged (13ms)
				SetLoadedEditorAssemblies (0ms)
				RefreshPlugins (0ms)
				BeforeProcessingInitializeOnLoad (41ms)
				ProcessInitializeOnLoadAttributes (193ms)
				ProcessInitializeOnLoadMethodAttributes (88ms)
				AfterProcessingInitializeOnLoad (8ms)
				EditorAssembliesLoaded (0ms)
			ExecutionOrderSort2 (0ms)
			AwakeInstancesAfterBackupRestoration (4ms)
Platform modules already initialized, skipping
Refreshing native plugins compatible for Editor in 2.99 ms, found 3 plugins.
Preloading 0 native plugins for Editor in 0.00 ms.
Unloading 4715 Unused Serialized files (Serialized files now loaded: 0)
Unloading 44 unused Assets / (28.4 KB). Loaded Objects now: 5501.
Memory consumption went from 174.0 MB to 174.0 MB.
Total: 10.076500 ms (FindLiveObjects: 0.184600 ms CreateObjectMapping: 0.065000 ms MarkObjects: 9.802600 ms  DeleteObjects: 0.023100 ms)

AssetImportParameters requested are different than current active one (requested -> active):
  custom:video-decoder-ogg-theora: a1e56fd34408186e4bbccfd4996cb3dc -> 
  custom:container-muxer-webm: aa71ff27fc2769a1b78a27578f13a17b -> 
  custom:container-demuxer-webm: 4f35f7cbe854078d1ac9338744f61a02 -> 
  custom:video-encoder-webm-vp8: eb34c28f22e8b96e1ab97ce403110664 -> 
  custom:audio-encoder-webm-vorbis: bf7c407c2cedff20999df2af8eb42d56 -> 
  custom:framework-win-MediaFoundation: 216162199b28c13a410421893ffa2e32 -> 
  custom:container-demuxer-ogg: 62fdf1f143b41e24485cea50d1cbac27 -> 
  custom:video-decoder-webm-vp8: 9c59270c3fd7afecdb556c50c9e8de78 -> 
  custom:audio-decoder-ogg-vorbis: bf7c407c2cedff20999df2af8eb42d56 -> 
========================================================================
Received Prepare
Registering precompiled user dll's ...
Registered in 0.018417 seconds.
Begin MonoManager ReloadAssembly
Symbol file LoadedFromMemory doesn't match image F:\UnityProject\Own\Assess\Library\PackageCache\com.unity.visualscripting@1.7.8\Editor\VisualScripting.Core\Dependencies\YamlDotNet\Unity.VisualScripting.YamlDotNet.dll
Symbol file LoadedFromMemory doesn't match image F:\UnityProject\Own\Assess\Library\PackageCache\com.unity.visualscripting@1.7.8\Editor\VisualScripting.Core\Dependencies\DotNetZip\Unity.VisualScripting.IonicZip.dll
Native extension for WindowsStandalone target not found
Native extension for Android target not found
Native extension for WebGL target not found
Refreshing native plugins compatible for Editor in 0.47 ms, found 3 plugins.
Preloading 0 native plugins for Editor in 0.00 ms.
Mono: successfully reloaded assembly
- Completed reload, in  0.712 seconds
Domain Reload Profiling:
	ReloadAssembly (713ms)
		BeginReloadAssembly (81ms)
			ExecutionOrderSort (0ms)
			DisableScriptedObjects (2ms)
			BackupInstance (0ms)
			ReleaseScriptingObjects (0ms)
			CreateAndSetChildDomain (22ms)
		EndReloadAssembly (567ms)
			LoadAssemblies (56ms)
			RebuildTransferFunctionScriptingTraits (0ms)
			SetupTypeCache (141ms)
			ReleaseScriptCaches (1ms)
			RebuildScriptCaches (23ms)
			SetupLoadedEditorAssemblies (316ms)
				LogAssemblyErrors (0ms)
				InitializePlatformSupportModulesInManaged (13ms)
				SetLoadedEditorAssemblies (0ms)
				RefreshPlugins (1ms)
				BeforeProcessingInitializeOnLoad (38ms)
				ProcessInitializeOnLoadAttributes (171ms)
				ProcessInitializeOnLoadMethodAttributes (86ms)
				AfterProcessingInitializeOnLoad (7ms)
				EditorAssembliesLoaded (0ms)
			ExecutionOrderSort2 (0ms)
			AwakeInstancesAfterBackupRestoration (3ms)
Platform modules already initialized, skipping
Refreshing native plugins compatible for Editor in 2.89 ms, found 3 plugins.
Preloading 0 native plugins for Editor in 0.00 ms.
Unloading 4715 Unused Serialized files (Serialized files now loaded: 0)
Unloading 44 unused Assets / (28.3 KB). Loaded Objects now: 5504.
Memory consumption went from 174.0 MB to 174.0 MB.
Total: 9.445500 ms (FindLiveObjects: 0.177900 ms CreateObjectMapping: 0.053300 ms MarkObjects: 9.196700 ms  DeleteObjects: 0.016800 ms)

AssetImportParameters requested are different than current active one (requested -> active):
  custom:video-decoder-ogg-theora: a1e56fd34408186e4bbccfd4996cb3dc -> 
  custom:container-muxer-webm: aa71ff27fc2769a1b78a27578f13a17b -> 
  custom:container-demuxer-webm: 4f35f7cbe854078d1ac9338744f61a02 -> 
  custom:video-encoder-webm-vp8: eb34c28f22e8b96e1ab97ce403110664 -> 
  custom:audio-encoder-webm-vorbis: bf7c407c2cedff20999df2af8eb42d56 -> 
  custom:framework-win-MediaFoundation: 216162199b28c13a410421893ffa2e32 -> 
  custom:container-demuxer-ogg: 62fdf1f143b41e24485cea50d1cbac27 -> 
  custom:video-decoder-webm-vp8: 9c59270c3fd7afecdb556c50c9e8de78 -> 
  custom:audio-decoder-ogg-vorbis: bf7c407c2cedff20999df2af8eb42d56 -> 
========================================================================
Received Prepare
Registering precompiled user dll's ...
Registered in 0.021386 seconds.
Begin MonoManager ReloadAssembly
Symbol file LoadedFromMemory doesn't match image F:\UnityProject\Own\Assess\Library\PackageCache\com.unity.visualscripting@1.7.8\Editor\VisualScripting.Core\Dependencies\YamlDotNet\Unity.VisualScripting.YamlDotNet.dll
Symbol file LoadedFromMemory doesn't match image F:\UnityProject\Own\Assess\Library\PackageCache\com.unity.visualscripting@1.7.8\Editor\VisualScripting.Core\Dependencies\DotNetZip\Unity.VisualScripting.IonicZip.dll
Native extension for WindowsStandalone target not found
Native extension for Android target not found
Native extension for WebGL target not found
Refreshing native plugins compatible for Editor in 0.45 ms, found 3 plugins.
Preloading 0 native plugins for Editor in 0.00 ms.
Mono: successfully reloaded assembly
- Completed reload, in  0.744 seconds
Domain Reload Profiling:
	ReloadAssembly (745ms)
		BeginReloadAssembly (88ms)
			ExecutionOrderSort (0ms)
			DisableScriptedObjects (3ms)
			BackupInstance (0ms)
			ReleaseScriptingObjects (0ms)
			CreateAndSetChildDomain (23ms)
		EndReloadAssembly (582ms)
			LoadAssemblies (65ms)
			RebuildTransferFunctionScriptingTraits (0ms)
			SetupTypeCache (153ms)
			ReleaseScriptCaches (1ms)
			RebuildScriptCaches (22ms)
			SetupLoadedEditorAssemblies (311ms)
				LogAssemblyErrors (0ms)
				InitializePlatformSupportModulesInManaged (12ms)
				SetLoadedEditorAssemblies (0ms)
				RefreshPlugins (0ms)
				BeforeProcessingInitializeOnLoad (37ms)
				ProcessInitializeOnLoadAttributes (171ms)
				ProcessInitializeOnLoadMethodAttributes (81ms)
				AfterProcessingInitializeOnLoad (8ms)
				EditorAssembliesLoaded (0ms)
			ExecutionOrderSort2 (0ms)
			AwakeInstancesAfterBackupRestoration (4ms)
Platform modules already initialized, skipping
Refreshing native plugins compatible for Editor in 2.81 ms, found 3 plugins.
Preloading 0 native plugins for Editor in 0.00 ms.
Unloading 4715 Unused Serialized files (Serialized files now loaded: 0)
Unloading 44 unused Assets / (28.3 KB). Loaded Objects now: 5507.
Memory consumption went from 174.0 MB to 174.0 MB.
Total: 9.837400 ms (FindLiveObjects: 0.180500 ms CreateObjectMapping: 0.066700 ms MarkObjects: 9.569600 ms  DeleteObjects: 0.019500 ms)

AssetImportParameters requested are different than current active one (requested -> active):
  custom:video-decoder-ogg-theora: a1e56fd34408186e4bbccfd4996cb3dc -> 
  custom:container-muxer-webm: aa71ff27fc2769a1b78a27578f13a17b -> 
  custom:container-demuxer-webm: 4f35f7cbe854078d1ac9338744f61a02 -> 
  custom:video-encoder-webm-vp8: eb34c28f22e8b96e1ab97ce403110664 -> 
  custom:audio-encoder-webm-vorbis: bf7c407c2cedff20999df2af8eb42d56 -> 
  custom:framework-win-MediaFoundation: 216162199b28c13a410421893ffa2e32 -> 
  custom:container-demuxer-ogg: 62fdf1f143b41e24485cea50d1cbac27 -> 
  custom:video-decoder-webm-vp8: 9c59270c3fd7afecdb556c50c9e8de78 -> 
  custom:audio-decoder-ogg-vorbis: bf7c407c2cedff20999df2af8eb42d56 -> 
========================================================================
Received Prepare
Registering precompiled user dll's ...
Registered in 0.018991 seconds.
Begin MonoManager ReloadAssembly
Symbol file LoadedFromMemory doesn't match image F:\UnityProject\Own\Assess\Library\PackageCache\com.unity.visualscripting@1.7.8\Editor\VisualScripting.Core\Dependencies\YamlDotNet\Unity.VisualScripting.YamlDotNet.dll
Symbol file LoadedFromMemory doesn't match image F:\UnityProject\Own\Assess\Library\PackageCache\com.unity.visualscripting@1.7.8\Editor\VisualScripting.Core\Dependencies\DotNetZip\Unity.VisualScripting.IonicZip.dll
Native extension for WindowsStandalone target not found
Native extension for Android target not found
Native extension for WebGL target not found
Refreshing native plugins compatible for Editor in 0.46 ms, found 3 plugins.
Preloading 0 native plugins for Editor in 0.00 ms.
Mono: successfully reloaded assembly
- Completed reload, in  0.737 seconds
Domain Reload Profiling:
	ReloadAssembly (737ms)
		BeginReloadAssembly (83ms)
			ExecutionOrderSort (0ms)
			DisableScriptedObjects (2ms)
			BackupInstance (0ms)
			ReleaseScriptingObjects (0ms)
			CreateAndSetChildDomain (24ms)
		EndReloadAssembly (587ms)
			LoadAssemblies (61ms)
			RebuildTransferFunctionScriptingTraits (0ms)
			SetupTypeCache (142ms)
			ReleaseScriptCaches (1ms)
			RebuildScriptCaches (25ms)
			SetupLoadedEditorAssemblies (325ms)
				LogAssemblyErrors (0ms)
				InitializePlatformSupportModulesInManaged (12ms)
				SetLoadedEditorAssemblies (0ms)
				RefreshPlugins (0ms)
				BeforeProcessingInitializeOnLoad (37ms)
				ProcessInitializeOnLoadAttributes (176ms)
				ProcessInitializeOnLoadMethodAttributes (89ms)
				AfterProcessingInitializeOnLoad (9ms)
				EditorAssembliesLoaded (0ms)
			ExecutionOrderSort2 (0ms)
			AwakeInstancesAfterBackupRestoration (4ms)
Platform modules already initialized, skipping
Refreshing native plugins compatible for Editor in 3.01 ms, found 3 plugins.
Preloading 0 native plugins for Editor in 0.00 ms.
Unloading 4715 Unused Serialized files (Serialized files now loaded: 0)
Unloading 44 unused Assets / (28.3 KB). Loaded Objects now: 5510.
Memory consumption went from 174.0 MB to 174.0 MB.
Total: 9.997700 ms (FindLiveObjects: 0.197500 ms CreateObjectMapping: 0.066100 ms MarkObjects: 9.710100 ms  DeleteObjects: 0.023000 ms)

AssetImportParameters requested are different than current active one (requested -> active):
  custom:video-decoder-ogg-theora: a1e56fd34408186e4bbccfd4996cb3dc -> 
  custom:container-muxer-webm: aa71ff27fc2769a1b78a27578f13a17b -> 
  custom:container-demuxer-webm: 4f35f7cbe854078d1ac9338744f61a02 -> 
  custom:video-encoder-webm-vp8: eb34c28f22e8b96e1ab97ce403110664 -> 
  custom:audio-encoder-webm-vorbis: bf7c407c2cedff20999df2af8eb42d56 -> 
  custom:framework-win-MediaFoundation: 216162199b28c13a410421893ffa2e32 -> 
  custom:container-demuxer-ogg: 62fdf1f143b41e24485cea50d1cbac27 -> 
  custom:video-decoder-webm-vp8: 9c59270c3fd7afecdb556c50c9e8de78 -> 
  custom:audio-decoder-ogg-vorbis: bf7c407c2cedff20999df2af8eb42d56 -> 
========================================================================
Received Prepare
Registering precompiled user dll's ...
Registered in 0.018676 seconds.
Begin MonoManager ReloadAssembly
Symbol file LoadedFromMemory doesn't match image F:\UnityProject\Own\Assess\Library\PackageCache\com.unity.visualscripting@1.7.8\Editor\VisualScripting.Core\Dependencies\YamlDotNet\Unity.VisualScripting.YamlDotNet.dll
Symbol file LoadedFromMemory doesn't match image F:\UnityProject\Own\Assess\Library\PackageCache\com.unity.visualscripting@1.7.8\Editor\VisualScripting.Core\Dependencies\DotNetZip\Unity.VisualScripting.IonicZip.dll
Native extension for WindowsStandalone target not found
Native extension for Android target not found
Native extension for WebGL target not found
Refreshing native plugins compatible for Editor in 0.44 ms, found 3 plugins.
Preloading 0 native plugins for Editor in 0.00 ms.
Mono: successfully reloaded assembly
- Completed reload, in  0.708 seconds
Domain Reload Profiling:
	ReloadAssembly (708ms)
		BeginReloadAssembly (83ms)
			ExecutionOrderSort (0ms)
			DisableScriptedObjects (3ms)
			BackupInstance (0ms)
			ReleaseScriptingObjects (0ms)
			CreateAndSetChildDomain (23ms)
		EndReloadAssembly (558ms)
			LoadAssemblies (56ms)
			RebuildTransferFunctionScriptingTraits (0ms)
			SetupTypeCache (138ms)
			ReleaseScriptCaches (1ms)
			RebuildScriptCaches (21ms)
			SetupLoadedEditorAssemblies (312ms)
				LogAssemblyErrors (0ms)
				InitializePlatformSupportModulesInManaged (13ms)
				SetLoadedEditorAssemblies (0ms)
				RefreshPlugins (0ms)
				BeforeProcessingInitializeOnLoad (38ms)
				ProcessInitializeOnLoadAttributes (171ms)
				ProcessInitializeOnLoadMethodAttributes (82ms)
				AfterProcessingInitializeOnLoad (7ms)
				EditorAssembliesLoaded (0ms)
			ExecutionOrderSort2 (0ms)
			AwakeInstancesAfterBackupRestoration (3ms)
Platform modules already initialized, skipping
Refreshing native plugins compatible for Editor in 2.53 ms, found 3 plugins.
Preloading 0 native plugins for Editor in 0.00 ms.
Unloading 4715 Unused Serialized files (Serialized files now loaded: 0)
Unloading 44 unused Assets / (28.4 KB). Loaded Objects now: 5513.
Memory consumption went from 174.1 MB to 174.0 MB.
Total: 9.559400 ms (FindLiveObjects: 0.175100 ms CreateObjectMapping: 0.067300 ms MarkObjects: 9.299400 ms  DeleteObjects: 0.016900 ms)

AssetImportParameters requested are different than current active one (requested -> active):
  custom:video-decoder-ogg-theora: a1e56fd34408186e4bbccfd4996cb3dc -> 
  custom:container-muxer-webm: aa71ff27fc2769a1b78a27578f13a17b -> 
  custom:container-demuxer-webm: 4f35f7cbe854078d1ac9338744f61a02 -> 
  custom:video-encoder-webm-vp8: eb34c28f22e8b96e1ab97ce403110664 -> 
  custom:audio-encoder-webm-vorbis: bf7c407c2cedff20999df2af8eb42d56 -> 
  custom:framework-win-MediaFoundation: 216162199b28c13a410421893ffa2e32 -> 
  custom:container-demuxer-ogg: 62fdf1f143b41e24485cea50d1cbac27 -> 
  custom:video-decoder-webm-vp8: 9c59270c3fd7afecdb556c50c9e8de78 -> 
  custom:audio-decoder-ogg-vorbis: bf7c407c2cedff20999df2af8eb42d56 -> 
========================================================================
Received Prepare
Registering precompiled user dll's ...
Registered in 0.019808 seconds.
Begin MonoManager ReloadAssembly
Symbol file LoadedFromMemory doesn't match image F:\UnityProject\Own\Assess\Library\PackageCache\com.unity.visualscripting@1.7.8\Editor\VisualScripting.Core\Dependencies\YamlDotNet\Unity.VisualScripting.YamlDotNet.dll
Symbol file LoadedFromMemory doesn't match image F:\UnityProject\Own\Assess\Library\PackageCache\com.unity.visualscripting@1.7.8\Editor\VisualScripting.Core\Dependencies\DotNetZip\Unity.VisualScripting.IonicZip.dll
Native extension for WindowsStandalone target not found
Native extension for Android target not found
Native extension for WebGL target not found
Refreshing native plugins compatible for Editor in 0.54 ms, found 3 plugins.
Preloading 0 native plugins for Editor in 0.00 ms.
Mono: successfully reloaded assembly
- Completed reload, in  0.736 seconds
Domain Reload Profiling:
	ReloadAssembly (737ms)
		BeginReloadAssembly (85ms)
			ExecutionOrderSort (0ms)
			DisableScriptedObjects (3ms)
			BackupInstance (0ms)
			ReleaseScriptingObjects (0ms)
			CreateAndSetChildDomain (24ms)
		EndReloadAssembly (585ms)
			LoadAssemblies (62ms)
			RebuildTransferFunctionScriptingTraits (0ms)
			SetupTypeCache (141ms)
			ReleaseScriptCaches (1ms)
			RebuildScriptCaches (22ms)
			SetupLoadedEditorAssemblies (328ms)
				LogAssemblyErrors (0ms)
				InitializePlatformSupportModulesInManaged (12ms)
				SetLoadedEditorAssemblies (0ms)
				RefreshPlugins (1ms)
				BeforeProcessingInitializeOnLoad (37ms)
				ProcessInitializeOnLoadAttributes (181ms)
				ProcessInitializeOnLoadMethodAttributes (89ms)
				AfterProcessingInitializeOnLoad (8ms)
				EditorAssembliesLoaded (0ms)
			ExecutionOrderSort2 (0ms)
			AwakeInstancesAfterBackupRestoration (4ms)
Platform modules already initialized, skipping
Refreshing native plugins compatible for Editor in 2.82 ms, found 3 plugins.
Preloading 0 native plugins for Editor in 0.00 ms.
Unloading 4715 Unused Serialized files (Serialized files now loaded: 0)
Unloading 44 unused Assets / (28.4 KB). Loaded Objects now: 5516.
Memory consumption went from 174.1 MB to 174.0 MB.
Total: 9.999100 ms (FindLiveObjects: 0.178600 ms CreateObjectMapping: 0.051900 ms MarkObjects: 9.749300 ms  DeleteObjects: 0.018700 ms)

AssetImportParameters requested are different than current active one (requested -> active):
  custom:video-decoder-ogg-theora: a1e56fd34408186e4bbccfd4996cb3dc -> 
  custom:container-muxer-webm: aa71ff27fc2769a1b78a27578f13a17b -> 
  custom:container-demuxer-webm: 4f35f7cbe854078d1ac9338744f61a02 -> 
  custom:video-encoder-webm-vp8: eb34c28f22e8b96e1ab97ce403110664 -> 
  custom:audio-encoder-webm-vorbis: bf7c407c2cedff20999df2af8eb42d56 -> 
  custom:framework-win-MediaFoundation: 216162199b28c13a410421893ffa2e32 -> 
  custom:container-demuxer-ogg: 62fdf1f143b41e24485cea50d1cbac27 -> 
  custom:video-decoder-webm-vp8: 9c59270c3fd7afecdb556c50c9e8de78 -> 
  custom:audio-decoder-ogg-vorbis: bf7c407c2cedff20999df2af8eb42d56 -> 
========================================================================
Received Prepare
Registering precompiled user dll's ...
Registered in 0.019419 seconds.
Begin MonoManager ReloadAssembly
Symbol file LoadedFromMemory doesn't match image F:\UnityProject\Own\Assess\Library\PackageCache\com.unity.visualscripting@1.7.8\Editor\VisualScripting.Core\Dependencies\YamlDotNet\Unity.VisualScripting.YamlDotNet.dll
Symbol file LoadedFromMemory doesn't match image F:\UnityProject\Own\Assess\Library\PackageCache\com.unity.visualscripting@1.7.8\Editor\VisualScripting.Core\Dependencies\DotNetZip\Unity.VisualScripting.IonicZip.dll
Native extension for WindowsStandalone target not found
Native extension for Android target not found
Native extension for WebGL target not found
Refreshing native plugins compatible for Editor in 0.45 ms, found 3 plugins.
Preloading 0 native plugins for Editor in 0.00 ms.
Mono: successfully reloaded assembly
- Completed reload, in  0.739 seconds
Domain Reload Profiling:
	ReloadAssembly (740ms)
		BeginReloadAssembly (85ms)
			ExecutionOrderSort (0ms)
			DisableScriptedObjects (2ms)
			BackupInstance (0ms)
			ReleaseScriptingObjects (0ms)
			CreateAndSetChildDomain (23ms)
		EndReloadAssembly (586ms)
			LoadAssemblies (61ms)
			RebuildTransferFunctionScriptingTraits (0ms)
			SetupTypeCache (143ms)
			ReleaseScriptCaches (1ms)
			RebuildScriptCaches (22ms)
			SetupLoadedEditorAssemblies (329ms)
				LogAssemblyErrors (0ms)
				InitializePlatformSupportModulesInManaged (13ms)
				SetLoadedEditorAssemblies (0ms)
				RefreshPlugins (0ms)
				BeforeProcessingInitializeOnLoad (39ms)
				ProcessInitializeOnLoadAttributes (184ms)
				ProcessInitializeOnLoadMethodAttributes (84ms)
				AfterProcessingInitializeOnLoad (7ms)
				EditorAssembliesLoaded (0ms)
			ExecutionOrderSort2 (0ms)
			AwakeInstancesAfterBackupRestoration (4ms)
Platform modules already initialized, skipping
Refreshing native plugins compatible for Editor in 3.06 ms, found 3 plugins.
Preloading 0 native plugins for Editor in 0.00 ms.
Unloading 4715 Unused Serialized files (Serialized files now loaded: 0)
Unloading 44 unused Assets / (28.4 KB). Loaded Objects now: 5519.
Memory consumption went from 174.1 MB to 174.0 MB.
Total: 9.756000 ms (FindLiveObjects: 0.202000 ms CreateObjectMapping: 0.064800 ms MarkObjects: 9.467200 ms  DeleteObjects: 0.021000 ms)

AssetImportParameters requested are different than current active one (requested -> active):
  custom:video-decoder-ogg-theora: a1e56fd34408186e4bbccfd4996cb3dc -> 
  custom:container-muxer-webm: aa71ff27fc2769a1b78a27578f13a17b -> 
  custom:container-demuxer-webm: 4f35f7cbe854078d1ac9338744f61a02 -> 
  custom:video-encoder-webm-vp8: eb34c28f22e8b96e1ab97ce403110664 -> 
  custom:audio-encoder-webm-vorbis: bf7c407c2cedff20999df2af8eb42d56 -> 
  custom:framework-win-MediaFoundation: 216162199b28c13a410421893ffa2e32 -> 
  custom:container-demuxer-ogg: 62fdf1f143b41e24485cea50d1cbac27 -> 
  custom:video-decoder-webm-vp8: 9c59270c3fd7afecdb556c50c9e8de78 -> 
  custom:audio-decoder-ogg-vorbis: bf7c407c2cedff20999df2af8eb42d56 -> 
========================================================================
Received Import Request.
  Time since last request: 541.883291 seconds.
  path: Assets/GameMain/DataTables/Excels/UIForm.txt
  artifactKey: Guid(8494aa5f99bb99943a362f1abdd9ce8b) Importer(815301076,1909f56bfc062723c751e8b465ee728b)
Start importing Assets/GameMain/DataTables/Excels/UIForm.txt using Guid(8494aa5f99bb99943a362f1abdd9ce8b) Importer(815301076,1909f56bfc062723c751e8b465ee728b)  -> (artifact id: '8659f1e9ab55c4fdc440888735948f7a') in 0.012073 seconds 
========================================================================
Received Import Request.
  Time since last request: 8.406437 seconds.
  path: Assets/GameMain/DataTables/Excels/UISound.txt
  artifactKey: Guid(d0fb713f4be5d96448c7dffdbeb6c1e0) Importer(815301076,1909f56bfc062723c751e8b465ee728b)
Start importing Assets/GameMain/DataTables/Excels/UISound.txt using Guid(d0fb713f4be5d96448c7dffdbeb6c1e0) Importer(815301076,1909f56bfc062723c751e8b465ee728b)  -> (artifact id: 'aef1a22d40008fe13f7ef70dc0a413be') in 0.001406 seconds 
========================================================================
Received Import Request.
  Time since last request: 1.075620 seconds.
  path: Assets/GameMain/DataTables/Excels/Sound.txt
  artifactKey: Guid(baf89edfba55f0841b1647c332759265) Importer(815301076,1909f56bfc062723c751e8b465ee728b)
Start importing Assets/GameMain/DataTables/Excels/Sound.txt using Guid(baf89edfba55f0841b1647c332759265) Importer(815301076,1909f56bfc062723c751e8b465ee728b)  -> (artifact id: '916722543a1baf6188150a5f48c17b77') in 0.001408 seconds 
========================================================================
Received Import Request.
  Time since last request: 0.666850 seconds.
  path: Assets/GameMain/DataTables/Excels/Scene.txt
  artifactKey: Guid(9444f9538479a0748922744fe89f9c51) Importer(815301076,1909f56bfc062723c751e8b465ee728b)
Start importing Assets/GameMain/DataTables/Excels/Scene.txt using Guid(9444f9538479a0748922744fe89f9c51) Importer(815301076,1909f56bfc062723c751e8b465ee728b)  -> (artifact id: 'eb3650a16d896cd15d255fea564453d4') in 0.001457 seconds 
========================================================================
Received Import Request.
  Time since last request: 1.081808 seconds.
  path: Assets/GameMain/DataTables/Excels/Entity.txt
  artifactKey: Guid(22674a058d4220d4ea0d105fd5f034c6) Importer(815301076,1909f56bfc062723c751e8b465ee728b)
Start importing Assets/GameMain/DataTables/Excels/Entity.txt using Guid(22674a058d4220d4ea0d105fd5f034c6) Importer(815301076,1909f56bfc062723c751e8b465ee728b)  -> (artifact id: 'e7d08cdd4de3c9544e92214362722928') in 0.001465 seconds 
========================================================================
Received Prepare
Registering precompiled user dll's ...
Registered in 0.019318 seconds.
Begin MonoManager ReloadAssembly
Symbol file LoadedFromMemory doesn't match image F:\UnityProject\Own\Assess\Library\PackageCache\com.unity.visualscripting@1.7.8\Editor\VisualScripting.Core\Dependencies\YamlDotNet\Unity.VisualScripting.YamlDotNet.dll
Symbol file LoadedFromMemory doesn't match image F:\UnityProject\Own\Assess\Library\PackageCache\com.unity.visualscripting@1.7.8\Editor\VisualScripting.Core\Dependencies\DotNetZip\Unity.VisualScripting.IonicZip.dll
Native extension for WindowsStandalone target not found
Native extension for Android target not found
Native extension for WebGL target not found
Refreshing native plugins compatible for Editor in 0.46 ms, found 3 plugins.
Preloading 0 native plugins for Editor in 0.00 ms.
Mono: successfully reloaded assembly
- Completed reload, in  0.736 seconds
Domain Reload Profiling:
	ReloadAssembly (736ms)
		BeginReloadAssembly (84ms)
			ExecutionOrderSort (0ms)
			DisableScriptedObjects (3ms)
			BackupInstance (0ms)
			ReleaseScriptingObjects (0ms)
			CreateAndSetChildDomain (23ms)
		EndReloadAssembly (582ms)
			LoadAssemblies (59ms)
			RebuildTransferFunctionScriptingTraits (0ms)
			SetupTypeCache (140ms)
			ReleaseScriptCaches (1ms)
			RebuildScriptCaches (22ms)
			SetupLoadedEditorAssemblies (326ms)
				LogAssemblyErrors (0ms)
				InitializePlatformSupportModulesInManaged (12ms)
				SetLoadedEditorAssemblies (0ms)
				RefreshPlugins (1ms)
				BeforeProcessingInitializeOnLoad (39ms)
				ProcessInitializeOnLoadAttributes (181ms)
				ProcessInitializeOnLoadMethodAttributes (85ms)
				AfterProcessingInitializeOnLoad (8ms)
				EditorAssembliesLoaded (0ms)
			ExecutionOrderSort2 (0ms)
			AwakeInstancesAfterBackupRestoration (4ms)
Platform modules already initialized, skipping
Refreshing native plugins compatible for Editor in 2.57 ms, found 3 plugins.
Preloading 0 native plugins for Editor in 0.00 ms.
Unloading 4715 Unused Serialized files (Serialized files now loaded: 0)
Unloading 44 unused Assets / (28.3 KB). Loaded Objects now: 5522.
Memory consumption went from 174.1 MB to 174.0 MB.
Total: 9.495200 ms (FindLiveObjects: 0.195700 ms CreateObjectMapping: 0.076200 ms MarkObjects: 9.203900 ms  DeleteObjects: 0.018300 ms)

AssetImportParameters requested are different than current active one (requested -> active):
  custom:video-decoder-ogg-theora: a1e56fd34408186e4bbccfd4996cb3dc -> 
  custom:container-muxer-webm: aa71ff27fc2769a1b78a27578f13a17b -> 
  custom:container-demuxer-webm: 4f35f7cbe854078d1ac9338744f61a02 -> 
  custom:video-encoder-webm-vp8: eb34c28f22e8b96e1ab97ce403110664 -> 
  custom:audio-encoder-webm-vorbis: bf7c407c2cedff20999df2af8eb42d56 -> 
  custom:framework-win-MediaFoundation: 216162199b28c13a410421893ffa2e32 -> 
  custom:container-demuxer-ogg: 62fdf1f143b41e24485cea50d1cbac27 -> 
  custom:video-decoder-webm-vp8: 9c59270c3fd7afecdb556c50c9e8de78 -> 
  custom:audio-decoder-ogg-vorbis: bf7c407c2cedff20999df2af8eb42d56 -> 
========================================================================
Received Import Request.
  Time since last request: 91.009884 seconds.
  path: Assets/GameMain/DataTables/Sound.txt
  artifactKey: Guid(372a8b1e52bedc64b9207b12d167afaa) Importer(815301076,1909f56bfc062723c751e8b465ee728b)
Start importing Assets/GameMain/DataTables/Sound.txt using Guid(372a8b1e52bedc64b9207b12d167afaa) Importer(815301076,1909f56bfc062723c751e8b465ee728b)  -> (artifact id: 'ec1fd77ebfbcf1a61f475842198c9962') in 0.008791 seconds 
========================================================================
Received Import Request.
  Time since last request: 0.988931 seconds.
  path: Assets/GameMain/DataTables/Scene.txt
  artifactKey: Guid(a71f8bb1b1b2c51438e2bafc884cb02c) Importer(815301076,1909f56bfc062723c751e8b465ee728b)
Start importing Assets/GameMain/DataTables/Scene.txt using Guid(a71f8bb1b1b2c51438e2bafc884cb02c) Importer(815301076,1909f56bfc062723c751e8b465ee728b)  -> (artifact id: 'ab4ca3df3759fe3e517514af5bc3ce2f') in 0.001454 seconds 
========================================================================
Received Import Request.
  Time since last request: 3.801259 seconds.
  path: Assets/GameMain/DataTables/Armor.bytes
  artifactKey: Guid(239366f83979ffa48a45dac2f0f1e8cb) Importer(815301076,1909f56bfc062723c751e8b465ee728b)
Start importing Assets/GameMain/DataTables/Armor.bytes using Guid(239366f83979ffa48a45dac2f0f1e8cb) Importer(815301076,1909f56bfc062723c751e8b465ee728b)  -> (artifact id: '266356f6989b512ac4c237ffe7ba89c2') in 0.001510 seconds 
========================================================================
Received Import Request.
  Time since last request: 1.378039 seconds.
  path: Assets/GameMain/DataTables/Asteroid.bytes
  artifactKey: Guid(e0792649e7774a24d8e7cceba0231c61) Importer(815301076,1909f56bfc062723c751e8b465ee728b)
Start importing Assets/GameMain/DataTables/Asteroid.bytes using Guid(e0792649e7774a24d8e7cceba0231c61) Importer(815301076,1909f56bfc062723c751e8b465ee728b)  -> (artifact id: 'b9c04c6629eea326193e17e590e402ae') in 0.001502 seconds 
========================================================================
Received Import Request.
  Time since last request: 1.481447 seconds.
  path: Assets/GameMain/DataTables/Entity.txt
  artifactKey: Guid(cfe53cf384344bd47a8680f8c5f97a7b) Importer(815301076,1909f56bfc062723c751e8b465ee728b)
Start importing Assets/GameMain/DataTables/Entity.txt using Guid(cfe53cf384344bd47a8680f8c5f97a7b) Importer(815301076,1909f56bfc062723c751e8b465ee728b)  -> (artifact id: '2dab02ddbee2fd1bd691bb854cae6108') in 0.001380 seconds 
========================================================================
Received Import Request.
  Time since last request: 40.748635 seconds.
  path: Assets/GameMain/DataTables/UISound.txt
  artifactKey: Guid(f2f97a713beae744181ba934f9c4113a) Importer(815301076,1909f56bfc062723c751e8b465ee728b)
Start importing Assets/GameMain/DataTables/UISound.txt using Guid(f2f97a713beae744181ba934f9c4113a) Importer(815301076,1909f56bfc062723c751e8b465ee728b)  -> (artifact id: '9312efafda75b029b0022d0538f328a1') in 0.002178 seconds 
========================================================================
Received Import Request.
  Time since last request: 3.184168 seconds.
  path: Assets/GameMain/DataTables/UIForm.txt
  artifactKey: Guid(352da872791696c48af3b21132e3e3c3) Importer(815301076,1909f56bfc062723c751e8b465ee728b)
Start importing Assets/GameMain/DataTables/UIForm.txt using Guid(352da872791696c48af3b21132e3e3c3) Importer(815301076,1909f56bfc062723c751e8b465ee728b)  -> (artifact id: '0c8c8e02a1897ba71cd80951da0eca4a') in 0.001397 seconds 
========================================================================
Received Import Request.
  Time since last request: 1.791857 seconds.
  path: Assets/GameMain/DataTables/Weapon.bytes
  artifactKey: Guid(8b1acacd22538f34cb85287a0781ea5e) Importer(815301076,1909f56bfc062723c751e8b465ee728b)
Start importing Assets/GameMain/DataTables/Weapon.bytes using Guid(8b1acacd22538f34cb85287a0781ea5e) Importer(815301076,1909f56bfc062723c751e8b465ee728b)  -> (artifact id: 'a47169a2c167136c23a3cc527452a48f') in 0.001601 seconds 
========================================================================
Received Import Request.
  Time since last request: 0.718417 seconds.
  path: Assets/GameMain/DataTables/Weapon.txt
  artifactKey: Guid(ab4774faf71b57a40a29a9e902403fe3) Importer(815301076,1909f56bfc062723c751e8b465ee728b)
Start importing Assets/GameMain/DataTables/Weapon.txt using Guid(ab4774faf71b57a40a29a9e902403fe3) Importer(815301076,1909f56bfc062723c751e8b465ee728b)  -> (artifact id: '4d7108ec5f814884f95e324c77fe604e') in 0.001452 seconds 
========================================================================
Received Prepare
Registering precompiled user dll's ...
Registered in 0.019051 seconds.
Begin MonoManager ReloadAssembly
Symbol file LoadedFromMemory doesn't match image F:\UnityProject\Own\Assess\Library\PackageCache\com.unity.visualscripting@1.7.8\Editor\VisualScripting.Core\Dependencies\YamlDotNet\Unity.VisualScripting.YamlDotNet.dll
Symbol file LoadedFromMemory doesn't match image F:\UnityProject\Own\Assess\Library\PackageCache\com.unity.visualscripting@1.7.8\Editor\VisualScripting.Core\Dependencies\DotNetZip\Unity.VisualScripting.IonicZip.dll
Native extension for WindowsStandalone target not found
Native extension for Android target not found
Native extension for WebGL target not found
Refreshing native plugins compatible for Editor in 0.48 ms, found 3 plugins.
Preloading 0 native plugins for Editor in 0.00 ms.
Mono: successfully reloaded assembly
- Completed reload, in  0.816 seconds
Domain Reload Profiling:
	ReloadAssembly (817ms)
		BeginReloadAssembly (85ms)
			ExecutionOrderSort (0ms)
			DisableScriptedObjects (2ms)
			BackupInstance (0ms)
			ReleaseScriptingObjects (0ms)
			CreateAndSetChildDomain (23ms)
		EndReloadAssembly (657ms)
			LoadAssemblies (71ms)
			RebuildTransferFunctionScriptingTraits (0ms)
			SetupTypeCache (147ms)
			ReleaseScriptCaches (1ms)
			RebuildScriptCaches (24ms)
			SetupLoadedEditorAssemblies (349ms)
				LogAssemblyErrors (0ms)
				InitializePlatformSupportModulesInManaged (14ms)
				SetLoadedEditorAssemblies (0ms)
				RefreshPlugins (1ms)
				BeforeProcessingInitializeOnLoad (42ms)
				ProcessInitializeOnLoadAttributes (194ms)
				ProcessInitializeOnLoadMethodAttributes (90ms)
				AfterProcessingInitializeOnLoad (8ms)
				EditorAssembliesLoaded (0ms)
			ExecutionOrderSort2 (0ms)
			AwakeInstancesAfterBackupRestoration (4ms)
Platform modules already initialized, skipping
Refreshing native plugins compatible for Editor in 2.66 ms, found 3 plugins.
Preloading 0 native plugins for Editor in 0.00 ms.
Unloading 4715 Unused Serialized files (Serialized files now loaded: 0)
Unloading 44 unused Assets / (28.3 KB). Loaded Objects now: 5525.
Memory consumption went from 174.1 MB to 174.1 MB.
Total: 9.590500 ms (FindLiveObjects: 0.203600 ms CreateObjectMapping: 0.067700 ms MarkObjects: 9.297000 ms  DeleteObjects: 0.021200 ms)

AssetImportParameters requested are different than current active one (requested -> active):
  custom:video-decoder-ogg-theora: a1e56fd34408186e4bbccfd4996cb3dc -> 
  custom:container-muxer-webm: aa71ff27fc2769a1b78a27578f13a17b -> 
  custom:container-demuxer-webm: 4f35f7cbe854078d1ac9338744f61a02 -> 
  custom:video-encoder-webm-vp8: eb34c28f22e8b96e1ab97ce403110664 -> 
  custom:audio-encoder-webm-vorbis: bf7c407c2cedff20999df2af8eb42d56 -> 
  custom:framework-win-MediaFoundation: 216162199b28c13a410421893ffa2e32 -> 
  custom:container-demuxer-ogg: 62fdf1f143b41e24485cea50d1cbac27 -> 
  custom:video-decoder-webm-vp8: 9c59270c3fd7afecdb556c50c9e8de78 -> 
  custom:audio-decoder-ogg-vorbis: bf7c407c2cedff20999df2af8eb42d56 -> 
========================================================================
Received Import Request.
  Time since last request: 33.358035 seconds.
  path: Assets/Plugins/ExcelImporter/Example/Example.unity
  artifactKey: Guid(ea584fca576e04dbb8273b395add123a) Importer(815301076,1909f56bfc062723c751e8b465ee728b)
Start importing Assets/Plugins/ExcelImporter/Example/Example.unity using Guid(ea584fca576e04dbb8273b395add123a) Importer(815301076,1909f56bfc062723c751e8b465ee728b)  -> (artifact id: 'bbc458a0e91fbc5f05651c45d20ccfa3') in 0.004271 seconds 
========================================================================
Received Prepare
Registering precompiled user dll's ...
Registered in 0.019712 seconds.
Begin MonoManager ReloadAssembly
Symbol file LoadedFromMemory doesn't match image F:\UnityProject\Own\Assess\Library\PackageCache\com.unity.visualscripting@1.7.8\Editor\VisualScripting.Core\Dependencies\YamlDotNet\Unity.VisualScripting.YamlDotNet.dll
Symbol file LoadedFromMemory doesn't match image F:\UnityProject\Own\Assess\Library\PackageCache\com.unity.visualscripting@1.7.8\Editor\VisualScripting.Core\Dependencies\DotNetZip\Unity.VisualScripting.IonicZip.dll
Native extension for WindowsStandalone target not found
Native extension for Android target not found
Native extension for WebGL target not found
Refreshing native plugins compatible for Editor in 0.59 ms, found 3 plugins.
Preloading 0 native plugins for Editor in 0.00 ms.
Mono: successfully reloaded assembly
- Completed reload, in  0.779 seconds
Domain Reload Profiling:
	ReloadAssembly (780ms)
		BeginReloadAssembly (87ms)
			ExecutionOrderSort (0ms)
			DisableScriptedObjects (3ms)
			BackupInstance (0ms)
			ReleaseScriptingObjects (0ms)
			CreateAndSetChildDomain (22ms)
		EndReloadAssembly (619ms)
			LoadAssemblies (63ms)
			RebuildTransferFunctionScriptingTraits (0ms)
			SetupTypeCache (152ms)
			ReleaseScriptCaches (1ms)
			RebuildScriptCaches (24ms)
			SetupLoadedEditorAssemblies (346ms)
				LogAssemblyErrors (0ms)
				InitializePlatformSupportModulesInManaged (13ms)
				SetLoadedEditorAssemblies (0ms)
				RefreshPlugins (1ms)
				BeforeProcessingInitializeOnLoad (42ms)
				ProcessInitializeOnLoadAttributes (195ms)
				ProcessInitializeOnLoadMethodAttributes (87ms)
				AfterProcessingInitializeOnLoad (8ms)
				EditorAssembliesLoaded (0ms)
			ExecutionOrderSort2 (0ms)
			AwakeInstancesAfterBackupRestoration (4ms)
Platform modules already initialized, skipping
Refreshing native plugins compatible for Editor in 2.82 ms, found 3 plugins.
Preloading 0 native plugins for Editor in 0.00 ms.
Unloading 4715 Unused Serialized files (Serialized files now loaded: 0)
Unloading 44 unused Assets / (28.4 KB). Loaded Objects now: 5528.
Memory consumption went from 174.1 MB to 174.1 MB.
Total: 9.437800 ms (FindLiveObjects: 0.181200 ms CreateObjectMapping: 0.055500 ms MarkObjects: 9.183900 ms  DeleteObjects: 0.016600 ms)

AssetImportParameters requested are different than current active one (requested -> active):
  custom:video-decoder-ogg-theora: a1e56fd34408186e4bbccfd4996cb3dc -> 
  custom:container-muxer-webm: aa71ff27fc2769a1b78a27578f13a17b -> 
  custom:container-demuxer-webm: 4f35f7cbe854078d1ac9338744f61a02 -> 
  custom:video-encoder-webm-vp8: eb34c28f22e8b96e1ab97ce403110664 -> 
  custom:audio-encoder-webm-vorbis: bf7c407c2cedff20999df2af8eb42d56 -> 
  custom:framework-win-MediaFoundation: 216162199b28c13a410421893ffa2e32 -> 
  custom:container-demuxer-ogg: 62fdf1f143b41e24485cea50d1cbac27 -> 
  custom:video-decoder-webm-vp8: 9c59270c3fd7afecdb556c50c9e8de78 -> 
  custom:audio-decoder-ogg-vorbis: bf7c407c2cedff20999df2af8eb42d56 -> 
========================================================================
Received Import Request.
  Time since last request: 10.519580 seconds.
  path: Assets/GameMain/Scenes
  artifactKey: Guid(8aa04725784d110458eddfb0f7fed5dc) Importer(815301076,1909f56bfc062723c751e8b465ee728b)
Start importing Assets/GameMain/Scenes using Guid(8aa04725784d110458eddfb0f7fed5dc) Importer(815301076,1909f56bfc062723c751e8b465ee728b)  -> (artifact id: 'ec8989bc01fa45061600d8e4009f5ff6') in 0.003974 seconds 
========================================================================
Received Prepare
Registering precompiled user dll's ...
Registered in 0.018938 seconds.
Begin MonoManager ReloadAssembly
Symbol file LoadedFromMemory doesn't match image F:\UnityProject\Own\Assess\Library\PackageCache\com.unity.visualscripting@1.7.8\Editor\VisualScripting.Core\Dependencies\YamlDotNet\Unity.VisualScripting.YamlDotNet.dll
Symbol file LoadedFromMemory doesn't match image F:\UnityProject\Own\Assess\Library\PackageCache\com.unity.visualscripting@1.7.8\Editor\VisualScripting.Core\Dependencies\DotNetZip\Unity.VisualScripting.IonicZip.dll
Native extension for WindowsStandalone target not found
Native extension for Android target not found
Native extension for WebGL target not found
Refreshing native plugins compatible for Editor in 0.59 ms, found 3 plugins.
Preloading 0 native plugins for Editor in 0.00 ms.
Mono: successfully reloaded assembly
- Completed reload, in  0.839 seconds
Domain Reload Profiling:
	ReloadAssembly (840ms)
		BeginReloadAssembly (96ms)
			ExecutionOrderSort (0ms)
			DisableScriptedObjects (3ms)
			BackupInstance (0ms)
			ReleaseScriptingObjects (0ms)
			CreateAndSetChildDomain (24ms)
		EndReloadAssembly (644ms)
			LoadAssemblies (96ms)
			RebuildTransferFunctionScriptingTraits (0ms)
			SetupTypeCache (146ms)
			ReleaseScriptCaches (1ms)
			RebuildScriptCaches (25ms)
			SetupLoadedEditorAssemblies (348ms)
				LogAssemblyErrors (0ms)
				InitializePlatformSupportModulesInManaged (14ms)
				SetLoadedEditorAssemblies (0ms)
				RefreshPlugins (1ms)
				BeforeProcessingInitializeOnLoad (42ms)
				ProcessInitializeOnLoadAttributes (196ms)
				ProcessInitializeOnLoadMethodAttributes (88ms)
				AfterProcessingInitializeOnLoad (8ms)
				EditorAssembliesLoaded (0ms)
			ExecutionOrderSort2 (0ms)
			AwakeInstancesAfterBackupRestoration (4ms)
Platform modules already initialized, skipping
Refreshing native plugins compatible for Editor in 3.09 ms, found 3 plugins.
Preloading 0 native plugins for Editor in 0.00 ms.
Unloading 4715 Unused Serialized files (Serialized files now loaded: 0)
Unloading 44 unused Assets / (28.4 KB). Loaded Objects now: 5531.
Memory consumption went from 174.1 MB to 174.1 MB.
Total: 10.016400 ms (FindLiveObjects: 0.255700 ms CreateObjectMapping: 0.070000 ms MarkObjects: 9.669900 ms  DeleteObjects: 0.020100 ms)

AssetImportParameters requested are different than current active one (requested -> active):
  custom:video-decoder-ogg-theora: a1e56fd34408186e4bbccfd4996cb3dc -> 
  custom:container-muxer-webm: aa71ff27fc2769a1b78a27578f13a17b -> 
  custom:container-demuxer-webm: 4f35f7cbe854078d1ac9338744f61a02 -> 
  custom:video-encoder-webm-vp8: eb34c28f22e8b96e1ab97ce403110664 -> 
  custom:audio-encoder-webm-vorbis: bf7c407c2cedff20999df2af8eb42d56 -> 
  custom:framework-win-MediaFoundation: 216162199b28c13a410421893ffa2e32 -> 
  custom:container-demuxer-ogg: 62fdf1f143b41e24485cea50d1cbac27 -> 
  custom:video-decoder-webm-vp8: 9c59270c3fd7afecdb556c50c9e8de78 -> 
  custom:audio-decoder-ogg-vorbis: bf7c407c2cedff20999df2af8eb42d56 -> 
========================================================================
Received Prepare
Registering precompiled user dll's ...
Registered in 0.018665 seconds.
Begin MonoManager ReloadAssembly
Symbol file LoadedFromMemory doesn't match image F:\UnityProject\Own\Assess\Library\PackageCache\com.unity.visualscripting@1.7.8\Editor\VisualScripting.Core\Dependencies\YamlDotNet\Unity.VisualScripting.YamlDotNet.dll
Symbol file LoadedFromMemory doesn't match image F:\UnityProject\Own\Assess\Library\PackageCache\com.unity.visualscripting@1.7.8\Editor\VisualScripting.Core\Dependencies\DotNetZip\Unity.VisualScripting.IonicZip.dll
Native extension for WindowsStandalone target not found
Native extension for Android target not found
Native extension for WebGL target not found
Refreshing native plugins compatible for Editor in 0.46 ms, found 3 plugins.
Preloading 0 native plugins for Editor in 0.00 ms.
Mono: successfully reloaded assembly
- Completed reload, in  0.812 seconds
Domain Reload Profiling:
	ReloadAssembly (812ms)
		BeginReloadAssembly (91ms)
			ExecutionOrderSort (0ms)
			DisableScriptedObjects (4ms)
			BackupInstance (0ms)
			ReleaseScriptingObjects (0ms)
			CreateAndSetChildDomain (23ms)
		EndReloadAssembly (612ms)
			LoadAssemblies (63ms)
			RebuildTransferFunctionScriptingTraits (0ms)
			SetupTypeCache (152ms)
			ReleaseScriptCaches (1ms)
			RebuildScriptCaches (24ms)
			SetupLoadedEditorAssemblies (341ms)
				LogAssemblyErrors (0ms)
				InitializePlatformSupportModulesInManaged (13ms)
				SetLoadedEditorAssemblies (0ms)
				RefreshPlugins (1ms)
				BeforeProcessingInitializeOnLoad (40ms)
				ProcessInitializeOnLoadAttributes (191ms)
				ProcessInitializeOnLoadMethodAttributes (88ms)
				AfterProcessingInitializeOnLoad (8ms)
				EditorAssembliesLoaded (0ms)
			ExecutionOrderSort2 (0ms)
			AwakeInstancesAfterBackupRestoration (4ms)
Platform modules already initialized, skipping
Refreshing native plugins compatible for Editor in 3.38 ms, found 3 plugins.
Preloading 0 native plugins for Editor in 0.00 ms.
Unloading 4715 Unused Serialized files (Serialized files now loaded: 0)
Unloading 44 unused Assets / (28.4 KB). Loaded Objects now: 5534.
Memory consumption went from 174.1 MB to 174.1 MB.
Total: 10.210400 ms (FindLiveObjects: 0.194800 ms CreateObjectMapping: 0.070300 ms MarkObjects: 9.919900 ms  DeleteObjects: 0.024600 ms)

AssetImportParameters requested are different than current active one (requested -> active):
  custom:video-decoder-ogg-theora: a1e56fd34408186e4bbccfd4996cb3dc -> 
  custom:container-muxer-webm: aa71ff27fc2769a1b78a27578f13a17b -> 
  custom:container-demuxer-webm: 4f35f7cbe854078d1ac9338744f61a02 -> 
  custom:video-encoder-webm-vp8: eb34c28f22e8b96e1ab97ce403110664 -> 
  custom:audio-encoder-webm-vorbis: bf7c407c2cedff20999df2af8eb42d56 -> 
  custom:framework-win-MediaFoundation: 216162199b28c13a410421893ffa2e32 -> 
  custom:container-demuxer-ogg: 62fdf1f143b41e24485cea50d1cbac27 -> 
  custom:video-decoder-webm-vp8: 9c59270c3fd7afecdb556c50c9e8de78 -> 
  custom:audio-decoder-ogg-vorbis: bf7c407c2cedff20999df2af8eb42d56 -> 
========================================================================
Received Prepare
Registering precompiled user dll's ...
Registered in 0.019064 seconds.
Begin MonoManager ReloadAssembly
Symbol file LoadedFromMemory doesn't match image F:\UnityProject\Own\Assess\Library\PackageCache\com.unity.visualscripting@1.7.8\Editor\VisualScripting.Core\Dependencies\YamlDotNet\Unity.VisualScripting.YamlDotNet.dll
Symbol file LoadedFromMemory doesn't match image F:\UnityProject\Own\Assess\Library\PackageCache\com.unity.visualscripting@1.7.8\Editor\VisualScripting.Core\Dependencies\DotNetZip\Unity.VisualScripting.IonicZip.dll
Native extension for WindowsStandalone target not found
Native extension for Android target not found
Native extension for WebGL target not found
Refreshing native plugins compatible for Editor in 0.55 ms, found 3 plugins.
Preloading 0 native plugins for Editor in 0.00 ms.
Mono: successfully reloaded assembly
- Completed reload, in  0.785 seconds
Domain Reload Profiling:
	ReloadAssembly (785ms)
		BeginReloadAssembly (90ms)
			ExecutionOrderSort (0ms)
			DisableScriptedObjects (3ms)
			BackupInstance (0ms)
			ReleaseScriptingObjects (0ms)
			CreateAndSetChildDomain (25ms)
		EndReloadAssembly (624ms)
			LoadAssemblies (64ms)
			RebuildTransferFunctionScriptingTraits (0ms)
			SetupTypeCache (151ms)
			ReleaseScriptCaches (1ms)
			RebuildScriptCaches (25ms)
			SetupLoadedEditorAssemblies (350ms)
				LogAssemblyErrors (0ms)
				InitializePlatformSupportModulesInManaged (14ms)
				SetLoadedEditorAssemblies (0ms)
				RefreshPlugins (1ms)
				BeforeProcessingInitializeOnLoad (42ms)
				ProcessInitializeOnLoadAttributes (194ms)
				ProcessInitializeOnLoadMethodAttributes (91ms)
				AfterProcessingInitializeOnLoad (7ms)
				EditorAssembliesLoaded (0ms)
			ExecutionOrderSort2 (0ms)
			AwakeInstancesAfterBackupRestoration (4ms)
Platform modules already initialized, skipping
Refreshing native plugins compatible for Editor in 2.98 ms, found 3 plugins.
Preloading 0 native plugins for Editor in 0.00 ms.
Unloading 4715 Unused Serialized files (Serialized files now loaded: 0)
Unloading 44 unused Assets / (28.4 KB). Loaded Objects now: 5537.
Memory consumption went from 174.1 MB to 174.1 MB.
Total: 9.743900 ms (FindLiveObjects: 0.187900 ms CreateObjectMapping: 0.066600 ms MarkObjects: 9.468700 ms  DeleteObjects: 0.019900 ms)

AssetImportParameters requested are different than current active one (requested -> active):
  custom:video-decoder-ogg-theora: a1e56fd34408186e4bbccfd4996cb3dc -> 
  custom:container-muxer-webm: aa71ff27fc2769a1b78a27578f13a17b -> 
  custom:container-demuxer-webm: 4f35f7cbe854078d1ac9338744f61a02 -> 
  custom:video-encoder-webm-vp8: eb34c28f22e8b96e1ab97ce403110664 -> 
  custom:audio-encoder-webm-vorbis: bf7c407c2cedff20999df2af8eb42d56 -> 
  custom:framework-win-MediaFoundation: 216162199b28c13a410421893ffa2e32 -> 
  custom:container-demuxer-ogg: 62fdf1f143b41e24485cea50d1cbac27 -> 
  custom:video-decoder-webm-vp8: 9c59270c3fd7afecdb556c50c9e8de78 -> 
  custom:audio-decoder-ogg-vorbis: bf7c407c2cedff20999df2af8eb42d56 -> 
========================================================================
Received Prepare
Registering precompiled user dll's ...
Registered in 0.018533 seconds.
Begin MonoManager ReloadAssembly
Symbol file LoadedFromMemory doesn't match image F:\UnityProject\Own\Assess\Library\PackageCache\com.unity.visualscripting@1.7.8\Editor\VisualScripting.Core\Dependencies\YamlDotNet\Unity.VisualScripting.YamlDotNet.dll
Symbol file LoadedFromMemory doesn't match image F:\UnityProject\Own\Assess\Library\PackageCache\com.unity.visualscripting@1.7.8\Editor\VisualScripting.Core\Dependencies\DotNetZip\Unity.VisualScripting.IonicZip.dll
Native extension for WindowsStandalone target not found
Native extension for Android target not found
Native extension for WebGL target not found
Refreshing native plugins compatible for Editor in 0.51 ms, found 3 plugins.
Preloading 0 native plugins for Editor in 0.00 ms.
Mono: successfully reloaded assembly
- Completed reload, in  0.778 seconds
Domain Reload Profiling:
	ReloadAssembly (779ms)
		BeginReloadAssembly (88ms)
			ExecutionOrderSort (0ms)
			DisableScriptedObjects (3ms)
			BackupInstance (0ms)
			ReleaseScriptingObjects (0ms)
			CreateAndSetChildDomain (24ms)
		EndReloadAssembly (618ms)
			LoadAssemblies (60ms)
			RebuildTransferFunctionScriptingTraits (0ms)
			SetupTypeCache (151ms)
			ReleaseScriptCaches (1ms)
			RebuildScriptCaches (24ms)
			SetupLoadedEditorAssemblies (347ms)
				LogAssemblyErrors (0ms)
				InitializePlatformSupportModulesInManaged (14ms)
				SetLoadedEditorAssemblies (0ms)
				RefreshPlugins (1ms)
				BeforeProcessingInitializeOnLoad (42ms)
				ProcessInitializeOnLoadAttributes (192ms)
				ProcessInitializeOnLoadMethodAttributes (89ms)
				AfterProcessingInitializeOnLoad (8ms)
				EditorAssembliesLoaded (0ms)
			ExecutionOrderSort2 (0ms)
			AwakeInstancesAfterBackupRestoration (4ms)
Platform modules already initialized, skipping
Refreshing native plugins compatible for Editor in 2.98 ms, found 3 plugins.
Preloading 0 native plugins for Editor in 0.00 ms.
Unloading 4715 Unused Serialized files (Serialized files now loaded: 0)
Unloading 44 unused Assets / (28.4 KB). Loaded Objects now: 5540.
Memory consumption went from 174.1 MB to 174.1 MB.
Total: 9.966800 ms (FindLiveObjects: 0.192800 ms CreateObjectMapping: 0.074500 ms MarkObjects: 9.678900 ms  DeleteObjects: 0.019700 ms)

AssetImportParameters requested are different than current active one (requested -> active):
  custom:video-decoder-ogg-theora: a1e56fd34408186e4bbccfd4996cb3dc -> 
  custom:container-muxer-webm: aa71ff27fc2769a1b78a27578f13a17b -> 
  custom:container-demuxer-webm: 4f35f7cbe854078d1ac9338744f61a02 -> 
  custom:video-encoder-webm-vp8: eb34c28f22e8b96e1ab97ce403110664 -> 
  custom:audio-encoder-webm-vorbis: bf7c407c2cedff20999df2af8eb42d56 -> 
  custom:framework-win-MediaFoundation: 216162199b28c13a410421893ffa2e32 -> 
  custom:container-demuxer-ogg: 62fdf1f143b41e24485cea50d1cbac27 -> 
  custom:video-decoder-webm-vp8: 9c59270c3fd7afecdb556c50c9e8de78 -> 
  custom:audio-decoder-ogg-vorbis: bf7c407c2cedff20999df2af8eb42d56 -> 
========================================================================
Received Import Request.
  Time since last request: 146.283053 seconds.
  path: Assets/GameMain/DataTables/Excels/UISound.xlsx
  artifactKey: Guid(1e98599df2bd0d2428c9641c06a9138e) Importer(815301076,1909f56bfc062723c751e8b465ee728b)
Start importing Assets/GameMain/DataTables/Excels/UISound.xlsx using Guid(1e98599df2bd0d2428c9641c06a9138e) Importer(815301076,1909f56bfc062723c751e8b465ee728b)  -> (artifact id: 'c3831a5cfc9040c827997f181dcff5f8') in 0.009236 seconds 
========================================================================
Received Prepare
Registering precompiled user dll's ...
Registered in 0.023562 seconds.
Begin MonoManager ReloadAssembly
Symbol file LoadedFromMemory doesn't match image F:\UnityProject\Own\Assess\Library\PackageCache\com.unity.visualscripting@1.7.8\Editor\VisualScripting.Core\Dependencies\YamlDotNet\Unity.VisualScripting.YamlDotNet.dll
Symbol file LoadedFromMemory doesn't match image F:\UnityProject\Own\Assess\Library\PackageCache\com.unity.visualscripting@1.7.8\Editor\VisualScripting.Core\Dependencies\DotNetZip\Unity.VisualScripting.IonicZip.dll
Native extension for WindowsStandalone target not found
Native extension for Android target not found
Native extension for WebGL target not found
Refreshing native plugins compatible for Editor in 0.47 ms, found 3 plugins.
Preloading 0 native plugins for Editor in 0.00 ms.
Mono: successfully reloaded assembly
- Completed reload, in  0.779 seconds
Domain Reload Profiling:
	ReloadAssembly (779ms)
		BeginReloadAssembly (95ms)
			ExecutionOrderSort (0ms)
			DisableScriptedObjects (3ms)
			BackupInstance (0ms)
			ReleaseScriptingObjects (0ms)
			CreateAndSetChildDomain (24ms)
		EndReloadAssembly (618ms)
			LoadAssemblies (66ms)
			RebuildTransferFunctionScriptingTraits (0ms)
			SetupTypeCache (153ms)
			ReleaseScriptCaches (1ms)
			RebuildScriptCaches (31ms)
			SetupLoadedEditorAssemblies (337ms)
				LogAssemblyErrors (0ms)
				InitializePlatformSupportModulesInManaged (13ms)
				SetLoadedEditorAssemblies (0ms)
				RefreshPlugins (1ms)
				BeforeProcessingInitializeOnLoad (44ms)
				ProcessInitializeOnLoadAttributes (180ms)
				ProcessInitializeOnLoadMethodAttributes (90ms)
				AfterProcessingInitializeOnLoad (9ms)
				EditorAssembliesLoaded (0ms)
			ExecutionOrderSort2 (0ms)
			AwakeInstancesAfterBackupRestoration (4ms)
Platform modules already initialized, skipping
Refreshing native plugins compatible for Editor in 2.72 ms, found 3 plugins.
Preloading 0 native plugins for Editor in 0.00 ms.
Unloading 4715 Unused Serialized files (Serialized files now loaded: 0)
Unloading 44 unused Assets / (28.4 KB). Loaded Objects now: 5543.
Memory consumption went from 174.1 MB to 174.1 MB.
Total: 9.921700 ms (FindLiveObjects: 0.189000 ms CreateObjectMapping: 0.064400 ms MarkObjects: 9.640700 ms  DeleteObjects: 0.026300 ms)

AssetImportParameters requested are different than current active one (requested -> active):
  custom:video-decoder-ogg-theora: a1e56fd34408186e4bbccfd4996cb3dc -> 
  custom:container-muxer-webm: aa71ff27fc2769a1b78a27578f13a17b -> 
  custom:container-demuxer-webm: 4f35f7cbe854078d1ac9338744f61a02 -> 
  custom:video-encoder-webm-vp8: eb34c28f22e8b96e1ab97ce403110664 -> 
  custom:audio-encoder-webm-vorbis: bf7c407c2cedff20999df2af8eb42d56 -> 
  custom:framework-win-MediaFoundation: 216162199b28c13a410421893ffa2e32 -> 
  custom:container-demuxer-ogg: 62fdf1f143b41e24485cea50d1cbac27 -> 
  custom:video-decoder-webm-vp8: 9c59270c3fd7afecdb556c50c9e8de78 -> 
  custom:audio-decoder-ogg-vorbis: bf7c407c2cedff20999df2af8eb42d56 -> 
========================================================================
Received Import Request.
  Time since last request: 301.116074 seconds.
  path: Assets/GameMain/DataTables/Excels/UISound.txt
  artifactKey: Guid(d0fb713f4be5d96448c7dffdbeb6c1e0) Importer(815301076,1909f56bfc062723c751e8b465ee728b)
Start importing Assets/GameMain/DataTables/Excels/UISound.txt using Guid(d0fb713f4be5d96448c7dffdbeb6c1e0) Importer(815301076,1909f56bfc062723c751e8b465ee728b)  -> (artifact id: 'fbdbe57ee580eea26899a4f1051867c8') in 0.010704 seconds 
========================================================================
Received Import Request.
  Time since last request: 86.196352 seconds.
  path: Assets/GameMain/DataTables/Excels/Entity.xlsx
  artifactKey: Guid(2d4a50eaf5524734f8541cad6df3320e) Importer(815301076,1909f56bfc062723c751e8b465ee728b)
Start importing Assets/GameMain/DataTables/Excels/Entity.xlsx using Guid(2d4a50eaf5524734f8541cad6df3320e) Importer(815301076,1909f56bfc062723c751e8b465ee728b)  -> (artifact id: '618b8f4c9d48ccd09f77aceaef7c304e') in 0.001781 seconds 
========================================================================
Received Import Request.
  Time since last request: 16.098477 seconds.
  path: Assets/GameMain/DataTables/Excels/Scene.xlsx
  artifactKey: Guid(b3b1607150605a949b361d146d7c9f78) Importer(815301076,1909f56bfc062723c751e8b465ee728b)
Start importing Assets/GameMain/DataTables/Excels/Scene.xlsx using Guid(b3b1607150605a949b361d146d7c9f78) Importer(815301076,1909f56bfc062723c751e8b465ee728b)  -> (artifact id: 'fe09e6e3e4989c51381bb2493d8165ff') in 0.001293 seconds 
========================================================================
Received Import Request.
  Time since last request: 20.630060 seconds.
  path: Assets/GameMain/DataTables/Excels/Sound.xlsx
  artifactKey: Guid(144abe834adeb8a4eba17bc791f0f8b9) Importer(815301076,1909f56bfc062723c751e8b465ee728b)
Start importing Assets/GameMain/DataTables/Excels/Sound.xlsx using Guid(144abe834adeb8a4eba17bc791f0f8b9) Importer(815301076,1909f56bfc062723c751e8b465ee728b)  -> (artifact id: '0e95035f5b751e124110de3abff57eab') in 0.001480 seconds 
========================================================================
Received Import Request.
  Time since last request: 15.127225 seconds.
  path: Assets/GameMain/DataTables/Excels/UIForm.xlsx
  artifactKey: Guid(def03b60a3d9978498832a80dcad965a) Importer(815301076,1909f56bfc062723c751e8b465ee728b)
Start importing Assets/GameMain/DataTables/Excels/UIForm.xlsx using Guid(def03b60a3d9978498832a80dcad965a) Importer(815301076,1909f56bfc062723c751e8b465ee728b)  -> (artifact id: 'ebb2ef58cb957a39fef128f3416508e7') in 0.023805 seconds 
========================================================================
Received Import Request.
  Time since last request: 12.385258 seconds.
  path: Assets/GameMain/DataTables/Excels/UISound.xlsx
  artifactKey: Guid(1e98599df2bd0d2428c9641c06a9138e) Importer(815301076,1909f56bfc062723c751e8b465ee728b)
Start importing Assets/GameMain/DataTables/Excels/UISound.xlsx using Guid(1e98599df2bd0d2428c9641c06a9138e) Importer(815301076,1909f56bfc062723c751e8b465ee728b)  -> (artifact id: '18407d043d091d586602f5fa66053ad5') in 0.001452 seconds 
========================================================================
Received Import Request.
  Time since last request: 5.228026 seconds.
  path: Assets/GameMain/DataTables/Excels/Scene.txt
  artifactKey: Guid(9444f9538479a0748922744fe89f9c51) Importer(815301076,1909f56bfc062723c751e8b465ee728b)
Start importing Assets/GameMain/DataTables/Excels/Scene.txt using Guid(9444f9538479a0748922744fe89f9c51) Importer(815301076,1909f56bfc062723c751e8b465ee728b)  -> (artifact id: '43c34ed36ac95828240ec3b468fa0ff6') in 0.001482 seconds 
========================================================================
Received Import Request.
  Time since last request: 2.156302 seconds.
  path: Assets/GameMain/DataTables/Excels/Entity.txt
  artifactKey: Guid(22674a058d4220d4ea0d105fd5f034c6) Importer(815301076,1909f56bfc062723c751e8b465ee728b)
Start importing Assets/GameMain/DataTables/Excels/Entity.txt using Guid(22674a058d4220d4ea0d105fd5f034c6) Importer(815301076,1909f56bfc062723c751e8b465ee728b)  -> (artifact id: 'c20f0fb2cdd1d755bcd12cdcaa69b33b') in 0.001335 seconds 
========================================================================
Received Import Request.
  Time since last request: 1.660177 seconds.
  path: Assets/GameMain/DataTables/Excels/Sound.txt
  artifactKey: Guid(baf89edfba55f0841b1647c332759265) Importer(815301076,1909f56bfc062723c751e8b465ee728b)
Start importing Assets/GameMain/DataTables/Excels/Sound.txt using Guid(baf89edfba55f0841b1647c332759265) Importer(815301076,1909f56bfc062723c751e8b465ee728b)  -> (artifact id: 'f6d7396744faef4ff155b532c1abe9f7') in 0.001261 seconds 
========================================================================
Received Import Request.
  Time since last request: 1.650727 seconds.
  path: Assets/GameMain/DataTables/Excels/UIForm.txt
  artifactKey: Guid(8494aa5f99bb99943a362f1abdd9ce8b) Importer(815301076,1909f56bfc062723c751e8b465ee728b)
Start importing Assets/GameMain/DataTables/Excels/UIForm.txt using Guid(8494aa5f99bb99943a362f1abdd9ce8b) Importer(815301076,1909f56bfc062723c751e8b465ee728b)  -> (artifact id: '183fe47549532e89eca421ececa4b68c') in 0.001371 seconds 
========================================================================
Received Import Request.
  Time since last request: 1.491362 seconds.
  path: Assets/GameMain/DataTables/Excels/UISound.txt
  artifactKey: Guid(d0fb713f4be5d96448c7dffdbeb6c1e0) Importer(815301076,1909f56bfc062723c751e8b465ee728b)
Start importing Assets/GameMain/DataTables/Excels/UISound.txt using Guid(d0fb713f4be5d96448c7dffdbeb6c1e0) Importer(815301076,1909f56bfc062723c751e8b465ee728b)  -> (artifact id: 'bdb2f3ff62ba3ff79301c1fe10267369') in 0.001442 seconds 
========================================================================
Received Prepare
Registering precompiled user dll's ...
Registered in 0.018462 seconds.
Begin MonoManager ReloadAssembly
Symbol file LoadedFromMemory doesn't match image F:\UnityProject\Own\Assess\Library\PackageCache\com.unity.visualscripting@1.7.8\Editor\VisualScripting.Core\Dependencies\YamlDotNet\Unity.VisualScripting.YamlDotNet.dll
Symbol file LoadedFromMemory doesn't match image F:\UnityProject\Own\Assess\Library\PackageCache\com.unity.visualscripting@1.7.8\Editor\VisualScripting.Core\Dependencies\DotNetZip\Unity.VisualScripting.IonicZip.dll
Native extension for WindowsStandalone target not found
Native extension for Android target not found
Native extension for WebGL target not found
Refreshing native plugins compatible for Editor in 0.47 ms, found 3 plugins.
Preloading 0 native plugins for Editor in 0.00 ms.
Mono: successfully reloaded assembly
- Completed reload, in  0.764 seconds
Domain Reload Profiling:
	ReloadAssembly (764ms)
		BeginReloadAssembly (87ms)
			ExecutionOrderSort (0ms)
			DisableScriptedObjects (3ms)
			BackupInstance (0ms)
			ReleaseScriptingObjects (0ms)
			CreateAndSetChildDomain (26ms)
		EndReloadAssembly (607ms)
			LoadAssemblies (60ms)
			RebuildTransferFunctionScriptingTraits (0ms)
			SetupTypeCache (151ms)
			ReleaseScriptCaches (1ms)
			RebuildScriptCaches (23ms)
			SetupLoadedEditorAssemblies (336ms)
				LogAssemblyErrors (0ms)
				InitializePlatformSupportModulesInManaged (13ms)
				SetLoadedEditorAssemblies (0ms)
				RefreshPlugins (1ms)
				BeforeProcessingInitializeOnLoad (40ms)
				ProcessInitializeOnLoadAttributes (178ms)
				ProcessInitializeOnLoadMethodAttributes (95ms)
				AfterProcessingInitializeOnLoad (8ms)
				EditorAssembliesLoaded (0ms)
			ExecutionOrderSort2 (0ms)
			AwakeInstancesAfterBackupRestoration (4ms)
Platform modules already initialized, skipping
Refreshing native plugins compatible for Editor in 2.82 ms, found 3 plugins.
Preloading 0 native plugins for Editor in 0.00 ms.
Unloading 4715 Unused Serialized files (Serialized files now loaded: 0)
Unloading 44 unused Assets / (28.3 KB). Loaded Objects now: 5546.
Memory consumption went from 174.1 MB to 174.1 MB.
Total: 9.816400 ms (FindLiveObjects: 0.228500 ms CreateObjectMapping: 0.066700 ms MarkObjects: 9.501700 ms  DeleteObjects: 0.018500 ms)

AssetImportParameters requested are different than current active one (requested -> active):
  custom:video-decoder-ogg-theora: a1e56fd34408186e4bbccfd4996cb3dc -> 
  custom:container-muxer-webm: aa71ff27fc2769a1b78a27578f13a17b -> 
  custom:container-demuxer-webm: 4f35f7cbe854078d1ac9338744f61a02 -> 
  custom:video-encoder-webm-vp8: eb34c28f22e8b96e1ab97ce403110664 -> 
  custom:audio-encoder-webm-vorbis: bf7c407c2cedff20999df2af8eb42d56 -> 
  custom:framework-win-MediaFoundation: 216162199b28c13a410421893ffa2e32 -> 
  custom:container-demuxer-ogg: 62fdf1f143b41e24485cea50d1cbac27 -> 
  custom:video-decoder-webm-vp8: 9c59270c3fd7afecdb556c50c9e8de78 -> 
  custom:audio-decoder-ogg-vorbis: bf7c407c2cedff20999df2af8eb42d56 -> 
========================================================================
Received Prepare
Registering precompiled user dll's ...
Registered in 0.018600 seconds.
Begin MonoManager ReloadAssembly
Symbol file LoadedFromMemory doesn't match image F:\UnityProject\Own\Assess\Library\PackageCache\com.unity.visualscripting@1.7.8\Editor\VisualScripting.Core\Dependencies\YamlDotNet\Unity.VisualScripting.YamlDotNet.dll
Symbol file LoadedFromMemory doesn't match image F:\UnityProject\Own\Assess\Library\PackageCache\com.unity.visualscripting@1.7.8\Editor\VisualScripting.Core\Dependencies\DotNetZip\Unity.VisualScripting.IonicZip.dll
Native extension for WindowsStandalone target not found
Native extension for Android target not found
Native extension for WebGL target not found
Refreshing native plugins compatible for Editor in 0.48 ms, found 3 plugins.
Preloading 0 native plugins for Editor in 0.00 ms.
Mono: successfully reloaded assembly
- Completed reload, in  0.763 seconds
Domain Reload Profiling:
	ReloadAssembly (764ms)
		BeginReloadAssembly (87ms)
			ExecutionOrderSort (0ms)
			DisableScriptedObjects (3ms)
			BackupInstance (0ms)
			ReleaseScriptingObjects (0ms)
			CreateAndSetChildDomain (23ms)
		EndReloadAssembly (603ms)
			LoadAssemblies (63ms)
			RebuildTransferFunctionScriptingTraits (0ms)
			SetupTypeCache (149ms)
			ReleaseScriptCaches (1ms)
			RebuildScriptCaches (23ms)
			SetupLoadedEditorAssemblies (335ms)
				LogAssemblyErrors (0ms)
				InitializePlatformSupportModulesInManaged (14ms)
				SetLoadedEditorAssemblies (0ms)
				RefreshPlugins (1ms)
				BeforeProcessingInitializeOnLoad (40ms)
				ProcessInitializeOnLoadAttributes (179ms)
				ProcessInitializeOnLoadMethodAttributes (88ms)
				AfterProcessingInitializeOnLoad (13ms)
				EditorAssembliesLoaded (0ms)
			ExecutionOrderSort2 (0ms)
			AwakeInstancesAfterBackupRestoration (4ms)
Platform modules already initialized, skipping
Refreshing native plugins compatible for Editor in 2.68 ms, found 3 plugins.
Preloading 0 native plugins for Editor in 0.00 ms.
Unloading 4715 Unused Serialized files (Serialized files now loaded: 0)
Unloading 44 unused Assets / (28.4 KB). Loaded Objects now: 5549.
Memory consumption went from 174.1 MB to 174.1 MB.
Total: 9.621900 ms (FindLiveObjects: 0.180600 ms CreateObjectMapping: 0.052800 ms MarkObjects: 9.370600 ms  DeleteObjects: 0.017300 ms)

AssetImportParameters requested are different than current active one (requested -> active):
  custom:video-decoder-ogg-theora: a1e56fd34408186e4bbccfd4996cb3dc -> 
  custom:container-muxer-webm: aa71ff27fc2769a1b78a27578f13a17b -> 
  custom:container-demuxer-webm: 4f35f7cbe854078d1ac9338744f61a02 -> 
  custom:video-encoder-webm-vp8: eb34c28f22e8b96e1ab97ce403110664 -> 
  custom:audio-encoder-webm-vorbis: bf7c407c2cedff20999df2af8eb42d56 -> 
  custom:framework-win-MediaFoundation: 216162199b28c13a410421893ffa2e32 -> 
  custom:container-demuxer-ogg: 62fdf1f143b41e24485cea50d1cbac27 -> 
  custom:video-decoder-webm-vp8: 9c59270c3fd7afecdb556c50c9e8de78 -> 
  custom:audio-decoder-ogg-vorbis: bf7c407c2cedff20999df2af8eb42d56 -> 
========================================================================
Received Prepare
Registering precompiled user dll's ...
Registered in 0.021348 seconds.
Begin MonoManager ReloadAssembly
Symbol file LoadedFromMemory doesn't match image F:\UnityProject\Own\Assess\Library\PackageCache\com.unity.visualscripting@1.7.8\Editor\VisualScripting.Core\Dependencies\YamlDotNet\Unity.VisualScripting.YamlDotNet.dll
Symbol file LoadedFromMemory doesn't match image F:\UnityProject\Own\Assess\Library\PackageCache\com.unity.visualscripting@1.7.8\Editor\VisualScripting.Core\Dependencies\DotNetZip\Unity.VisualScripting.IonicZip.dll
Native extension for WindowsStandalone target not found
Native extension for Android target not found
Native extension for WebGL target not found
Refreshing native plugins compatible for Editor in 0.48 ms, found 3 plugins.
Preloading 0 native plugins for Editor in 0.00 ms.
Mono: successfully reloaded assembly
- Completed reload, in  0.773 seconds
Domain Reload Profiling:
	ReloadAssembly (773ms)
		BeginReloadAssembly (84ms)
			ExecutionOrderSort (0ms)
			DisableScriptedObjects (2ms)
			BackupInstance (0ms)
			ReleaseScriptingObjects (0ms)
			CreateAndSetChildDomain (24ms)
		EndReloadAssembly (617ms)
			LoadAssemblies (65ms)
			RebuildTransferFunctionScriptingTraits (0ms)
			SetupTypeCache (144ms)
			ReleaseScriptCaches (1ms)
			RebuildScriptCaches (24ms)
			SetupLoadedEditorAssemblies (350ms)
				LogAssemblyErrors (0ms)
				InitializePlatformSupportModulesInManaged (14ms)
				SetLoadedEditorAssemblies (0ms)
				RefreshPlugins (1ms)
				BeforeProcessingInitializeOnLoad (39ms)
				ProcessInitializeOnLoadAttributes (196ms)
				ProcessInitializeOnLoadMethodAttributes (91ms)
				AfterProcessingInitializeOnLoad (10ms)
				EditorAssembliesLoaded (0ms)
			ExecutionOrderSort2 (0ms)
			AwakeInstancesAfterBackupRestoration (4ms)
Platform modules already initialized, skipping
Refreshing native plugins compatible for Editor in 3.10 ms, found 3 plugins.
Preloading 0 native plugins for Editor in 0.00 ms.
Unloading 4715 Unused Serialized files (Serialized files now loaded: 0)
Unloading 44 unused Assets / (28.3 KB). Loaded Objects now: 5552.
Memory consumption went from 174.2 MB to 174.1 MB.
Total: 10.146300 ms (FindLiveObjects: 0.190200 ms CreateObjectMapping: 0.076700 ms MarkObjects: 9.856100 ms  DeleteObjects: 0.022600 ms)

AssetImportParameters requested are different than current active one (requested -> active):
  custom:video-decoder-ogg-theora: a1e56fd34408186e4bbccfd4996cb3dc -> 
  custom:container-muxer-webm: aa71ff27fc2769a1b78a27578f13a17b -> 
  custom:container-demuxer-webm: 4f35f7cbe854078d1ac9338744f61a02 -> 
  custom:video-encoder-webm-vp8: eb34c28f22e8b96e1ab97ce403110664 -> 
  custom:audio-encoder-webm-vorbis: bf7c407c2cedff20999df2af8eb42d56 -> 
  custom:framework-win-MediaFoundation: 216162199b28c13a410421893ffa2e32 -> 
  custom:container-demuxer-ogg: 62fdf1f143b41e24485cea50d1cbac27 -> 
  custom:video-decoder-webm-vp8: 9c59270c3fd7afecdb556c50c9e8de78 -> 
  custom:audio-decoder-ogg-vorbis: bf7c407c2cedff20999df2af8eb42d56 -> 
========================================================================
Received Prepare
Registering precompiled user dll's ...
Registered in 0.018745 seconds.
Begin MonoManager ReloadAssembly
Symbol file LoadedFromMemory doesn't match image F:\UnityProject\Own\Assess\Library\PackageCache\com.unity.visualscripting@1.7.8\Editor\VisualScripting.Core\Dependencies\YamlDotNet\Unity.VisualScripting.YamlDotNet.dll
Symbol file LoadedFromMemory doesn't match image F:\UnityProject\Own\Assess\Library\PackageCache\com.unity.visualscripting@1.7.8\Editor\VisualScripting.Core\Dependencies\DotNetZip\Unity.VisualScripting.IonicZip.dll
Native extension for WindowsStandalone target not found
Native extension for Android target not found
Native extension for WebGL target not found
Refreshing native plugins compatible for Editor in 0.43 ms, found 3 plugins.
Preloading 0 native plugins for Editor in 0.00 ms.
Mono: successfully reloaded assembly
- Completed reload, in  0.715 seconds
Domain Reload Profiling:
	ReloadAssembly (716ms)
		BeginReloadAssembly (81ms)
			ExecutionOrderSort (0ms)
			DisableScriptedObjects (3ms)
			BackupInstance (0ms)
			ReleaseScriptingObjects (0ms)
			CreateAndSetChildDomain (21ms)
		EndReloadAssembly (566ms)
			LoadAssemblies (58ms)
			RebuildTransferFunctionScriptingTraits (0ms)
			SetupTypeCache (138ms)
			ReleaseScriptCaches (1ms)
			RebuildScriptCaches (22ms)
			SetupLoadedEditorAssemblies (316ms)
				LogAssemblyErrors (0ms)
				InitializePlatformSupportModulesInManaged (13ms)
				SetLoadedEditorAssemblies (0ms)
				RefreshPlugins (0ms)
				BeforeProcessingInitializeOnLoad (38ms)
				ProcessInitializeOnLoadAttributes (174ms)
				ProcessInitializeOnLoadMethodAttributes (82ms)
				AfterProcessingInitializeOnLoad (8ms)
				EditorAssembliesLoaded (0ms)
			ExecutionOrderSort2 (0ms)
			AwakeInstancesAfterBackupRestoration (3ms)
Platform modules already initialized, skipping
Refreshing native plugins compatible for Editor in 2.92 ms, found 3 plugins.
Preloading 0 native plugins for Editor in 0.00 ms.
Unloading 4715 Unused Serialized files (Serialized files now loaded: 0)
Unloading 44 unused Assets / (28.4 KB). Loaded Objects now: 5555.
Memory consumption went from 174.2 MB to 174.1 MB.
Total: 9.540600 ms (FindLiveObjects: 0.181000 ms CreateObjectMapping: 0.063300 ms MarkObjects: 9.275100 ms  DeleteObjects: 0.020500 ms)

AssetImportParameters requested are different than current active one (requested -> active):
  custom:video-decoder-ogg-theora: a1e56fd34408186e4bbccfd4996cb3dc -> 
  custom:container-muxer-webm: aa71ff27fc2769a1b78a27578f13a17b -> 
  custom:container-demuxer-webm: 4f35f7cbe854078d1ac9338744f61a02 -> 
  custom:video-encoder-webm-vp8: eb34c28f22e8b96e1ab97ce403110664 -> 
  custom:audio-encoder-webm-vorbis: bf7c407c2cedff20999df2af8eb42d56 -> 
  custom:framework-win-MediaFoundation: 216162199b28c13a410421893ffa2e32 -> 
  custom:container-demuxer-ogg: 62fdf1f143b41e24485cea50d1cbac27 -> 
  custom:video-decoder-webm-vp8: 9c59270c3fd7afecdb556c50c9e8de78 -> 
  custom:audio-decoder-ogg-vorbis: bf7c407c2cedff20999df2af8eb42d56 -> 
========================================================================
Received Prepare
Registering precompiled user dll's ...
Registered in 0.021307 seconds.
Begin MonoManager ReloadAssembly
Symbol file LoadedFromMemory doesn't match image F:\UnityProject\Own\Assess\Library\PackageCache\com.unity.visualscripting@1.7.8\Editor\VisualScripting.Core\Dependencies\YamlDotNet\Unity.VisualScripting.YamlDotNet.dll
Symbol file LoadedFromMemory doesn't match image F:\UnityProject\Own\Assess\Library\PackageCache\com.unity.visualscripting@1.7.8\Editor\VisualScripting.Core\Dependencies\DotNetZip\Unity.VisualScripting.IonicZip.dll
Native extension for WindowsStandalone target not found
Native extension for Android target not found
Native extension for WebGL target not found
Refreshing native plugins compatible for Editor in 0.46 ms, found 3 plugins.
Preloading 0 native plugins for Editor in 0.00 ms.
Mono: successfully reloaded assembly
- Completed reload, in  0.719 seconds
Domain Reload Profiling:
	ReloadAssembly (720ms)
		BeginReloadAssembly (84ms)
			ExecutionOrderSort (0ms)
			DisableScriptedObjects (3ms)
			BackupInstance (0ms)
			ReleaseScriptingObjects (0ms)
			CreateAndSetChildDomain (24ms)
		EndReloadAssembly (567ms)
			LoadAssemblies (61ms)
			RebuildTransferFunctionScriptingTraits (0ms)
			SetupTypeCache (137ms)
			ReleaseScriptCaches (1ms)
			RebuildScriptCaches (22ms)
			SetupLoadedEditorAssemblies (315ms)
				LogAssemblyErrors (0ms)
				InitializePlatformSupportModulesInManaged (12ms)
				SetLoadedEditorAssemblies (0ms)
				RefreshPlugins (0ms)
				BeforeProcessingInitializeOnLoad (38ms)
				ProcessInitializeOnLoadAttributes (173ms)
				ProcessInitializeOnLoadMethodAttributes (84ms)
				AfterProcessingInitializeOnLoad (7ms)
				EditorAssembliesLoaded (0ms)
			ExecutionOrderSort2 (0ms)
			AwakeInstancesAfterBackupRestoration (3ms)
Platform modules already initialized, skipping
Refreshing native plugins compatible for Editor in 2.72 ms, found 3 plugins.
Preloading 0 native plugins for Editor in 0.00 ms.
Unloading 4715 Unused Serialized files (Serialized files now loaded: 0)
Unloading 44 unused Assets / (28.4 KB). Loaded Objects now: 5558.
Memory consumption went from 174.2 MB to 174.1 MB.
Total: 9.676700 ms (FindLiveObjects: 0.177700 ms CreateObjectMapping: 0.053200 ms MarkObjects: 9.423900 ms  DeleteObjects: 0.021000 ms)

AssetImportParameters requested are different than current active one (requested -> active):
  custom:video-decoder-ogg-theora: a1e56fd34408186e4bbccfd4996cb3dc -> 
  custom:container-muxer-webm: aa71ff27fc2769a1b78a27578f13a17b -> 
  custom:container-demuxer-webm: 4f35f7cbe854078d1ac9338744f61a02 -> 
  custom:video-encoder-webm-vp8: eb34c28f22e8b96e1ab97ce403110664 -> 
  custom:audio-encoder-webm-vorbis: bf7c407c2cedff20999df2af8eb42d56 -> 
  custom:framework-win-MediaFoundation: 216162199b28c13a410421893ffa2e32 -> 
  custom:container-demuxer-ogg: 62fdf1f143b41e24485cea50d1cbac27 -> 
  custom:video-decoder-webm-vp8: 9c59270c3fd7afecdb556c50c9e8de78 -> 
  custom:audio-decoder-ogg-vorbis: bf7c407c2cedff20999df2af8eb42d56 -> 
========================================================================
Received Prepare
Registering precompiled user dll's ...
Registered in 0.018641 seconds.
Begin MonoManager ReloadAssembly
Symbol file LoadedFromMemory doesn't match image F:\UnityProject\Own\Assess\Library\PackageCache\com.unity.visualscripting@1.7.8\Editor\VisualScripting.Core\Dependencies\YamlDotNet\Unity.VisualScripting.YamlDotNet.dll
Symbol file LoadedFromMemory doesn't match image F:\UnityProject\Own\Assess\Library\PackageCache\com.unity.visualscripting@1.7.8\Editor\VisualScripting.Core\Dependencies\DotNetZip\Unity.VisualScripting.IonicZip.dll
Native extension for WindowsStandalone target not found
Native extension for Android target not found
Native extension for WebGL target not found
Refreshing native plugins compatible for Editor in 0.46 ms, found 3 plugins.
Preloading 0 native plugins for Editor in 0.00 ms.
Mono: successfully reloaded assembly
- Completed reload, in  0.718 seconds
Domain Reload Profiling:
	ReloadAssembly (718ms)
		BeginReloadAssembly (81ms)
			ExecutionOrderSort (0ms)
			DisableScriptedObjects (3ms)
			BackupInstance (0ms)
			ReleaseScriptingObjects (0ms)
			CreateAndSetChildDomain (21ms)
		EndReloadAssembly (569ms)
			LoadAssemblies (58ms)
			RebuildTransferFunctionScriptingTraits (0ms)
			SetupTypeCache (139ms)
			ReleaseScriptCaches (1ms)
			RebuildScriptCaches (21ms)
			SetupLoadedEditorAssemblies (319ms)
				LogAssemblyErrors (0ms)
				InitializePlatformSupportModulesInManaged (13ms)
				SetLoadedEditorAssemblies (0ms)
				RefreshPlugins (0ms)
				BeforeProcessingInitializeOnLoad (38ms)
				ProcessInitializeOnLoadAttributes (170ms)
				ProcessInitializeOnLoadMethodAttributes (89ms)
				AfterProcessingInitializeOnLoad (8ms)
				EditorAssembliesLoaded (0ms)
			ExecutionOrderSort2 (0ms)
			AwakeInstancesAfterBackupRestoration (3ms)
Platform modules already initialized, skipping
Refreshing native plugins compatible for Editor in 2.71 ms, found 3 plugins.
Preloading 0 native plugins for Editor in 0.00 ms.
Unloading 4715 Unused Serialized files (Serialized files now loaded: 0)
Unloading 44 unused Assets / (28.3 KB). Loaded Objects now: 5561.
Memory consumption went from 174.2 MB to 174.2 MB.
Total: 9.696900 ms (FindLiveObjects: 0.225900 ms CreateObjectMapping: 0.064100 ms MarkObjects: 9.384400 ms  DeleteObjects: 0.021900 ms)

AssetImportParameters requested are different than current active one (requested -> active):
  custom:video-decoder-ogg-theora: a1e56fd34408186e4bbccfd4996cb3dc -> 
  custom:container-muxer-webm: aa71ff27fc2769a1b78a27578f13a17b -> 
  custom:container-demuxer-webm: 4f35f7cbe854078d1ac9338744f61a02 -> 
  custom:video-encoder-webm-vp8: eb34c28f22e8b96e1ab97ce403110664 -> 
  custom:audio-encoder-webm-vorbis: bf7c407c2cedff20999df2af8eb42d56 -> 
  custom:framework-win-MediaFoundation: 216162199b28c13a410421893ffa2e32 -> 
  custom:container-demuxer-ogg: 62fdf1f143b41e24485cea50d1cbac27 -> 
  custom:video-decoder-webm-vp8: 9c59270c3fd7afecdb556c50c9e8de78 -> 
  custom:audio-decoder-ogg-vorbis: bf7c407c2cedff20999df2af8eb42d56 -> 
========================================================================
Received Prepare
Registering precompiled user dll's ...
Registered in 0.019334 seconds.
Begin MonoManager ReloadAssembly
Symbol file LoadedFromMemory doesn't match image F:\UnityProject\Own\Assess\Library\PackageCache\com.unity.visualscripting@1.7.8\Editor\VisualScripting.Core\Dependencies\YamlDotNet\Unity.VisualScripting.YamlDotNet.dll
Symbol file LoadedFromMemory doesn't match image F:\UnityProject\Own\Assess\Library\PackageCache\com.unity.visualscripting@1.7.8\Editor\VisualScripting.Core\Dependencies\DotNetZip\Unity.VisualScripting.IonicZip.dll
Native extension for WindowsStandalone target not found
Native extension for Android target not found
Native extension for WebGL target not found
Refreshing native plugins compatible for Editor in 0.48 ms, found 3 plugins.
Preloading 0 native plugins for Editor in 0.00 ms.
Mono: successfully reloaded assembly
- Completed reload, in  0.722 seconds
Domain Reload Profiling:
	ReloadAssembly (723ms)
		BeginReloadAssembly (83ms)
			ExecutionOrderSort (0ms)
			DisableScriptedObjects (3ms)
			BackupInstance (0ms)
			ReleaseScriptingObjects (0ms)
			CreateAndSetChildDomain (22ms)
		EndReloadAssembly (569ms)
			LoadAssemblies (57ms)
			RebuildTransferFunctionScriptingTraits (0ms)
			SetupTypeCache (138ms)
			ReleaseScriptCaches (1ms)
			RebuildScriptCaches (22ms)
			SetupLoadedEditorAssemblies (321ms)
				LogAssemblyErrors (0ms)
				InitializePlatformSupportModulesInManaged (12ms)
				SetLoadedEditorAssemblies (0ms)
				RefreshPlugins (1ms)
				BeforeProcessingInitializeOnLoad (38ms)
				ProcessInitializeOnLoadAttributes (175ms)
				ProcessInitializeOnLoadMethodAttributes (87ms)
				AfterProcessingInitializeOnLoad (8ms)
				EditorAssembliesLoaded (0ms)
			ExecutionOrderSort2 (0ms)
			AwakeInstancesAfterBackupRestoration (4ms)
Platform modules already initialized, skipping
Refreshing native plugins compatible for Editor in 2.71 ms, found 3 plugins.
Preloading 0 native plugins for Editor in 0.00 ms.
Unloading 4715 Unused Serialized files (Serialized files now loaded: 0)
Unloading 44 unused Assets / (28.3 KB). Loaded Objects now: 5564.
Memory consumption went from 174.2 MB to 174.2 MB.
Total: 9.575500 ms (FindLiveObjects: 0.180700 ms CreateObjectMapping: 0.061100 ms MarkObjects: 9.315500 ms  DeleteObjects: 0.017400 ms)

AssetImportParameters requested are different than current active one (requested -> active):
  custom:video-decoder-ogg-theora: a1e56fd34408186e4bbccfd4996cb3dc -> 
  custom:container-muxer-webm: aa71ff27fc2769a1b78a27578f13a17b -> 
  custom:container-demuxer-webm: 4f35f7cbe854078d1ac9338744f61a02 -> 
  custom:video-encoder-webm-vp8: eb34c28f22e8b96e1ab97ce403110664 -> 
  custom:audio-encoder-webm-vorbis: bf7c407c2cedff20999df2af8eb42d56 -> 
  custom:framework-win-MediaFoundation: 216162199b28c13a410421893ffa2e32 -> 
  custom:container-demuxer-ogg: 62fdf1f143b41e24485cea50d1cbac27 -> 
  custom:video-decoder-webm-vp8: 9c59270c3fd7afecdb556c50c9e8de78 -> 
  custom:audio-decoder-ogg-vorbis: bf7c407c2cedff20999df2af8eb42d56 -> 
========================================================================
Received Prepare
Registering precompiled user dll's ...
Registered in 0.019685 seconds.
Begin MonoManager ReloadAssembly
Symbol file LoadedFromMemory doesn't match image F:\UnityProject\Own\Assess\Library\PackageCache\com.unity.visualscripting@1.7.8\Editor\VisualScripting.Core\Dependencies\YamlDotNet\Unity.VisualScripting.YamlDotNet.dll
Symbol file LoadedFromMemory doesn't match image F:\UnityProject\Own\Assess\Library\PackageCache\com.unity.visualscripting@1.7.8\Editor\VisualScripting.Core\Dependencies\DotNetZip\Unity.VisualScripting.IonicZip.dll
Native extension for WindowsStandalone target not found
Native extension for Android target not found
Native extension for WebGL target not found
Refreshing native plugins compatible for Editor in 0.45 ms, found 3 plugins.
Preloading 0 native plugins for Editor in 0.00 ms.
Mono: successfully reloaded assembly
- Completed reload, in  0.725 seconds
Domain Reload Profiling:
	ReloadAssembly (725ms)
		BeginReloadAssembly (88ms)
			ExecutionOrderSort (0ms)
			DisableScriptedObjects (3ms)
			BackupInstance (0ms)
			ReleaseScriptingObjects (0ms)
			CreateAndSetChildDomain (24ms)
		EndReloadAssembly (570ms)
			LoadAssemblies (61ms)
			RebuildTransferFunctionScriptingTraits (0ms)
			SetupTypeCache (139ms)
			ReleaseScriptCaches (1ms)
			RebuildScriptCaches (22ms)
			SetupLoadedEditorAssemblies (317ms)
				LogAssemblyErrors (0ms)
				InitializePlatformSupportModulesInManaged (13ms)
				SetLoadedEditorAssemblies (0ms)
				RefreshPlugins (0ms)
				BeforeProcessingInitializeOnLoad (38ms)
				ProcessInitializeOnLoadAttributes (171ms)
				ProcessInitializeOnLoadMethodAttributes (87ms)
				AfterProcessingInitializeOnLoad (7ms)
				EditorAssembliesLoaded (0ms)
			ExecutionOrderSort2 (0ms)
			AwakeInstancesAfterBackupRestoration (4ms)
Platform modules already initialized, skipping
Refreshing native plugins compatible for Editor in 3.15 ms, found 3 plugins.
Preloading 0 native plugins for Editor in 0.00 ms.
Unloading 4715 Unused Serialized files (Serialized files now loaded: 0)
Unloading 44 unused Assets / (28.3 KB). Loaded Objects now: 5567.
Memory consumption went from 174.2 MB to 174.2 MB.
Total: 9.487100 ms (FindLiveObjects: 0.187700 ms CreateObjectMapping: 0.084600 ms MarkObjects: 9.196700 ms  DeleteObjects: 0.017500 ms)

AssetImportParameters requested are different than current active one (requested -> active):
  custom:video-decoder-ogg-theora: a1e56fd34408186e4bbccfd4996cb3dc -> 
  custom:container-muxer-webm: aa71ff27fc2769a1b78a27578f13a17b -> 
  custom:container-demuxer-webm: 4f35f7cbe854078d1ac9338744f61a02 -> 
  custom:video-encoder-webm-vp8: eb34c28f22e8b96e1ab97ce403110664 -> 
  custom:audio-encoder-webm-vorbis: bf7c407c2cedff20999df2af8eb42d56 -> 
  custom:framework-win-MediaFoundation: 216162199b28c13a410421893ffa2e32 -> 
  custom:container-demuxer-ogg: 62fdf1f143b41e24485cea50d1cbac27 -> 
  custom:video-decoder-webm-vp8: 9c59270c3fd7afecdb556c50c9e8de78 -> 
  custom:audio-decoder-ogg-vorbis: bf7c407c2cedff20999df2af8eb42d56 -> 
